hs4,year,month,pred_exposure,notif_count
0101,2021,3,0.015037527489871156,1
0101,2021,5,0.054302557054167505,1
0101,2021,6,0.2050921129553933,2
0101,2021,7,0.11168299039691289,1
0101,2021,8,0.10973468198019085,2
0101,2021,12,0.062340394711994165,1
0101,2022,2,0.03322780751836003,1
0101,2022,3,0.054454233463304,2
0101,2022,4,0.033669559124583553,1
0101,2022,5,0.03972973578043647,1
0101,2022,6,0.05034126021796652,1
0101,2022,7,0.026548863950622073,1
0101,2022,8,0.026665980112216593,1
0101,2022,9,0.041047696923930094,1
0101,2022,10,0.03426782708467241,1
0101,2022,11,0.031770611112428515,1
0101,2023,1,0.028278331350745516,1
0101,2023,4,0.05973496765468234,1
0101,2023,5,0.021588134405733456,1
0101,2023,7,0.06084280734486666,1
0101,2023,9,0.039246054972061406,1
0101,2023,10,0.033871674057105935,1
0101,2023,11,0.02851916308076969,2
0101,2023,12,0.022765087874888693,1
0101,2024,1,0.057220955301074836,2
0101,2024,2,0.03214037852268698,1
0101,2024,8,0.05489849756940205,1
0101,2025,4,0.07365364759436929,1
0102,2021,3,0.018921607122789303,1
0102,2021,4,0.056724724577271554,1
0102,2021,5,0.06832849689112103,1
0102,2021,6,0.25806585477157645,2
0102,2021,7,0.14052986224045416,1
0102,2021,8,0.1380783204933106,2
0102,2021,12,0.07844244723173384,1
0102,2022,2,0.04181029892298205,1
0102,2022,3,0.06851935016972081,2
0102,2022,4,0.042366151628451934,1
0102,2022,5,0.04999162608587089,1
0102,2022,6,0.06334402703849198,1
0102,2022,7,0.03340623473961536,1
0102,2022,8,0.0335536011200867,1
0102,2022,9,0.05165000662596208,1
0102,2022,10,0.04311894767837297,1
0102,2022,11,0.039976719705098744,1
0102,2023,1,0.03558241049050591,1
0102,2023,4,0.07516405806843918,1
0102,2023,5,0.027164186267616183,1
0102,2023,7,0.07655804437282464,1
0102,2023,9,0.04938301418241333,1
0102,2023,10,0.042620471319598875,1
0102,2023,11,0.0358854472351628,2
0102,2023,12,0.028645137917424283,1
0102,2024,1,0.07200069533551373,2
0102,2024,2,0.04044199524114911,1
0102,2024,3,0.09335729188591833,1
0102,2024,8,0.06907836433478262,1
0102,2025,4,0.09267782777984947,1
0103,2021,3,0.01380060542739759,1
0103,2021,5,0.04983586324999845,1
0103,2021,6,0.18822212156054996,2
0103,2021,7,0.10249642997878469,1
0103,2021,8,0.10070838099744985,2
0103,2021,12,0.05721254309845495,1
0103,2022,2,0.03049463158669383,1
0103,2022,3,0.049975063412827564,2
0103,2022,4,0.03090004661376636,1
0103,2022,5,0.03646173931252188,1
0103,2022,6,0.04620040558223815,1
0103,2022,7,0.02436506906969814,1
0103,2022,8,0.024472551761678316,1
0103,2022,9,0.03767129066478034,1
0103,2022,10,0.03144910363544773,1
0103,2022,11,0.029157297863312222,1
0103,2023,1,0.025952277951259775,1
0103,2023,4,0.05482142721773285,1
0103,2023,5,0.019812387711199884,1
0103,2023,7,0.05583814079989204,1
0103,2023,9,0.03601784399836967,1
0103,2023,10,0.03108553644489753,1
0103,2023,11,0.026173299903352622,2
0103,2023,12,0.020892530071382354,1
0103,2024,1,0.05251420666201916,2
0103,2024,2,0.029496649803471598,1
0103,2024,8,0.05038278427238671,1
0103,2025,4,0.06759521666199073,1
0201,2021,2,0.01695050456871744,1
0201,2021,5,0.023754369083721742,1
0201,2021,9,0.018323811949001286,1
0201,2021,12,0.04485729209132557,1
0201,2022,2,0.03420215773230604,1
0201,2022,4,0.014728572238941506,1
0201,2022,5,0.0173795647668272,1
0201,2022,8,0.029480215377173567,2
0201,2022,10,0.014990281423662585,1
0201,2023,1,0.06495645716438939,2
0201,2023,3,0.02637105052811652,1
0201,2023,8,0.04427038323066065,1
0201,2023,9,0.04881998474355851,1
0201,2023,11,0.007301211496057907,1
0201,2023,12,0.009958468420999757,1
0201,2024,1,0.0074844944388685565,1
0201,2024,2,0.013820213529559613,1
0201,2024,3,0.021148549844812497,1
0201,2024,4,0.01406850869856839,1
0201,2024,9,0.01035106455555723,1
0201,2024,11,0.01180427378892226,1
0201,2024,12,0.013155530444279428,1
0201,2025,1,0.018555503367992096,1
0201,2025,7,0.040599213805115816,2
0201,2025,12,0.018396697426078818,1
0202,2021,2,0.017616886497608043,1
0202,2021,5,0.02468823404481579,1
0202,2021,9,0.019044183257224123,1
0202,2021,12,0.04662078465919834,1
0202,2022,2,0.03554676076459201,1
0202,2022,4,0.015307602458284003,1
0202,2022,5,0.018062814509962947,1
0202,2022,8,0.030639182811299792,2
0202,2022,10,0.015579600320289926,1
0202,2023,1,0.0675101162040731,2
0202,2023,3,0.027407786127729858,1
0202,2023,8,0.04601080241702626,1
0202,2023,9,0.05073926422399724,1
0202,2023,11,0.007588246927968324,1
0202,2023,12,0.010349969651436822,1
0202,2024,1,0.007778735346018235,1
0202,2024,2,0.014363533081622056,1
0202,2024,3,0.021979971197592416,1
0202,2024,4,0.014621589577379983,1
0202,2024,9,0.010758000074003885,1
0202,2024,11,0.01226833990003567,1
0202,2024,12,0.013672719045804419,1
0202,2025,1,0.019284983253134786,1
0202,2025,7,0.04219530684749197,2
0202,2025,12,0.01911993411005529,1
0203,2021,2,0.014121255754273102,1
0203,2021,5,0.01978947114835142,1
0203,2021,9,0.0152653411511178,1
0203,2021,12,0.037370055357217595,1
0203,2022,2,0.028493394679072224,1
0203,2022,4,0.012270191405701444,1
0203,2022,5,0.01447870049976279,1
0203,2022,8,0.024559602892318018,2
0203,2022,10,0.012488218091320532,1
0203,2023,1,0.05411442124281452,2
0203,2023,3,0.02196939610303112,1
0203,2023,8,0.03688110884283513,1
0203,2023,9,0.04067132560500906,1
0203,2023,11,0.006082549014036451,1
0203,2023,12,0.008296276899822708,1
0203,2024,1,0.006235239767301786,1
0203,2024,2,0.011513448997249723,1
0203,2024,3,0.01761859536274482,1
0203,2024,4,0.011720300632250265,1
0203,2024,9,0.008623343884864357,1
0203,2024,11,0.009833994527482452,1
0203,2024,12,0.010959709738059575,1
0203,2025,1,0.015458360407292501,1
0203,2025,7,0.033822702990359145,2
0203,2025,12,0.015326061140803744,1
0204,2021,2,0.012939339790184046,1
0204,2021,5,0.018133138859062016,1
0204,2021,9,0.013987667924477733,1
0204,2021,12,0.03424226943122288,1
0204,2022,2,0.026108564418343107,1
0204,2022,4,0.011243205183145533,1
0204,2022,5,0.01326686724939796,1
0204,2022,8,0.022504021771543065,2
0204,2022,10,0.011442983546886259,1
0204,2023,1,0.04958517119117032,2
0204,2023,3,0.020130609211312156,1
0204,2023,8,0.033794246592538275,1
0204,2023,9,0.03726723110734527,1
0204,2023,11,0.0055734539372853335,1
0204,2023,12,0.0076018979946437856,1
0204,2024,1,0.005713364832867087,1
0204,2024,2,0.010549800338209127,1
0204,2024,3,0.016143960281671935,1
0204,2024,4,0.010739338976840271,1
0204,2024,9,0.007901590240662651,1
0204,2024,11,0.009010912265886928,1
0204,2024,12,0.010042407755388864,1
0204,2025,1,0.014164531921926207,1
0204,2025,7,0.030991822131845446,2
0204,2025,12,0.014043305793536591,1
0205,2021,2,0.015361593013303265,1
0205,2021,5,0.02152767480593868,1
0205,2021,9,0.016606168888467453,1
0205,2021,12,0.04065244559489534,1
0205,2022,2,0.030996105462850122,1
0205,2022,4,0.013347940852404712,1
0205,2022,5,0.015750433835996728,1
0205,2022,8,0.026716789977121652,2
0205,2022,10,0.013585117861928555,1
0205,2023,1,0.05886754901603013,2
0205,2023,3,0.023899072968825145,1
0205,2023,8,0.04012055257561171,1
0205,2023,9,0.04424368215741943,1
0205,2023,11,0.006616808311033013,1
0205,2023,12,0.009024978477723634,1
0205,2024,1,0.006782910621576254,1
0205,2024,2,0.012524730148142482,1
0205,2024,3,0.01916612064381451,1
0205,2024,4,0.012749750549040833,1
0205,2024,9,0.009380773316350335,1
0205,2024,11,0.010697761180376918,1
0205,2024,12,0.01192235332817779,1
0205,2025,1,0.016816141946719657,1
0205,2025,7,0.036793512346839974,2
0205,2025,12,0.016672222204515155,1
0206,2021,3,0.012971751584574536,1
0206,2021,5,0.04684275928927208,1
0206,2021,6,0.17691764440695681,2
0206,2021,7,0.0963405725194515,1
0206,2021,8,0.09465991239704258,2
0206,2021,12,0.05377640136870939,1
0206,2022,2,0.028663147257323312,1
0206,2022,3,0.04697359919642333,2
0206,2022,4,0.029044213366886742,1
0206,2022,5,0.034271875041408155,1
0206,2022,6,0.04342564443800604,1
0206,2022,7,0.022901721593001485,1
0206,2022,8,0.023002748956427174,1
0206,2022,9,0.03540878166139849,1
0206,2022,10,0.029560294442350123,1
0206,2022,11,0.027406132778020748,1
0206,2023,1,0.024393603918944518,1
0206,2023,4,0.05152889408521863,1
0206,2023,5,0.018622470806733696,1
0206,2023,7,0.05248454462459637,1
0206,2023,9,0.03385463974147647,1
0206,2023,10,0.029218562820144893,1
0206,2023,11,0.024601351461062806,2
0206,2023,12,0.019637740640073547,1
0206,2024,1,0.049360243437463265,2
0206,2024,2,0.02772510349931619,1
0206,2024,8,0.0473568326519318,1
0206,2025,4,0.0635354994719375,1
0208,2021,2,0.009377068614722582,1
0208,2021,5,0.013140986328429848,1
0208,2021,9,0.010136786266891618,1
0208,2021,12,0.02481518494660595,1
0208,2022,2,0.018920733511336715,1
0208,2022,4,0.008147889162918462,1
0208,2022,5,0.009614425968965997,1
0208,2022,8,0.01630854121468037,2
0208,2022,10,0.008292667447970912,1
0208,2023,1,0.03593410174490487,2
0208,2023,3,0.014588542142918373,1
0208,2023,8,0.024490505251394963,1
0208,2023,9,0.027007358090974886,1
0208,2023,11,0.004039051515639727,1
0208,2023,12,0.005509053804427749,1
0208,2024,1,0.004140444174700482,1
0208,2024,2,0.007645382472918533,1
0208,2024,3,0.011699439517728328,1
0208,2024,4,0.007782740085316473,1
0208,2024,9,0.005726239132256539,1
0208,2024,11,0.006530158722825008,1
0208,2024,12,0.00727767784958711,1
0208,2025,1,0.010264958636304668,1
0208,2025,7,0.022459603607137286,2
0208,2025,12,0.010177106725601391,1
0209,2021,2,0.015881057714247453,1
0209,2021,5,0.02225565055333716,1
0209,2021,9,0.017167719929951628,1
0209,2021,12,0.04202714094552169,1
0209,2022,2,0.032044263856367654,1
0209,2022,4,0.013799312275740197,1
0209,2022,5,0.016283047504076057,1
0209,2022,8,0.02762023985394337,2
0209,2022,10,0.01404450961780484,1
0209,2023,1,0.06085820283158476,2
0209,2023,3,0.024707239464438122,1
0209,2023,8,0.04147726153329319,1
0209,2023,9,0.045739818079043586,1
0209,2023,11,0.006840561039511051,1
0209,2023,12,0.009330165429486935,1
0209,2024,1,0.007012280234123395,1
0209,2024,2,0.012948264035231999,1
0209,2024,3,0.019814238525851697,1
0209,2024,4,0.013180893683111298,1
0209,2024,9,0.00969799175855116,1
0209,2024,11,0.011059514633129139,1
0209,2024,12,0.012325517355554995,1
0209,2025,1,0.017384793397114347,1
0209,2025,7,0.03803771474638185,2
0209,2025,12,0.017236006892342996,1
0210,2021,2,0.00760098699296315,1
0210,2021,5,0.01065199267074542,1
0210,2021,9,0.008216808869684287,1
0210,2021,12,0.020115017363846716,1
0210,2022,2,0.015337015780303869,1
0210,2022,4,0.006604622626970175,1
0210,2022,5,0.0077933872233993135,1
0210,2022,8,0.013219590763403654,2
0210,2022,10,0.006721978903943494,1
0210,2023,1,0.029127934452564203,2
0210,2023,3,0.01182537140663739,1
0210,2023,8,0.019851834247504446,1
0210,2023,9,0.021891977759605146,1
0210,2023,11,0.0032740272355566997,1
0210,2023,12,0.004465600928337488,1
0210,2024,1,0.0033562154240373426,1
0210,2024,2,0.006197294178016575,1
0210,2024,3,0.009483484791781379,1
0210,2024,4,0.006308635309037201,1
0210,2024,9,0.004641649853616457,1
0210,2024,11,0.0052933015160246,1
0210,2024,12,0.005899235352382479,1
0210,2025,1,0.008320704506241353,1
0210,2025,7,0.018205599414824088,2
0210,2025,12,0.008249492354768542,1
0401,2021,6,0.03738043770120633,1
0401,2022,3,0.04934878421776624,1
0401,2022,12,0.04461749092035622,1
0401,2023,1,0.05148157047871239,1
0401,2023,4,0.06600603959925133,1
0401,2023,5,0.0686745889496628,1
0401,2025,7,0.032404275386087145,1
0402,2021,6,0.03405796571778765,1
0402,2022,3,0.04496253400074401,1
0402,2022,12,0.04065177054173859,1
0402,2023,1,0.0469057525884795,1
0402,2023,4,0.06013924855047078,1
0402,2023,5,0.0625706101899201,1
0402,2025,7,0.029524097845796234,1
0403,2021,6,0.03430430232177565,1
0403,2022,3,0.04528774185444308,1
0403,2022,12,0.04094579923342058,1
0403,2023,1,0.0472450154762248,1
0403,2023,4,0.0605742275030327,1
0403,2023,5,0.0630231748484015,1
0403,2025,7,0.029737641604087834,1
0404,2021,6,0.03602268917909084,1
0404,2022,3,0.04755631620614353,1
0404,2022,12,0.04299687500243026,1
0404,2023,1,0.04961163447656118,1
0404,2023,4,0.06360853951022248,1
0404,2023,5,0.06618016065006363,1
0404,2025,7,0.031227273196670215,1
0405,2021,6,0.04291316738035703,1
0405,2022,3,0.05665296522426173,1
0405,2022,12,0.05122138673873839,1
0405,2023,1,0.05910142809497751,1
0405,2023,4,0.07577568374341792,1
0405,2023,5,0.07883920873080069,1
0405,2025,7,0.03720047647910407,1
0406,2021,6,0.017034873103160018,1
0406,2022,3,0.02248904316381893,1
0406,2022,12,0.020332915898016203,1
0406,2023,1,0.02346098853272531,1
0406,2023,4,0.030080025215411407,1
0406,2023,5,0.03129612653335591,1
0406,2025,7,0.014767155045486053,1
0409,2021,7,0.02876468372212029,1
0409,2021,10,0.03134324971432388,1
0409,2021,11,0.03909305964345872,1
0409,2022,6,0.033743201560526494,1
0602,2021,3,0.014179002318806437,2
0602,2021,4,0.01141671061012537,1
0602,2021,6,0.045654816849437035,3
0602,2021,8,0.03573263759417068,3
0602,2021,11,0.00918498622078948,1
0602,2022,2,0.01520212308583216,1
0602,2022,6,0.004449710656762064,1
0602,2022,10,0.011117609940896188,1
0602,2023,1,0.005053061241959599,1
0602,2023,3,0.00540043423371484,1
0602,2023,6,0.007188138330801371,1
0602,2023,8,0.011826429471242746,1
0602,2023,10,0.016018649530939788,2
0602,2024,6,0.0052733361045282584,1
0602,2024,7,0.005650002811852882,1
0602,2024,9,0.009183555893776512,1
0602,2025,1,0.009518849177955905,2
0602,2025,7,0.0080176532597729,2
0602,2025,8,0.00980623205702945,2
0602,2025,9,0.05735368326890368,4
0602,2025,11,0.0033404035126662506,1
0701,2021,3,0.01825508260287908,2
0701,2021,4,0.014698706619475924,1
0701,2021,6,0.058779343854141186,3
0701,2021,8,0.04600480599647987,3
0701,2021,11,0.011825421732559002,1
0701,2022,2,0.01957232296259064,1
0701,2022,6,0.005728882312852361,1
0701,2022,10,0.014313622584606061,1
0701,2023,1,0.006505679898721124,1
0701,2023,3,0.006952913245321984,1
0701,2023,6,0.009254533996066534,1
0701,2023,8,0.01522620858932431,1
0701,2023,10,0.020623578711600886,2
0701,2024,6,0.006789277836087651,1
0701,2024,7,0.00727422605045146,1
0701,2024,9,0.011823580225153632,1
0701,2025,1,0.01225526127444488,2
0701,2025,7,0.010322512067317133,2
0701,2025,8,0.012625258970910623,2
0701,2025,9,0.0738413184589517,4
0701,2025,11,0.0043006793199962595,1
0702,2021,3,0.023576215404646945,2
0702,2021,4,0.018983199417340363,1
0702,2021,6,0.0759128020505634,3
0702,2021,8,0.05941464300199569,3
0702,2021,11,0.015272387207584254,1
0702,2022,2,0.025277415182036966,1
0702,2022,6,0.007398781280473504,1
0702,2022,10,0.018485868106796165,1
0702,2023,1,0.008402005840375705,1
0702,2023,3,0.00897960222517322,1
0702,2023,6,0.01195211721071487,1
0702,2023,8,0.01966446174510215,1
0702,2023,10,0.02663509909523549,2
0702,2024,6,0.008768269100045224,1
0702,2024,7,0.009394573774236996,1
0702,2024,9,0.015270008923344038,1
0702,2025,1,0.015827519706811507,2
0702,2025,7,0.013331397798098926,2
0702,2025,8,0.01630536719624022,2
0702,2025,9,0.09536515761790165,4
0702,2025,11,0.005554274622594759,1
0703,2021,3,0.01572349839919628,2
0703,2021,4,0.012660314665743303,1
0703,2021,6,0.050627923143477575,3
0703,2021,8,0.03962493674648743,3
0703,2021,11,0.010185492102478216,1
0703,2022,2,0.01685806607757068,1
0703,2022,6,0.004934410532938997,1
0703,2022,10,0.01232863343824355,1
0703,2023,1,0.005603483133902233,1
0703,2023,3,0.005988694910935592,1
0703,2023,6,0.00797113076056474,1
0703,2023,8,0.0131146635481294,1
0703,2023,10,0.017763535444447257,2
0703,2024,6,0.005847752185497469,1
0703,2024,7,0.006265448595758568,1
0703,2024,9,0.010183905972227791,1
0703,2025,1,0.010555722218428935,2
0703,2025,7,0.00889100342611144,2
0703,2025,8,0.010874409255603332,2
0703,2025,9,0.06360112840030407,4
0703,2025,11,0.003704268333069763,1
0704,2021,3,0.01358234672576179,2
0704,2021,4,0.010936292870813167,1
0704,2021,6,0.043733651931753416,3
0704,2021,8,0.03422900020167789,3
0704,2021,11,0.008798479943588068,1
0704,2022,2,0.01456241434177728,1
0704,2022,6,0.004262465835787175,1
0704,2022,10,0.010649778424730466,1
0704,2023,1,0.0048404272932357564,1
0704,2023,3,0.005173182751701754,1
0704,2023,6,0.006885659860016249,1
0704,2023,8,0.011328770670495822,1
0704,2023,10,0.015344581171208974,2
0704,2024,6,0.005051432940255702,1
0704,2024,7,0.005412249428179426,1
0704,2024,9,0.008797109805056135,1
0704,2025,1,0.009118293872746396,2
0704,2025,7,0.00768026861500201,2
0704,2025,8,0.009393583615907477,2
0704,2025,9,0.054940227432260354,4
0704,2025,11,0.0031998385847506403,1
0706,2021,3,0.014683397634028535,2
0706,2021,4,0.011822841818620608,1
0706,2021,6,0.04727891389226179,3
0706,2021,8,0.03700376898958087,3
0706,2021,11,0.009511727405816362,1
0706,2022,2,0.015742914284924716,1
0706,2022,6,0.004608001991998517,1
0706,2022,10,0.011513101121768406,1
0706,2023,1,0.0052328158086539164,1
0706,2023,3,0.0055925460386503575,1
0706,2023,6,0.007443844847924629,1
0706,2023,8,0.01224713577250256,1
0706,2023,10,0.016588487351536944,2
0706,2024,6,0.00546092659692755,1
0706,2024,7,0.005850992619542692,1
0706,2024,9,0.009510246197209023,1
0706,2025,1,0.009857467003365136,2
0706,2025,7,0.008302868442927273,2
0706,2025,8,0.010155073068430227,2
0706,2025,9,0.05939394876157497,4
0706,2025,11,0.003459233021601836,1
0707,2021,3,0.01778397696588923,2
0707,2021,4,0.014319379738544528,1
0707,2021,6,0.0572624358877054,3
0707,2021,8,0.044817568233439124,3
0707,2021,11,0.011520245198484476,1
0707,2022,2,0.019067223540295605,1
0707,2022,6,0.005581038076266406,1
0707,2022,10,0.013944233498177626,1
0707,2023,1,0.006337788986397577,1
0707,2023,3,0.0067734806623734965,1
0707,2023,6,0.009015703899917116,1
0707,2023,8,0.014833268559829037,1
0707,2023,10,0.02009134972106174,2
0707,2024,6,0.006614068162746228,1
0707,2024,7,0.007086501405668662,1
0707,2024,9,0.011518451214529867,1
0707,2025,1,0.011938991948538688,2
0707,2025,7,0.010056120852957911,2
0707,2025,8,0.012299441180926225,2
0707,2025,9,0.07193570881995238,4
0707,2025,11,0.004189692461453292,1
0708,2021,3,0.013510331183474843,2
0708,2021,4,0.010878307083997207,1
0708,2021,6,0.04350176986279695,3
0708,2021,8,0.034047513153729954,3
0708,2021,11,0.008751829146252988,1
0708,2022,2,0.014485202341008578,1
0708,2022,6,0.004239865633123995,1
0708,2022,10,0.010593311778430084,1
0708,2023,1,0.0048147626563757855,1
0708,2023,3,0.0051457537978740146,1
0708,2023,6,0.0068491511079695954,1
0708,2023,8,0.01126870391032891,1
0708,2023,10,0.01526322201019487,2
0708,2024,6,0.005024649521317599,1
0708,2024,7,0.005383552908687453,1
0708,2024,9,0.008750466272391247,1
0708,2025,1,0.009069947376280356,2
0708,2025,7,0.007639546733843601,2
0708,2025,8,0.00934377749390396,2
0708,2025,9,0.05464892649938122,4
0708,2025,11,0.003182872583545971,1
0709,2021,3,0.014347722101318041,2
0709,2021,4,0.011552561136687694,1
0709,2021,6,0.04619807585992661,3
0709,2021,8,0.03615782991080202,3
0709,2021,11,0.009294280855397744,1
0709,2022,2,0.015383017258996535,1
0709,2022,6,0.0045026589670428725,1
0709,2022,10,0.011249901387720265,1
0709,2023,1,0.005113188983996177,1
0709,2023,3,0.005464695460907959,1
0709,2023,6,0.007273671932430559,1
0709,2023,8,0.011967155353319112,1
0709,2023,10,0.01620925977305852,2
0709,2024,6,0.005336084956715588,1
0709,2024,7,0.0057172337230391645,1
0709,2024,9,0.009292833508536897,1
0709,2025,1,0.009632116538166102,2
0709,2025,7,0.008113057483837956,2
0709,2025,8,0.00992291906382441,2
0709,2025,9,0.05803615025422422,4
0709,2025,11,0.0033801518772892344,1
0803,2021,3,0.02293929642060093,2
0803,2021,4,0.01847036222615775,1
0803,2021,6,0.07386199347385683,3
0803,2021,8,0.05780953745775176,3
0803,2021,11,0.014859798792638965,1
0803,2022,2,0.024594537743027858,1
0803,2022,6,0.0071989008426908965,1
0803,2022,10,0.01798646647970259,1
0803,2023,1,0.008175022970905228,1
0803,2023,3,0.008737015405014316,1
0803,2023,6,0.011629226949475274,1
0803,2023,8,0.019133220034694566,1
0803,2023,10,0.025915543391975385,2
0803,2024,6,0.008531391511713463,1
0803,2024,7,0.009140776365232452,1
0803,2024,9,0.014857484758506583,1
0803,2025,1,0.015399934210216334,2
0803,2025,7,0.012971245831562138,2
0803,2025,8,0.01586487249720215,2
0803,2025,9,0.09278883744687835,4
0803,2025,11,0.0054042241208913195,1
0804,2021,3,0.023611529121559893,2
0804,2021,4,0.01901163346915149,1
0804,2021,6,0.07602650830730018,3
0804,2021,8,0.0595036374333514,3
0804,2021,11,0.015295263006315176,1
0804,2022,2,0.02531527704700167,1
0804,2022,6,0.007409863570958005,1
0804,2022,10,0.018513557229159917,1
0804,2023,1,0.008414590814285024,1
0804,2023,3,0.008993052353852829,1
0804,2023,6,0.011970019731388582,1
0804,2023,8,0.019693916228079734,1
0804,2023,10,0.026674994571810242,2
0804,2024,6,0.008781402682662327,1
0804,2024,7,0.00940864546950645,1
0804,2024,9,0.015292881159753571,1
0804,2025,1,0.015851227012702945,2
0804,2025,7,0.013351366279036846,2
0804,2025,8,0.016329790247669253,2
0804,2025,9,0.0955080006536339,4
0804,2025,11,0.005562594112314065,1
0806,2021,1,0.05203933157575489,2
0806,2021,3,0.027380533380018855,2
0806,2021,4,0.02204637667178736,1
0806,2021,6,0.08816228452453524,3
0806,2021,7,0.07354141589005614,2
0806,2021,8,0.10608217359223299,4
0806,2021,11,0.017736778382479987,1
0806,2021,12,0.03531624443168734,1
0806,2022,2,0.06432150843046518,2
0806,2022,3,0.03574166672966155,1
0806,2022,4,0.011459841179978334,1
0806,2022,5,0.0205786121625681,1
0806,2022,6,0.023679266476423495,2
0806,2022,7,0.022132092726251988,1
0806,2022,8,0.04610230768607654,2
0806,2022,9,0.05316198400762043,2
0806,2022,10,0.021468794718298764,1
0806,2023,1,0.04887750066927435,2
0806,2023,3,0.010428573638548702,1
0806,2023,6,0.013880741189078774,1
0806,2023,8,0.02283756921841443,1
0806,2023,10,0.03093300630912378,2
0806,2024,2,0.022414453949753815,1
0806,2024,6,0.010183139263796158,1
0806,2024,7,0.010910506050341108,1
0806,2024,9,0.03467005756561693,2
0806,2024,12,0.014479409170782278,1
0806,2025,1,0.06537416640323679,5
0806,2025,3,0.0075065166467993836,1
0806,2025,7,0.01942490402113258,2
0806,2025,8,0.039310683487419416,2
0806,2025,9,0.13258839628078334,5
0806,2025,11,0.013390825797616818,1
0807,2021,3,0.021622172014605777,2
0807,2021,4,0.017409834281900686,1
0807,2021,6,0.06962099878526198,3
0807,2021,8,0.054490239808477954,3
0807,2021,11,0.014006581531782396,1
0807,2022,2,0.02318237298777325,1
0807,2022,6,0.006785555645767946,1
0807,2022,10,0.016953722774592502,1
0807,2023,1,0.007705630968765165,1
0807,2023,3,0.008235355022128063,1
0807,2023,6,0.010961502083064173,1
0807,2023,8,0.01803463223972019,1
0807,2023,10,0.024427529371390925,2
0807,2024,6,0.008041537604638691,1
0807,2024,7,0.008615932907977197,1
0807,2024,9,0.014004400364446631,1
0807,2025,1,0.014515703550867096,2
0807,2025,7,0.01222646516577109,2
0807,2025,8,0.014953946094712307,2
0807,2025,9,0.08746110462698925,4
0807,2025,11,0.005093925349970814,1
0808,2021,1,0.03884723710524178,2
0808,2021,3,0.027430287672761518,2
0808,2021,4,0.022086438049103096,1
0808,2021,6,0.0883224878358519,3
0808,2021,7,0.054898491845103314,2
0808,2021,8,0.09680763250740393,4
0808,2021,11,0.017769008611588585,1
0808,2021,12,0.026363492373211398,1
0808,2022,2,0.0555110748390125,2
0808,2022,3,0.026681069105633542,1
0808,2022,4,0.008554744152679372,1
0808,2022,5,0.01536188497756466,1
0808,2022,6,0.019870391778726296,2
0808,2022,7,0.01652155451920668,1
0808,2022,8,0.034415262908838506,2
0808,2022,9,0.039685294472369376,2
0808,2022,10,0.021507806547704022,1
0808,2023,1,0.038978288272068354,2
0808,2023,3,0.010447523828397063,1
0808,2023,6,0.01390596445449224,1
0808,2023,8,0.022879068304230376,1
0808,2023,10,0.030989215946458232,2
0808,2024,2,0.016732336500192232,1
0808,2024,6,0.01020164346475303,1
0808,2024,7,0.010930331979385843,1
0808,2024,9,0.030408955994931344,2
0808,2024,12,0.010808844467619047,1
0808,2025,1,0.05349481240681352,5
0808,2025,3,0.005603596802317884,1
0808,2025,7,0.01845365105723694,2
0808,2025,8,0.03418017510701104,2
0808,2025,9,0.12725445832618665,5
0808,2025,11,0.011643164910538923,1
0809,2021,3,0.019459176378139702,2
0809,2021,4,0.01566822407003524,1
0809,2021,6,0.06265639243224583,3
0809,2021,8,0.04903925408622433,3
0809,2021,11,0.01260541911782201,1
0809,2022,2,0.02086330108409906,1
0809,2022,6,0.00610675578963511,1
0809,2022,10,0.015257740134248693,1
0809,2023,1,0.0069347904560545,1
0809,2023,3,0.007411523033113299,1
0809,2023,6,0.009864957242020186,1
0809,2023,8,0.01623051973828256,1
0809,2023,10,0.021983897001605208,2
0809,2024,6,0.007237094335129882,1
0809,2024,7,0.007754029428925675,1
0809,2024,9,0.012603456145745562,1
0809,2025,1,0.013063610605738747,2
0809,2025,7,0.011003378475631764,2
0809,2025,8,0.013458013117721723,2
0809,2025,9,0.07871184541561627,4
0809,2025,11,0.004584349424988436,1
0810,2021,3,0.015066901296829777,2
0810,2021,4,0.012131632961867521,1
0810,2021,6,0.04851375320553675,3
0810,2021,8,0.037970240190501534,3
0810,2021,11,0.009760156440472746,1
0810,2022,2,0.016154090597241075,1
0810,2022,6,0.0047283546301393935,1
0810,2022,10,0.011813802400889719,1
0810,2023,1,0.0053694874482431276,1
0810,2023,3,0.005738613178127432,1
0810,2023,6,0.007638264548027787,1
0810,2023,8,0.012567008702776819,1
0810,2023,10,0.017021748495735834,2
0810,2024,6,0.005603556075772212,1
0810,2024,7,0.006003809914050708,1
0810,2024,9,0.009758636545388309,1
0810,2025,1,0.010114926128014321,2
0810,2025,7,0.008519724278271551,2
0810,2025,8,0.01042030512267439,2
0810,2025,9,0.06094521076959321,4
0810,2025,11,0.0035495819018359904,1
0812,2021,3,0.01846838483016043,2
0812,2021,4,0.014870454232362369,1
0812,2021,6,0.05946615339836353,3
0812,2021,8,0.046542350953036125,3
0812,2021,11,0.011963596335707514,1
0812,2022,2,0.019801016536419334,1
0812,2022,6,0.005795821662498,1
0812,2022,10,0.014480870668012685,1
0812,2023,1,0.006581695770167133,1
0812,2023,3,0.007034154832313613,1
0812,2023,6,0.009362668960818795,1
0812,2023,8,0.015404119819626883,1
0812,2023,10,0.020864555724381038,2
0812,2024,6,0.006868607418734459,1
0812,2024,7,0.0073592220294926396,1
0812,2024,9,0.011961733311136778,1
0812,2025,1,0.012398458354546926,2
0812,2025,7,0.010443125863649674,2
0812,2025,8,0.012772779303580842,2
0812,2025,9,0.0747041202350555,4
0812,2025,11,0.004350930775863863,1
0813,2021,3,0.019953062865174048,2
0813,2021,4,0.01606589373465218,1
0813,2021,6,0.0642466522123756,3
0813,2021,8,0.05028390208451466,3
0813,2021,11,0.01292535281104299,1
0813,2022,2,0.021392825164673255,1
0813,2022,6,0.006261749202794556,1
0813,2022,10,0.015644991450982346,1
0813,2023,1,0.0071107999248061,1
0813,2023,3,0.0075996322831281445,1
0813,2023,6,0.010115336239688286,1
0813,2023,8,0.016642460830778492,1
0813,2023,10,0.022541862531618335,2
0813,2024,6,0.007420776471930328,1
0813,2024,7,0.00795083171287615,1
0813,2024,9,0.012923340017465151,1
0813,2025,1,0.013395173495384015,2
0813,2025,7,0.011282651340794961,2
0813,2025,8,0.013799586198309073,2
0813,2025,9,0.08070960298072989,4
0813,2025,11,0.004700703179579458,1
0814,2021,3,0.02428040378629438,2
0814,2021,4,0.01955020087396739,1
0814,2021,6,0.07818021063607249,3
0814,2021,8,0.06118927479016169,3
0814,2021,11,0.01572855192473737,1
0814,2022,2,0.026032416007392523,1
0814,2022,6,0.007619772466999269,1
0814,2022,10,0.0190380149769383,1
0814,2023,1,0.008652961932936696,1
0814,2023,3,0.009247810309051521,1
0814,2023,6,0.012309110134787611,1
0814,2023,8,0.02025181154890153,1
0814,2023,10,0.02743065202877358,2
0814,2024,6,0.009030164960828419,1
0814,2024,7,0.009675176474407583,1
0814,2024,9,0.01572610260449322,1
0814,2025,1,0.016300265450627353,2
0814,2025,7,0.013729587892624915,2
0814,2025,8,0.016792385572218595,2
0814,2025,9,0.09821358069412049,4
0814,2025,11,0.005720172990529568,1
0904,2022,1,0.025941248610836663,1
0904,2022,2,0.013185075105205517,1
0904,2023,4,0.008439985895205043,1
0904,2025,7,0.004558384090452099,1
0905,2022,1,0.03958126550262863,1
0905,2022,2,0.020117842677519707,1
0905,2023,4,0.01287776573780645,1
0905,2025,7,0.006955201488326652,1
0906,2022,1,0.026230095276857948,1
0906,2022,2,0.013331886272335997,1
0906,2023,4,0.008533962165340253,1
0906,2025,7,0.004609140091704157,1
0907,2021,3,0.017517731541672604,2
0907,2021,4,0.014105003092627797,1
0907,2021,6,0.05640515511390312,3
0907,2021,8,0.04414660062649964,3
0907,2021,11,0.011347774632658106,1
0907,2022,1,0.0331091102655469,1
0907,2022,2,0.03561002764747501,2
0907,2022,6,0.00549748388290264,1
0907,2022,10,0.013735473198374103,1
0907,2023,1,0.006242905411114308,1
0907,2023,3,0.0066720743101365484,1
0907,2023,4,0.010772049866839148,1
0907,2023,6,0.008880729033831258,1
0907,2023,8,0.014611198440878378,1
0907,2023,10,0.019790560424054172,2
0907,2024,6,0.006515048388532301,1
0907,2024,7,0.006980408793392856,1
0907,2024,9,0.011346007506589107,1
0907,2025,1,0.011760252289678665,2
0907,2025,7,0.015723487209400408,2
0907,2025,8,0.012115305206103263,2
0907,2025,9,0.07085875323528044,4
0907,2025,11,0.004126968221038654,1
0908,2022,1,0.03482328355951957,1
0908,2022,2,0.017699518478471787,1
0908,2023,4,0.011329756191623488,1
0908,2025,7,0.006119131123422687,1
0909,2022,1,0.023212658573635775,1
0909,2022,2,0.011798223411537218,1
0909,2023,4,0.007552239057215438,1
0909,2025,7,0.004078917523459375,1
0910,2022,1,0.03143720643896729,1
0910,2022,2,0.015978487936871344,1
0910,2023,4,0.010228095914346027,1
0910,2025,7,0.005524131233212253,1
1001,2021,4,0.014492033488238682,1
1001,2022,10,0.014704002370318152,1
1001,2023,4,0.0724433513784001,2
1001,2023,7,0.029865816024908145,1
1001,2025,7,0.004488269385267383,1
1001,2025,11,0.024456800095692146,1
1002,2021,4,0.01422695958522715,1
1002,2022,10,0.014435051342751574,1
1002,2023,4,0.07111828944608448,2
1002,2023,7,0.029319540139831585,1
1002,2025,7,0.004406174413248064,1
1002,2025,11,0.02400946056519774,1
1003,2021,4,0.01394359089728338,1
1003,2022,10,0.014147537940123802,1
1003,2023,4,0.0697017748177539,2
1003,2023,7,0.02873556156234509,1
1003,2025,7,0.004318413436993517,1
1003,2025,11,0.023531246699625058,1
1004,2021,4,0.013232791507023936,1
1004,2022,10,0.013426341985968867,1
1004,2023,4,0.06614860265389522,2
1004,2023,7,0.027270715111546176,1
1004,2025,7,0.004098274617623737,1
1004,2025,11,0.02233169947184482,1
1005,2021,4,0.0152963673488783,1
1005,2022,10,0.015520100884234124,1
1005,2023,4,0.07646408735994129,2
1005,2023,7,0.03152342240043595,1
1005,2025,7,0.00473737638913765,1
1005,2025,11,0.025814196382129395,1
1006,2021,4,0.00932443866949139,1
1006,2022,10,0.009460823314365053,1
1006,2023,4,0.04661137358594413,2
1006,2023,7,0.019216210759144127,1
1006,2025,7,0.002887834384943029,1
1006,2025,11,0.01573595125414029,1
1007,2021,4,0.013280782769779354,1
1007,2022,10,0.013475035196751391,1
1007,2023,4,0.06638850328024316,2
1007,2023,7,0.027369617603416593,1
1007,2025,7,0.004113137798526559,1
1007,2025,11,0.022412689673841083,1
1008,2021,4,0.009018623330179594,1
1008,2022,10,0.009150534942635185,1
1008,2023,4,0.04508265174710427,2
1008,2023,7,0.018585973141428614,1
1008,2025,7,0.0027931215466037965,1
1008,2025,11,0.015219856350977471,1
1101,2021,4,0.008760973890560186,1
1101,2022,10,0.008889116972965882,1
1101,2023,4,0.043794703516654446,2
1101,2023,7,0.018054997915016194,1
1101,2025,7,0.002713325975270513,1
1101,2025,11,0.014785046367640567,1
1102,2021,4,0.019719000476077046,1
1102,2022,10,0.020007422007122418,1
1102,2023,4,0.09857212112286565,2
1102,2023,7,0.04063777805175147,1
1102,2025,7,0.006107092301206522,1
1102,2025,11,0.033277845591625624,1
1103,2021,4,0.016296301808546867,1
1103,2022,10,0.016534660964919966,1
1103,2023,4,0.08146259936834435,2
1103,2023,7,0.03358413103967999,1
1103,2025,7,0.0050470620675655,1
1103,2025,11,0.027501688838502424,1
1104,2021,4,0.0059807055786343976,1
1104,2022,10,0.006068182845132466,1
1104,2023,4,0.0298965880858192,2
1104,2023,7,0.01232529945887846,1
1104,2025,7,0.0018522602623481127,1
1104,2025,11,0.010093057050037867,1
1105,2021,4,0.003447505554099018,1
1105,2022,10,0.003497930768673508,1
1105,2023,4,0.017233527402297964,2
1105,2023,7,0.007104770128162604,1
1105,2025,7,0.0010677130746737232,1
1105,2025,11,0.005818020930866304,1
1108,2021,4,0.006505077789262073,1
1108,2021,7,0.026246198823017652,1
1108,2021,10,0.028598999095860653,1
1108,2021,11,0.035670276298336925,1
1108,2022,6,0.030788823740887514,1
1108,2022,10,0.006600224827664166,1
1108,2023,4,0.03251784067527798,2
1108,2023,7,0.013405948629603216,1
1108,2025,7,0.002014661469974028,1
1108,2025,11,0.010977989198550026,1
1109,2021,4,0.005767078292036791,1
1109,2022,10,0.005851430922012419,1
1109,2023,4,0.028828699538669178,2
1109,2023,7,0.011885047009517062,1
1109,2025,7,0.0017860986149111308,1
1109,2025,11,0.009732538986955624,1
1208,2021,3,0.016796986676226387,2
1208,2021,4,0.017324900787132468,2
1208,2021,6,0.05408443648453419,3
1208,2021,8,0.04233024468721822,3
1208,2021,11,0.010880884825534811,1
1208,2022,2,0.01800901454007035,1
1208,2022,6,0.0052712968750672,1
1208,2022,10,0.01702615910140263,2
1208,2023,1,0.005986048979114355,1
1208,2023,3,0.006397560267638133,1
1208,2023,4,0.01899674120513071,2
1208,2023,6,0.008515342691579896,1
1208,2023,7,0.00783168043871572,1
1208,2023,8,0.014010039196644782,1
1208,2023,10,0.01897630289441867,2
1208,2024,6,0.0062469949785917585,1
1208,2024,7,0.006693208719308767,1
1208,2024,9,0.01087919040562858,1
1208,2025,1,0.011276391612057575,2
1208,2025,7,0.010674971696195414,2
1208,2025,8,0.011616836326166367,2
1208,2025,9,0.06794335962710936,4
1208,2025,11,0.010370449420602963,2
1213,2021,4,0.010324995328063786,1
1213,2022,10,0.010476014694596551,1
1213,2023,4,0.05161299586688792,2
1213,2023,7,0.02127820165308401,1
1213,2025,7,0.003197712762090066,1
1213,2025,11,0.017424493735288864,1
1502,2021,3,0.012046264911327612,1
1502,2021,5,0.04350070103463455,1
1502,2021,6,0.16429522243924172,2
1502,2021,7,0.08946702769565462,1
1502,2021,8,0.08790627647956462,2
1502,2021,12,0.0499396533029276,1
1502,2022,2,0.026618137327321868,1
1502,2022,3,0.0436222059965698,2
1502,2022,4,0.026972015774237922,1
1502,2022,5,0.03182670305278288,1
1502,2022,6,0.04032738473556723,1
1502,2022,7,0.021267768152670518,1
1502,2022,8,0.021361587586012584,1
1502,2022,9,0.0328824955750612,1
1502,2022,10,0.02745127636678176,1
1502,2022,11,0.025450806198882757,1
1502,2023,1,0.022653210172405805,1
1502,2023,4,0.047852497381805637,1
1502,2023,5,0.017293826140499343,1
1502,2023,7,0.048739965776874734,1
1502,2023,9,0.031439235953943954,1
1502,2023,10,0.027133926036502762,1
1502,2023,11,0.022846135692966195,2
1502,2023,12,0.018236660212609924,1
1502,2024,1,0.0458385719660546,2
1502,2024,2,0.0257470195346555,1
1502,2024,8,0.043978097157284624,1
1502,2025,4,0.059002475719826086,1
1601,2021,2,0.24349704687736515,1
1601,2021,3,0.08651674905537952,1
1601,2021,5,0.028812036212139323,1
1601,2021,7,0.033393102643765424,1
1601,2021,8,0.574642349590533,2
1601,2021,9,0.26322485440063753,1
1601,2021,10,0.03638657615743944,1
1601,2021,11,0.41418094544628525,2
1601,2021,12,0.05440809307789412,1
1601,2022,1,0.026018132994623886,1
1601,2022,2,0.4662515622635182,3
1601,2022,3,0.3132964016006656,2
1601,2022,4,0.017864509691073872,1
1601,2022,5,0.021079938921896718,1
1601,2022,7,0.02246283909324522,1
1601,2022,8,0.42348859625678986,2
1601,2022,9,0.35917274852149683,1
1601,2022,10,0.5650611436764654,2
1601,2022,11,0.427270440375765,2
1601,2023,1,0.2414829243430311,3
1601,2023,3,1.1705093755100366,3
1601,2023,4,0.32136713488289237,2
1601,2023,5,0.7012895479037858,2
1601,2023,8,0.05369622237793555,1
1601,2023,9,0.05921450337619811,1
1601,2023,10,0.20004162237480858,1
1601,2023,11,0.11489130244275682,2
1601,2023,12,0.14305519001540937,1
1601,2024,1,0.10751610878875749,1
1601,2024,2,0.19852985308017881,1
1601,2024,3,0.30380272233632083,1
1601,2024,4,0.09612121140280183,2
1601,2024,8,0.15792621296714301,1
1601,2024,9,0.012554963920859499,1
1601,2024,11,0.014317583542873404,1
1601,2024,12,0.1364487617050112,2
1601,2025,1,0.1627956338206845,2
1601,2025,7,0.053815299221748034,2
1601,2025,12,0.26427186738816716,1
1602,2021,2,0.01014834532044949,1
1602,2021,5,0.014221850408861187,1
1602,2021,9,0.01097055078753411,1
1602,2021,12,0.026856267814184865,1
1602,2022,2,0.020476989694601537,1
1602,2022,4,0.00881806417927027,1
1602,2022,5,0.010405225641387792,1
1602,2022,8,0.017649941012429667,2
1602,2022,10,0.008974750676083134,1
1602,2023,1,0.038889730711248495,2
1602,2023,3,0.015788469666929685,1
1602,2023,8,0.026504882770423312,1
1602,2023,9,0.0292287501949091,1
1602,2023,11,0.004371269021476549,1
1602,2023,12,0.005962181007024957,1
1602,2024,1,0.004481001365280838,1
1602,2024,2,0.008274225627428106,1
1602,2024,3,0.012661734403351459,1
1602,2024,4,0.008422881091121541,1
1602,2024,9,0.006197230124814397,1
1602,2024,11,0.0070672732001262175,1
1602,2024,12,0.007876276796421978,1
1602,2025,1,0.01110926550945708,1
1602,2025,7,0.024306936691044504,2
1602,2025,12,0.011014187659063797,1
1603,2021,1,0.09170482257958196,2
1603,2021,2,0.017556990193568864,1
1603,2021,5,0.024604295604686795,1
1603,2021,7,0.12959625522152024,2
1603,2021,8,0.06534357918708535,1
1603,2021,9,0.01897943423413724,1
1603,2021,12,0.10869731784355655,2
1603,2022,2,0.09704244210530771,2
1603,2022,3,0.06298472918259448,1
1603,2022,4,0.03545033468589751,2
1603,2022,5,0.054265472353302154,2
1603,2022,6,0.026585927385660447,1
1603,2022,7,0.03900164693355504,1
1603,2022,8,0.1117774836821191,4
1603,2022,9,0.09368318469464668,2
1603,2022,10,0.015526630660882758,1
1603,2023,1,0.13621820321506387,3
1603,2023,3,0.027314601381879886,1
1603,2023,8,0.045854368587982114,1
1603,2023,9,0.05056675392275317,1
1603,2023,11,0.007562447366554126,1
1603,2023,12,0.010314780406780967,1
1603,2024,1,0.007752288135985481,1
1603,2024,2,0.05381392789202053,2
1603,2024,3,0.021905240680494393,1
1603,2024,4,0.014571877094133765,1
1603,2024,9,0.0405664774652156,2
1603,2024,11,0.01222662831741247,1
1603,2024,12,0.03914215703856136,2
1603,2025,1,0.102030917168423,4
1603,2025,3,0.013228144106411502,1
1603,2025,7,0.048999082567912626,2
1603,2025,8,0.03590392276564391,2
1603,2025,9,0.03847788298614309,1
1603,2025,11,0.01223034382904309,1
1603,2025,12,0.019054927538841897,1
1703,2021,7,0.026949453774559134,1
1703,2021,10,0.029365296259839156,1
1703,2021,11,0.03662604511647369,1
1703,2022,6,0.03161379625953384,1
1804,2021,6,0.01020978486000162,1
1804,2022,3,0.01347872044713315,1
1804,2022,12,0.012186453966407456,1
1804,2023,1,0.014061252119198743,1
1804,2023,4,0.018028345980211878,1
1804,2023,5,0.018757211569581874,1
1804,2025,7,0.008850636872706251,1
1805,2021,7,0.020581392034257903,1
1805,2021,10,0.022426379383482107,1
1805,2021,11,0.02797143866114941,1
1805,2022,6,0.024143566691613442,1
1901,2021,1,0.15735426022786542,1
1901,2021,4,0.13773910047985816,2
1901,2021,5,0.055216540240092336,1
1901,2021,6,0.07168756099708186,2
1901,2021,7,0.13540349468462698,3
1901,2021,9,0.13568466717631525,1
1901,2021,10,0.021682669315520976,1
1901,2021,11,0.3152757374362485,3
1901,2022,1,0.018706409497360216,1
1901,2022,2,0.06344166516430566,2
1901,2022,3,0.06790272585673235,2
1901,2022,4,0.10037493682762413,3
1901,2022,5,0.08661161181751638,2
1901,2022,6,0.1373887328292397,4
1901,2022,7,0.44583619684668924,9
1901,2022,8,0.14788547522149104,3
1901,2022,9,0.34346840632544795,6
1901,2022,10,0.04337831571532889,2
1901,2022,11,0.23603661858816788,2
1901,2022,12,0.21008977569092185,5
1901,2023,1,0.03384394657877683,1
1901,2023,2,0.19886128435478684,2
1901,2023,3,0.08262093989347664,1
1901,2023,4,0.12343644218240404,4
1901,2023,5,0.21810681703458387,2
1901,2023,7,0.012257313181245066,1
1901,2023,8,0.1918195519107736,2
1901,2023,9,0.17754191869294542,3
1901,2023,10,0.020813151331758116,1
1901,2023,11,0.13569663325950415,2
1901,2024,1,0.1757496486772005,3
1901,2024,4,0.20213348292490313,4
1901,2024,5,0.10198645227993258,1
1901,2024,7,0.07407294977429707,1
1901,2024,8,0.017103370000195652,1
1901,2024,9,0.044549557427463575,1
1901,2024,10,0.2464388959771129,4
1901,2024,11,0.39467049676053945,4
1901,2024,12,0.058275468771890195,1
1901,2025,1,0.3083040972779907,3
1901,2025,2,0.35596675485642854,4
1901,2025,3,0.16992909296720027,2
1901,2025,6,0.010462528270129078,1
1901,2025,7,0.023144590018135004,2
1901,2025,9,0.030524681495915522,2
1901,2025,11,0.010037383808096531,1
1901,2025,12,0.14855921041767944,3
1902,2021,2,0.016337428757633835,1
1902,2021,5,0.022895207102215962,1
1902,2021,9,0.017661065549492337,1
1902,2021,12,0.04323486718825471,1
1902,2022,2,0.03296511399077395,1
1902,2022,4,0.014195860582194889,1
1902,2022,5,0.016750970454338904,1
1902,2022,8,0.028413957621835982,2
1902,2022,10,0.014448104115316015,1
1902,2023,1,0.06260707384664022,2
1902,2023,3,0.025417246874301445,1
1902,2023,8,0.04266918599218971,1
1902,2023,9,0.04705423484376004,1
1902,2023,11,0.007037136987733265,1
1902,2023,12,0.00959828468253911,1
1902,2024,1,0.007213790845352621,1
1902,2024,2,0.01332035592445798,1
1902,2024,3,0.020383636664984273,1
1902,2024,4,0.013559670607870526,1
1902,2024,9,0.009976681169372451,1
1902,2024,11,0.011377329877131435,1
1902,2024,12,0.012679713487641662,1
1902,2025,1,0.017884377017075626,1
1902,2025,7,0.03913079757998091,2
1902,2025,12,0.017731314861800004,1
1903,2021,4,0.0038761032947848416,1
1903,2021,7,0.06227473862743481,1
1903,2021,10,0.06785726213957702,1
1903,2021,11,0.08463538465993815,1
1903,2022,1,0.02582394306384329,1
1903,2022,2,0.01312545259163388,1
1903,2022,6,0.03799007014458569,1
1903,2022,7,0.020106224194413193,1
1903,2022,10,0.003932797428350493,1
1903,2023,4,0.02777783930799292,3
1903,2023,7,0.007988043085156703,1
1903,2023,11,0.008958120650240379,1
1903,2024,4,0.009072283853652878,1
1903,2025,7,0.005738223571067283,1
1903,2025,11,0.006541323790601308,1
1904,2021,4,0.009296896538337446,1
1904,2022,10,0.009432878336036107,1
1904,2023,4,0.04647369488912672,2
1904,2023,7,0.019159450731460977,1
1904,2025,7,0.0028793044223146937,1
1904,2025,11,0.015689471069258852,1
1905,2021,4,0.0034390605660223803,1
1905,2022,10,0.0034893622593061397,1
1905,2023,4,0.01719131226119173,2
1905,2023,7,0.007087366327623908,1
1905,2025,7,0.0010650976113935643,1
1905,2025,11,0.0058037691431259255,1
2001,2021,3,0.019424759645615394,2
2001,2021,4,0.015640512256006198,1
2001,2021,6,0.06254557436588093,3
2001,2021,8,0.048952520153694015,3
2001,2021,11,0.01258312437472989,1
2001,2022,2,0.020826400927636518,1
2001,2022,6,0.006095954994343525,1
2001,2022,10,0.015230754328121987,1
2001,2023,1,0.006922525146177034,1
2001,2023,3,0.007398414543788182,1
2001,2023,6,0.009847509453472273,1
2001,2023,8,0.016201813412500418,1
2001,2023,10,0.021945014888187696,2
2001,2024,6,0.007224294351454048,1
2001,2024,7,0.007740315161083345,1
2001,2024,9,0.012581164874490255,1
2001,2025,1,0.013040505476144233,2
2001,2025,7,0.010983917203145175,2
2001,2025,8,0.013434210422850135,2
2001,2025,9,0.07857263065762643,4
2001,2025,11,0.004576241254072474,1
2006,2021,3,0.026718691753274293,2
2006,2021,4,0.021513472159016722,1
2006,2021,6,0.08603122779903638,3
2006,2021,8,0.06733402731331767,3
2006,2021,11,0.017308045381009867,1
2006,2022,2,0.028646644636410222,1
2006,2022,6,0.008384965652455955,1
2006,2022,10,0.020949851503300147,1
2006,2023,1,0.009521910124470654,1
2006,2023,3,0.010176494395030409,1
2006,2023,6,0.013545216230470614,1
2006,2023,8,0.022285540017499116,1
2006,2023,10,0.03018529438797215,2
2006,2024,6,0.009936992654371975,1
2006,2024,7,0.010646777547585433,1
2006,2024,9,0.017305350095001257,1
2006,2025,1,0.017937171552216895,2
2006,2025,7,0.015108341279299525,2
2006,2025,8,0.018478711386155013,2
2006,2025,9,0.10807638998297014,4
2006,2025,11,0.0062946044989431425,1
2103,2022,1,0.026075386953450765,1
2103,2022,2,0.01325325316973846,1
2103,2023,4,0.008483627808385593,1
2103,2025,7,0.004581954817369088,1
2104,2021,1,0.10592090683971832,1
2104,2021,2,0.09400029973568444,1
2104,2021,3,0.01487889139730097,2
2104,2021,4,0.015705206721212367,2
2104,2021,6,0.05664431354907931,4
2104,2021,7,0.0341051769151254,1
2104,2021,8,0.0374964346678754,3
2104,2021,10,0.03716248323564652,1
2104,2021,11,0.05598950009680728,2
2104,2021,12,0.13275582071659958,1
2104,2022,1,0.02987123430466758,1
2104,2022,2,0.031135070691497742,2
2104,2022,3,0.011532973389774404,1
2104,2022,4,0.0571309255721694,1
2104,2022,6,0.0046693526189470775,1
2104,2022,7,0.0981634916962952,1
2104,2022,8,0.11538979517129591,1
2104,2022,10,0.015445825528931718,2
2104,2022,12,0.01042725456481897,1
2104,2023,1,0.01733389772727472,2
2104,2023,3,0.005667004818465487,1
2104,2023,4,0.043764895287061324,4
2104,2023,5,0.01604947760040292,1
2104,2023,6,0.00754295169490972,1
2104,2023,7,0.00767655292931718,1
2104,2023,8,0.012410193310079991,1
2104,2023,10,0.016809345350494463,2
2104,2023,11,0.17710741899900453,3
2104,2024,3,0.12629467100730365,1
2104,2024,4,0.010351762265090948,1
2104,2024,6,0.0495989322363251,2
2104,2024,7,0.005928892339660795,1
2104,2024,9,0.009636864972037482,1
2104,2024,12,0.10604520483722095,1
2104,2025,1,0.009988708652529205,2
2104,2025,7,0.02238899874189841,3
2104,2025,8,0.010290277024621756,2
2104,2025,9,0.06018471577942797,4
2104,2025,11,0.00979153682065763,2
2106,2021,1,0.10916329124759296,1
2106,2021,2,0.10422712798992964,2
2106,2021,3,0.015098844919711987,2
2106,2021,4,0.1336409099810174,3
2106,2021,5,0.010299349597286811,1
2106,2021,6,0.06020145234015811,4
2106,2021,7,0.03813240802179756,1
2106,2021,8,0.03805074161607652,3
2106,2021,9,0.007944784580577765,1
2106,2021,10,0.041550729303398315,1
2106,2021,11,0.06160525003888804,2
2106,2021,12,0.15626875167801646,2
2106,2022,1,0.030257531918920173,1
2106,2022,2,0.04639650887023418,3
2106,2022,3,0.015294041807509536,1
2106,2022,4,0.06526575275934324,2
2106,2022,5,0.007535380659926879,1
2106,2022,6,0.004738379304369543,1
2106,2022,7,0.1031751636729902,1
2106,2022,8,0.13170398047396126,2
2106,2022,10,0.023264306338721345,3
2106,2022,12,0.013827732178180762,1
2106,2023,1,0.04949953052603779,4
2106,2023,2,0.1312891917009524,1
2106,2023,3,0.01718466237522158,2
2106,2023,4,0.054570083467705394,4
2106,2023,5,0.021283442969432843,1
2106,2023,6,0.007654458577403163,1
2106,2023,7,0.010005402342053625,1
2106,2023,8,0.03178827502588559,2
2106,2023,9,0.021167225634827876,1
2106,2023,10,0.01705783662719907,2
2106,2023,11,0.3265773588421945,4
2106,2023,12,0.004317763496892997,1
2106,2024,1,0.0032451051220586157,1
2106,2024,2,0.005992127601807322,1
2106,2024,3,0.1393302504565499,2
2106,2024,4,0.017673908914051514,2
2106,2024,6,0.051029634832607584,2
2106,2024,7,0.006016538705191808,1
2106,2024,8,0.05245118209015019,1
2106,2024,9,0.014267310191738873,2
2106,2024,11,0.00511806236847237,1
2106,2024,12,0.11499533043888659,2
2106,2025,1,0.09496585584691186,4
2106,2025,7,0.04300378326825319,4
2106,2025,8,0.06326955710091954,3
2106,2025,9,0.061074421865554285,4
2106,2025,11,0.011750425335047537,2
2106,2025,12,0.00797638605171517,1
2202,2021,1,0.13704018917580704,2
2202,2021,3,0.018735397161200255,2
2202,2021,4,0.015085448379642631,1
2202,2021,6,0.060325903527185754,3
2202,2021,7,0.1936637009097441,2
2202,2021,8,0.144862203735722,4
2202,2021,11,0.012136563694498954,1
2202,2021,12,0.0930016714540644,1
2202,2022,2,0.11216470021795369,2
2202,2022,3,0.0941219770081264,1
2202,2022,4,0.030178304672164757,1
2202,2022,5,0.05419164348082785,1
2202,2022,6,0.04560861240856025,2
2202,2022,7,0.05828257362696686,1
2202,2022,8,0.12140565175292692,2
2202,2022,9,0.13999657806442242,2
2202,2022,10,0.01469023229157155,1
2202,2023,1,0.10969459839547445,2
2202,2023,3,0.007135853280550615,1
2202,2023,6,0.009498032615354509,1
2202,2023,8,0.015626829600610993,1
2202,2023,10,0.021166211430134974,2
2202,2024,2,0.05902614266048286,1
2202,2024,6,0.006967912414528062,1
2202,2024,7,0.007465620236309591,1
2202,2024,9,0.05673398399158349,2
2202,2024,12,0.03813002419197839,1
2202,2025,1,0.136328062430228,5
2202,2025,3,0.019767634021802094,1
2202,2025,7,0.0209757967118998,2
2202,2025,8,0.06661089845284678,2
2202,2025,9,0.13328405869789767,5
2202,2025,11,0.022690395034476396,1
2204,2021,1,0.0480348786639232,2
2204,2021,7,0.06788236670391393,2
2204,2021,8,0.03422689024881172,1
2204,2021,12,0.03259864154235049,1
2204,2022,2,0.032274670485895385,1
2204,2022,3,0.032991327379107836,1
2204,2022,4,0.010578000599157478,1
2204,2022,5,0.01899507753787965,1
2204,2022,6,0.013925677627584305,1
2204,2022,7,0.020429016985673874,1
2204,2022,8,0.04255471176842103,2
2204,2022,9,0.04907114242276717,2
2204,2023,1,0.0361094431256698,1
2204,2024,2,0.020689650370070114,1
2204,2024,9,0.015632804285877606,1
2204,2024,12,0.013365211304287094,1
2204,2025,1,0.04337656757315931,3
2204,2025,3,0.006928886390341718,1
2204,2025,7,0.0036389546590744146,1
2204,2025,8,0.018806432694528388,2
2204,2025,9,0.020154670043443682,1
2204,2025,11,0.00640623977366431,1
2205,2021,1,0.04361921017748682,2
2205,2021,7,0.06164219215207695,2
2205,2021,8,0.031080538996052027,1
2205,2021,12,0.029601969162551114,1
2205,2022,2,0.02930777956540842,1
2205,2022,3,0.02995855684474517,1
2205,2022,4,0.00960560418233701,1
2205,2022,5,0.017248930412823493,1
2205,2022,6,0.012645541660496303,1
2205,2022,7,0.01855105311813392,1
2205,2022,8,0.03864281472752501,2
2205,2022,9,0.04456021404704121,2
2205,2023,1,0.032790035759444044,1
2205,2024,2,0.018787727440823274,1
2205,2024,9,0.014195738487861506,1
2205,2024,12,0.01213659693047317,1
2205,2025,1,0.03938912037208139,3
2205,2025,3,0.006291939527334257,1
2205,2025,7,0.003304439035040706,1
2205,2025,8,0.017077626991228344,2
2205,2025,9,0.01830192587419071,1
2205,2025,11,0.005817337878376073,1
2206,2021,1,0.05700611202632755,2
2206,2021,7,0.08056041585969337,2
2206,2021,8,0.04061927487082407,1
2206,2021,12,0.03868692632016634,1
2206,2022,2,0.03830244881441929,1
2206,2022,3,0.039152952121084085,1
2206,2022,4,0.012553600715619687,1
2206,2022,5,0.022542692897159614,1
2206,2022,6,0.016526506591903137,1
2206,2022,7,0.02424444202349438,1
2206,2022,8,0.050502441846296466,2
2206,2022,9,0.058235913569884896,2
2206,2023,1,0.04285342270628551,1
2206,2024,2,0.024553752597851093,1
2206,2024,9,0.018552464733833207,1
2206,2024,12,0.01586136478450099,1
2206,2025,1,0.051477791537552914,3
2206,2025,3,0.00822295974866643,1
2206,2025,7,0.004318583969063367,1
2206,2025,8,0.02231881580259025,2
2206,2025,9,0.02391885667888934,1
2206,2025,11,0.007602701044799433,1
2207,2021,1,0.05550019588380469,2
2207,2021,7,0.07843227158920815,2
2207,2021,8,0.039546245689368986,1
2207,2021,12,0.03766494350500392,1
2207,2022,2,0.03729062264495257,1
2207,2022,3,0.038118658419395844,1
2207,2022,4,0.01222197539874652,1
2207,2022,5,0.021947188241201145,1
2207,2022,6,0.016089930018416364,1
2207,2022,7,0.023603982688313305,1
2207,2022,8,0.049168331525318326,2
2207,2022,9,0.05669751006888919,2
2207,2023,1,0.04172137460263749,1
2207,2024,2,0.023905122282920306,1
2207,2024,9,0.018062368932994125,1
2207,2024,12,0.015442359095069087,1
2207,2025,1,0.05011791564877058,3
2207,2025,3,0.008005735886440681,1
2207,2025,7,0.004204501021100709,1
2207,2025,8,0.021729225251605252,2
2207,2025,9,0.023286998249975703,1
2207,2025,11,0.007401862400956273,1
2208,2021,1,0.0922858613448504,2
2208,2021,7,0.13041737286832644,2
2208,2021,8,0.06575759397388826,1
2208,2021,12,0.06262936010427157,1
2208,2022,2,0.06200693846342717,1
2208,2022,3,0.06338379837269366,1
2208,2022,4,0.02032273056063261,1
2208,2022,5,0.03649383824117004,1
2208,2022,6,0.026754374954579465,1
2208,2022,7,0.03924876009663916,1
2208,2022,8,0.08175722181599086,2
2208,2022,9,0.09427675829775961,2
2208,2023,1,0.06937440364636813,1
2208,2024,2,0.03974949575046513,1
2208,2024,9,0.03003415120191029,1
2208,2024,12,0.025677592440728515,1
2208,2025,1,0.0833361926170247,3
2208,2025,3,0.013311957196085302,1
2208,2025,7,0.006991254572685346,1
2208,2025,8,0.03613140884942036,2
2208,2025,9,0.03872167759793693,1
2208,2025,11,0.012307834888698856,1
2301,2021,2,0.016838850912276708,1
2301,2021,4,0.003303465958464769,1
2301,2021,5,0.023597898097628793,1
2301,2021,9,0.0182031122615233,1
2301,2021,12,0.04456181530125587,1
2301,2022,2,0.03397686674149847,1
2301,2022,4,0.014631554540266965,1
2301,2022,5,0.017265084873576943,1
2301,2022,8,0.029286028010881447,2
2301,2022,10,0.018243324202466625,2
2301,2023,1,0.06452858636429386,2
2301,2023,3,0.026197343355937024,1
2301,2023,4,0.016513496562774788,2
2301,2023,7,0.006807927033851105,1
2301,2023,8,0.04397877243289962,1
2301,2023,9,0.04849840553735253,1
2301,2023,11,0.007253118121806,1
2301,2023,12,0.009892871588336367,1
2301,2024,1,0.007435193772488851,1
2301,2024,2,0.01372917922629676,1
2301,2024,3,0.021009243495020986,1
2301,2024,4,0.01397583886502477,1
2301,2024,9,0.010282881676339879,1
2301,2024,11,0.011726518561942583,1
2301,2024,12,0.013068874435275898,1
2301,2025,1,0.01843327751980359,1
2301,2025,7,0.041354888299283014,2
2301,2025,11,0.005574939268161749,1
2301,2025,12,0.01827551763902715,1
2302,2021,4,0.014180820162404722,1
2302,2022,10,0.014388237057986314,1
2302,2023,4,0.0708876458705894,2
2302,2023,7,0.029224454000634597,1
2302,2025,7,0.004391884758240305,1
2302,2025,11,0.02393159553394353,1
2303,2021,7,0.02321451294005364,1
2303,2021,10,0.025295542377785977,1
2303,2021,11,0.03155001972997415,1
2303,2022,6,0.027232421424585016,1
2307,2021,1,0.05190058151317471,2
2307,2021,7,0.07334533581469764,2
2307,2021,8,0.036981367637660065,1
2307,2021,12,0.03522208236279412,1
2307,2022,2,0.03487203908817488,1
2307,2022,3,0.035646370376974136,1
2307,2022,4,0.011429286335541753,1
2307,2022,5,0.020523744360870587,1
2307,2022,6,0.015046374362541227,1
2307,2022,7,0.02207308295118738,1
2307,2022,8,0.04597938723566256,2
2307,2022,9,0.05302024066879206,2
2307,2023,1,0.03901542271921513,1
2307,2024,2,0.02235469132802026,1
2307,2024,9,0.016890885450035847,1
2307,2024,12,0.01444080339188895,1
2307,2025,1,0.04686738352861315,3
2307,2025,3,0.0074865023686954,1
2307,2025,7,0.003931806807037603,1
2307,2025,8,0.020319917946778992,2
2307,2025,9,0.021776657390549868,1
2307,2025,11,0.006921794721128807,1
2309,2021,1,0.7022659375364417,2
2309,2021,2,0.19962563228433683,2
2309,2021,3,0.08651674905537952,1
2309,2021,4,0.0035369242796698948,1
2309,2021,5,0.10327058233891284,2
2309,2021,7,0.03220011465453461,1
2309,2021,8,0.6313463400114716,2
2309,2021,9,0.00945626981669014,1
2309,2021,10,0.035086644588092984,1
2309,2021,11,0.49911759278115614,2
2309,2021,12,0.29272473778142105,2
2309,2022,1,0.032080665087856265,1
2309,2022,2,0.22512856851252466,3
2309,2022,3,0.3132964016006656,2
2309,2022,4,0.12361160127168112,2
2309,2022,5,0.008968977317010553,1
2309,2022,7,0.23975466381806426,1
2309,2022,8,0.01521369416126785,2
2309,2022,9,0.9512773101118019,2
2309,2022,10,0.36104766510868797,3
2309,2022,11,0.1827886925428045,1
2309,2022,12,0.1466695050779938,1
2309,2023,1,0.9793869992315141,4
2309,2023,3,0.013609164394258614,1
2309,2023,4,0.16918083665204245,3
2309,2023,5,0.12420494048723757,1
2309,2023,7,0.007289048146099073,1
2309,2023,8,0.022846375518507687,1
2309,2023,9,0.34251629466548444,2
2309,2023,11,0.11058811212379413,2
2309,2023,12,0.005139212550972207,1
2309,2024,1,0.0038624822745638053,1
2309,2024,2,0.4739717478640382,2
2309,2024,3,0.5403892241248783,2
2309,2024,4,0.3598360832251396,3
2309,2024,9,0.1414817576800363,1
2309,2024,10,0.2423127685143152,1
2309,2024,11,0.16134469984504862,1
2309,2024,12,0.12728132130934094,2
2309,2025,1,1.3593571491153125,5
2309,2025,2,0.8847128888555981,2
2309,2025,3,0.4603810712738084,1
2309,2025,4,0.3214236028604987,1
2309,2025,5,0.1992199262239367,1
2309,2025,7,0.027684421186020533,2
2309,2025,11,0.005968924245978936,1
2309,2025,12,0.009493883427814374,1
2401,2021,1,0.12747258117586485,1
2401,2021,2,0.13637265864124237,1
2401,2021,3,0.12611299384098476,1
2401,2021,7,0.3672048563898858,3
2401,2021,8,0.047820628909300895,1
2401,2021,9,0.13749880763384847,1
2401,2021,10,0.2694367921207069,2
2401,2021,12,0.14144773989486614,1
2401,2022,1,0.1586246145761694,1
2401,2022,3,0.13996051106430926,1
2401,2022,5,0.2084152634793136,2
2401,2022,6,0.12527320879550413,1
2401,2022,7,0.06921642323690325,1
2401,2022,8,0.13351065951362717,1
2401,2022,9,0.09862457037317446,1
2401,2022,10,0.10918485769798202,1
2401,2022,11,0.13278035475489108,1
2401,2022,12,0.09001616696465992,1
2401,2023,3,0.13592044762018574,2
2401,2023,4,0.11769712074426193,1
2401,2023,8,0.03498316161673836,1
2401,2024,1,0.08338228652396563,1
2401,2024,9,0.1342702701412219,1
2401,2024,12,0.09772152171842689,1
2401,2025,1,0.11026516902091374,1
2401,2025,8,0.04403080600539341,1
2402,2021,1,0.11173465073329085,1
2402,2021,2,0.11953591307472901,1
2402,2021,3,0.11054291981670535,1
2402,2021,7,0.3218692678677827,3
2402,2021,8,0.04191663195126946,1
2402,2021,9,0.12052302624998423,1
2402,2021,10,0.23617177580150484,2
2402,2021,12,0.12398441820489803,1
2402,2022,1,0.13904061362748124,1
2402,2022,3,0.122680804577482,1
2402,2022,5,0.18268404434534977,2
2402,2022,6,0.10980681572371329,1
2402,2022,7,0.06067087372078195,1
2402,2022,8,0.11702726007678048,1
2402,2022,9,0.0864482528141821,1
2402,2022,10,0.09570475334940447,1
2402,2022,11,0.11638711969213057,1
2402,2022,12,0.07890265407169929,1
2402,2023,3,0.11913953261369638,2
2402,2023,4,0.10316608134364819,1
2402,2023,8,0.030664095044877066,1
2402,2024,1,0.07308780112677651,1
2402,2024,9,0.11769308818965518,1
2402,2024,12,0.08565669571929452,1
2402,2025,1,0.0966516880332206,1
2402,2025,8,0.0385947055055743,1
2403,2021,1,0.06511072891096167,1
2403,2021,2,0.0696567303003528,1
2403,2021,3,0.06441627586407447,1
2403,2021,7,0.18756171435961555,3
2403,2021,8,0.02442592733702886,1
2403,2021,9,0.07023194719087586,1
2403,2021,10,0.1376235247500585,2
2403,2021,12,0.07224899160594221,1
2403,2022,1,0.08102263391078361,1
2403,2022,3,0.07148934155161908,1
2403,2022,5,0.10645481244775751,2
2403,2022,6,0.06398732858823379,1
2403,2022,7,0.03535451881488756,1
2403,2022,8,0.06819487201190665,1
2403,2022,9,0.05037567770490592,1
2403,2022,10,0.055769684783799164,1
2403,2022,11,0.06782184532075612,1
2403,2022,12,0.045978658239875174,1
2403,2023,3,0.06942574894788497,2
2403,2023,4,0.06011759746049066,1
2403,2023,8,0.0178687772026309,1
2403,2024,1,0.04259019001386613,1
2403,2024,9,0.06858286762002078,1
2403,2024,12,0.0499144165018276,1
2403,2025,1,0.0563214886073195,1
2403,2025,8,0.02249015315374438,1
2620,2022,12,0.008803429003925434,1
2620,2023,11,0.006643287482520926,1
2620,2024,4,0.004075228664606452,1
2620,2025,1,0.005279256836472411,1
2620,2025,10,0.004693793659917513,1
2701,2021,1,0.07949682496156327,1
2701,2021,4,0.08152966759315912,1
2701,2021,9,0.14377364366945383,2
2701,2021,12,0.16030539324176643,3
2701,2022,2,0.0670270489279883,1
2701,2022,4,0.07155149479274034,1
2701,2022,5,0.059648657691460404,1
2701,2022,6,0.1629467855752775,2
2701,2022,7,0.08066918941328506,1
2701,2022,9,0.07464570204184227,1
2701,2022,10,0.0769559216037576,1
2701,2022,12,0.08439558802655427,1
2701,2023,1,0.07294420546514452,1
2701,2023,4,0.059614522988870856,1
2701,2023,7,0.09445442249534802,1
2701,2023,8,0.203101466478784,2
2701,2023,10,0.2349218757319611,3
2701,2024,2,0.10512619741308538,1
2701,2024,4,0.08661379059496177,1
2701,2024,8,0.09472104441580408,1
2701,2025,1,0.08470528804936815,1
2701,2025,6,0.09798868347031774,3
2701,2025,7,0.021511631469569803,1
2701,2025,9,0.04649918211955055,1
2704,2021,1,0.07494370552567577,1
2704,2021,4,0.07686011866086727,1
2704,2021,9,0.13553911893621748,2
2704,2021,12,0.151124025281479,3
2704,2022,2,0.06318812631250319,1
2704,2022,4,0.06745343802424493,1
2704,2022,5,0.05623232675257195,1
2704,2022,6,0.15361413390300122,2
2704,2022,7,0.07604892370616398,1
2704,2022,9,0.07037042693574204,1
2704,2022,10,0.0725483304511535,1
2704,2022,12,0.07956189570824282,1
2704,2023,1,0.06876638226529594,1
2704,2023,4,0.05620014708878897,1
2704,2023,7,0.08904461817829468,1
2704,2023,8,0.19146898637748533,2
2704,2023,10,0.22146690619289455,3
2704,2024,2,0.09910517540505054,1
2704,2024,4,0.0816530524325951,1
2704,2024,8,0.08929596953355963,1
2704,2025,1,0.07985385790072384,1
2704,2025,6,0.09237645707735868,3
2704,2025,7,0.020279569341439478,1
2704,2025,9,0.04383597726874345,1
2705,2021,1,0.1494934374837278,2
2705,2021,4,0.06828494208586833,1
2705,2021,9,0.12041720788601235,2
2705,2021,12,0.1342633278991174,3
2705,2022,2,0.05613831491468487,1
2705,2022,4,0.05992775172910851,1
2705,2022,5,0.04995856424052095,1
2705,2022,6,0.13647561856390844,2
2705,2022,7,0.06756425102440025,1
2705,2022,9,0.06251929624344342,1
2705,2022,10,0.06445421409173187,1
2705,2022,11,0.057228539636688204,1
2705,2022,12,0.07068528562453762,1
2705,2023,1,0.06109421260666359,1
2705,2023,4,0.049929974817084596,1
2705,2023,7,0.07911003393309751,1
2705,2023,8,0.1701070577800611,2
2705,2023,10,0.1967581513898693,3
2705,2024,2,0.12981126084173128,2
2705,2024,4,0.07254313490063524,1
2705,2024,8,0.07933334236712691,1
2705,2025,1,0.07094467400113898,1
2705,2025,6,0.0820701441986814,3
2705,2025,7,0.01801700598611749,1
2705,2025,9,0.038945258233092236,1
2707,2021,1,0.06466307491033328,1
2707,2021,3,0.025279793350299087,1
2707,2021,5,0.062159271744079966,1
2707,2021,8,0.2110590339701652,1
2707,2022,2,0.1893958565910758,1
2707,2022,3,0.03405096723921277,1
2707,2022,6,0.1863578954179958,1
2707,2022,9,0.21890888993305413,1
2707,2022,12,0.16958312110603885,1
2707,2023,1,0.15135027642767934,1
2707,2023,3,0.10984122738255167,1
2707,2023,4,0.05021063599432556,1
2707,2023,5,0.2364117859118359,2
2707,2023,10,0.20473856073013838,1
2707,2024,1,0.09981351051909036,1
2707,2024,4,0.09821826969535905,1
2707,2024,5,0.1316346572813121,1
2707,2024,6,0.0984776497308844,1
2707,2024,7,0.3306515106341045,2
2707,2024,8,0.39631163245046275,3
2707,2024,9,0.18726419808958858,1
2707,2024,10,0.15483099815109888,1
2707,2024,11,0.22322844452362198,2
2707,2024,12,0.13292825679215906,1
2707,2025,2,0.17077493377331163,1
2707,2025,8,0.15156572092944479,1
2708,2021,1,0.06037661142677792,1
2708,2021,4,0.061920524026042034,1
2708,2021,9,0.10919386304345739,2
2708,2021,12,0.12174947165568709,3
2708,2022,2,0.05090600901564864,1
2708,2022,4,0.054342255809526306,1
2708,2022,5,0.04530223476607353,1
2708,2022,6,0.1237555683598407,2
2708,2022,7,0.06126700413096955,1
2708,2022,9,0.056692258452314535,1
2708,2022,10,0.05844683454850131,1
2708,2022,12,0.06409714635618949,1
2708,2023,1,0.055399998067010556,1
2708,2023,4,0.045276309986367995,1
2708,2023,7,0.07173667586472368,1
2708,2023,8,0.15425242866903505,2
2708,2023,10,0.17841953830956508,3
2708,2024,2,0.07984172418273884,1
2708,2024,4,0.06578183696620284,1
2708,2024,8,0.07193917109767192,1
2708,2025,1,0.06433235874291486,1
2708,2025,6,0.07442089251953657,3
2708,2025,7,0.01633775204257823,1
2708,2025,9,0.03531541104757948,1
2709,2021,1,0.1046686566294404,1
2709,2022,11,0.07224647342185027,1
2709,2024,2,0.05272260282865421,1
2711,2021,1,0.13530527103656687,2
2711,2021,4,0.0592912262235028,1
2711,2021,9,0.10455722295252105,2
2711,2021,12,0.11657968953062012,3
2711,2022,2,0.04874441462112131,1
2711,2022,4,0.052034749921415276,1
2711,2022,5,0.04337859041399314,1
2711,2022,6,0.11850060243281343,2
2711,2022,7,0.05866545639112854,1
2711,2022,9,0.3691693952888694,2
2711,2022,10,0.05596503814801998,1
2711,2022,11,0.053488338640713326,1
2711,2022,12,0.06137542381404037,1
2711,2023,1,0.053047577840124115,1
2711,2023,4,0.043353766464220546,1
2711,2023,5,0.1575018274293004,1
2711,2023,7,0.06869056010295688,1
2711,2023,8,0.5437203443072844,4
2711,2023,9,0.07950752482124106,1
2711,2023,10,0.1708434057204722,3
2711,2024,2,0.11548511026404963,2
2711,2024,4,0.06298857831565445,1
2711,2024,5,0.07924406664202334,1
2711,2024,8,0.1440159614193523,2
2711,2024,9,0.06794986001391509,1
2711,2025,1,0.061600648504096904,1
2711,2025,6,0.07126079831422379,3
2711,2025,7,0.015644010892617747,1
2711,2025,9,0.033815831802673245,1
2712,2021,1,0.06589535910732838,1
2712,2022,11,0.045483599997134416,1
2712,2024,2,0.03319212224884929,1
2713,2021,1,0.15403623676622613,2
2713,2021,4,0.0739328988603482,1
2713,2021,9,0.13037710774487896,2
2713,2021,12,0.1453684624896755,3
2713,2022,2,0.06078160472858802,1
2713,2022,4,0.06488447192273687,1
2713,2022,5,0.05409071699230504,1
2713,2022,6,0.1477637352536768,2
2713,2022,7,0.07315259828851682,1
2713,2022,9,0.06769036722875434,1
2713,2022,10,0.0697853252269716,1
2713,2022,11,0.0565629188940873,1
2713,2022,12,0.07653177865219699,1
2713,2023,1,0.06614741264510558,1
2713,2023,4,0.054059762891930506,1
2713,2023,7,0.08565335136785358,1
2713,2023,8,0.18417688459733486,2
2713,2023,10,0.2130323327852216,3
2713,2024,2,0.13660812050680485,2
2713,2024,4,0.07854329361335448,1
2713,2024,8,0.08589512999961982,1
2713,2025,1,0.07681262145629136,1
2713,2025,6,0.08885829708788787,3
2713,2025,7,0.019507221367528728,1
2713,2025,9,0.04216648283038135,1
2714,2024,11,0.09068433591548453,1
2715,2021,1,0.06813039574981107,1
2715,2022,11,0.0470263112593956,1
2715,2024,2,0.03431793156945884,1
2715,2024,11,0.09566533274077146,1
2810,2021,5,0.07522970306652554,1
2810,2021,8,0.24403380271296024,1
2810,2021,10,0.1440988906867992,1
2810,2022,1,0.21615821221323694,1
2810,2023,6,0.23712679598266437,1
2810,2024,4,0.1569429944852213,1
2815,2021,5,0.06893462886967561,1
2815,2021,8,0.22361353210177554,1
2815,2021,10,0.13204097776701793,1
2815,2022,1,0.1980705164139133,1
2815,2023,6,0.2172844901656103,1
2815,2024,4,0.143810312117904,1
2826,2021,5,0.06856755397868446,1
2826,2021,8,0.22242279655613872,1
2826,2021,10,0.13133786340613807,1
2826,2022,1,0.19701579668286703,1
2826,2023,6,0.2161274565839485,1
2826,2024,4,0.14304452639439072,1
2827,2022,12,0.01564603151160333,1
2827,2023,11,0.011806886299169924,1
2827,2024,4,0.007242763708890104,1
2827,2025,1,0.009382641557563956,1
2827,2025,10,0.008342117995077473,1
2833,2022,12,0.013711510562344115,1
2833,2023,11,0.010347048456306907,1
2833,2024,4,0.0063472472889601495,1
2833,2025,1,0.00822254440199856,1
2833,2025,10,0.007310674206235461,1
2844,2021,2,0.09736657840382243,1
2844,2021,3,0.09015434034628711,1
2844,2021,5,0.11956490572234456,1
2844,2021,9,0.11940352822395599,1
2844,2022,3,0.10319229324041866,1
2844,2022,10,0.09973940882952252,1
2844,2022,12,0.1329838713158788,1
2844,2023,2,0.1130237798245064,1
2844,2023,3,0.19749117455890497,2
2844,2023,5,0.343371768219584,3
2844,2023,7,0.08537969126646335,1
2844,2023,8,0.17811163378682973,3
2844,2023,9,0.2818890101572291,2
2844,2023,10,0.19162598799814026,1
2844,2023,12,0.11516919734677619,1
2844,2024,1,0.10168094544696586,1
2844,2024,2,0.11925306923889857,1
2844,2024,7,0.253534273352239,2
2844,2024,8,0.09563558942992158,1
2844,2024,9,0.08387482628647014,2
2844,2024,10,0.026102073933024772,1
2844,2024,12,0.1119235445425505,1
2844,2025,2,0.07303980707217303,1
2844,2025,8,0.019606513869163945,1
2844,2025,9,0.27370530084695693,3
2844,2025,12,0.12201612221002264,1
2902,2021,1,0.057230064843945515,1
2902,2021,3,0.022373885168395596,1
2902,2021,5,0.055014073449167984,1
2902,2021,8,0.18679783194292263,1
2902,2022,2,0.16762483332121528,1
2902,2022,3,0.030136814028740206,1
2902,2022,6,0.16493608529663015,1
2902,2022,9,0.1937453482247376,1
2902,2022,12,0.15008956859529657,1
2902,2023,1,0.13395258648179437,1
2902,2023,3,0.09721499595184646,1
2902,2023,4,0.04443893145811098,1
2902,2023,5,0.20923628912433972,2
2902,2023,10,0.18120389608582416,1
2902,2024,1,0.08833996352988986,1
2902,2024,4,0.08692809538241235,1
2902,2024,5,0.1165032745870267,1
2902,2024,6,0.08715765972454927,1
2902,2024,7,0.2926431726387694,2
2902,2024,8,0.350755674007167,3
2902,2024,9,0.165738208621811,1
2902,2024,10,0.137033199802631,1
2902,2024,11,0.19756837070948582,2
2902,2024,12,0.11764817504204723,1
2902,2025,2,0.1511443825880496,1
2902,2025,8,0.13414326567271448,1
2906,2021,1,0.05034211418955748,1
2906,2021,3,0.01968106597612175,1
2906,2021,5,0.048392829453585896,1
2906,2021,8,0.16431569336282564,1
2906,2022,2,0.14745026976769002,1
2906,2022,3,0.026509683979587518,1
2906,2022,6,0.14508512724252076,1
2906,2022,9,0.17042703814194907,1
2906,2022,12,0.13202546985555594,1
2906,2023,1,0.117830661611883,1
2906,2023,3,0.08551464060874589,1
2906,2023,4,0.03909046351819421,1
2906,2023,5,0.18405355975778043,2
2906,2023,10,0.15939501821672883,1
2906,2024,1,0.07770776677695028,1
2906,2024,4,0.07646582466671988,1
2906,2024,5,0.10248146963855731,1
2906,2024,6,0.07666775968736367,1
2906,2024,7,0.25742196962291,2
2906,2024,8,0.3085403142850371,3
2906,2024,9,0.145790710647685,1
2906,2024,10,0.12054050630617635,1
2906,2024,11,0.17378993900535428,2
2906,2024,12,0.103488575075175,1
2906,2025,2,0.13295333122731418,1
2906,2025,8,0.11799839152148642,1
2909,2021,1,0.049065567136662123,1
2909,2021,3,0.01918200456056307,1
2909,2021,5,0.047165711268051747,1
2909,2021,8,0.16014906831174103,1
2909,2022,2,0.1437113086543005,1
2909,2022,3,0.02583746630454301,1
2909,2022,6,0.14140614008471072,1
2909,2022,9,0.16610544504288693,1
2909,2022,12,0.12867764215375085,1
2909,2023,1,0.11484277788385792,1
2909,2023,3,0.0833462083884093,1
2909,2023,4,0.0380992295026229,1
2909,2023,5,0.17938643297802292,2
2909,2023,10,0.15535316888190345,1
2909,2024,1,0.07573729687787774,1
2909,2024,4,0.07452684723804125,1
2909,2024,5,0.09988280209847569,1
2909,2024,6,0.0747236617038647,1
2909,2024,7,0.25089440791909884,2
2909,2024,8,0.3007165223120398,3
2909,2024,9,0.14209383170223486,1
2909,2024,10,0.11748390785859701,1
2909,2024,11,0.1693830713552434,2
2909,2024,12,0.10086436992115391,1
2909,2025,2,0.12958197533805252,1
2909,2025,8,0.1150062545926327,1
2940,2021,7,0.021561055756887458,1
2940,2021,10,0.02349386355925384,1
2940,2021,11,0.029302864819325394,1
2940,2022,6,0.02529278810400824,1
3002,2021,3,0.013738992519419312,1
3002,2021,4,0.08109344846596923,1
3002,2021,5,0.04961337065917743,1
3002,2021,6,0.18738180246613081,2
3002,2021,7,0.10203883388696049,1
3002,2021,8,0.10025876766391312,2
3002,2021,12,0.056957117264300576,1
3002,2022,2,0.030358488071855528,1
3002,2022,3,0.04975194936182003,2
3002,2022,4,0.03076209312045375,1
3002,2022,5,0.036298955599821096,1
3002,2022,6,0.04599414351984729,1
3002,2022,7,0.024256291033374063,1
3002,2022,8,0.024363293868057755,1
3002,2022,9,0.037503106900860506,1
3002,2022,10,0.0313086988728825,1
3002,2022,11,0.029027124885061494,1
3002,2023,1,0.025836413808802423,1
3002,2023,4,0.054576676538628695,1
3002,2023,5,0.019723935155454994,1
3002,2023,7,0.0555888509952613,1
3002,2023,9,0.03585704205967777,1
3002,2023,10,0.030946754830821915,1
3002,2023,11,0.026056449006707776,2
3002,2023,12,0.020799255211848583,1
3002,2024,1,0.05227975658664813,2
3002,2024,2,0.029364961785900943,1
3002,2024,3,0.13346322604282115,1
3002,2024,8,0.05015784994849818,1
3002,2025,4,0.06729343730268095,1
3005,2021,4,0.23079391256450213,1
3005,2021,8,0.13993025234964218,1
3005,2021,9,0.2525010506027356,1
3005,2021,10,0.043041201189722385,1
3005,2021,11,0.09417163174109072,3
3005,2022,2,0.0759982246562829,2
3005,2022,5,0.10337951641519669,2
3005,2022,6,0.4094245358994704,1
3005,2022,7,0.3409360246536193,2
3005,2022,10,0.05324973194693886,1
3005,2022,12,0.08687313707041054,1
3005,2023,3,0.023177267915029106,1
3005,2023,5,0.0398822063397434,1
3005,2023,10,0.0317172225949771,1
3005,2023,12,0.24643391414167062,1
3005,2024,2,0.05371739533661601,1
3005,2024,3,0.13711367007520808,2
3005,2024,4,0.27206611454314933,1
3005,2024,5,0.06715432019301563,2
3005,2024,6,0.06555943797175394,2
3005,2024,7,0.09847524425273496,2
3005,2024,9,0.07994779354638612,1
3005,2024,10,0.04901224331225118,1
3005,2025,1,0.7994745806516912,2
3005,2025,3,0.40383194170577974,1
3005,2025,7,0.031212851666757652,1
3005,2025,12,0.05341740350378588,1
3006,2021,4,0.11207962732773614,1
3006,2021,8,0.09631655016799377,1
3006,2021,9,0.17380108803835584,1
3006,2021,10,0.07051982790048003,1
3006,2021,11,0.13360152524531346,3
3006,2022,2,0.12451747570611091,2
3006,2022,5,0.14916021210872557,2
3006,2022,6,0.28181439102557115,1
3006,2022,7,0.2779719504532432,2
3006,2022,10,0.08724575125337117,1
3006,2022,12,0.059796368007583256,1
3006,2023,3,0.03797424094570703,1
3006,2023,5,0.06534404825211336,1
3006,2023,10,0.042278913226991365,1
3006,2023,12,0.2037557624967821,1
3006,2024,2,0.08801198316242073,1
3006,2024,3,0.04138794909476924,1
3006,2024,4,0.18726807913509338,1
3006,2024,5,0.09946921441020035,2
3006,2024,6,0.10741429502957846,2
3006,2024,7,0.14448088027894532,2
3006,2024,9,0.10657004458430636,1
3006,2024,10,0.08030293922702439,1
3006,2025,1,0.5502929656909983,2
3006,2025,3,0.2779649062273883,1
3006,2025,7,0.05113995118585486,1
3006,2025,12,0.08752046871026875,1
3101,2021,3,0.015316060481549227,1
3101,2022,3,0.020630179466433963,1
3101,2022,5,0.10037254602536173,1
3102,2021,3,0.014928814479630974,1
3102,2022,3,0.020108573109051356,1
3102,2022,5,0.09783476111667054,1
3103,2021,3,0.014646619352696249,1
3103,2022,3,0.01972846648044214,1
3103,2022,5,0.09598541850010735,1
3104,2021,3,0.016478931624602924,1
3104,2022,3,0.02219652483353637,1
3104,2022,5,0.1079933266737753,1
3105,2021,3,0.012226592060798494,1
3105,2022,3,0.01646877725385136,1
3105,2022,5,0.08012596815181067,1
3204,2021,3,0.05213585578912177,1
3204,2021,9,0.03348821053292793,1
3204,2021,10,0.027620406048286,1
3204,2023,11,0.04128477105160319,1
3204,2024,11,0.016828797987418695,1
3204,2025,1,0.03197473458425778,2
3204,2025,7,0.012087050506876853,1
3207,2021,3,0.053541044779285916,1
3207,2021,9,0.034390799816807836,1
3207,2021,10,0.028364843631508964,1
3207,2022,4,0.07537902565922228,1
3207,2022,11,0.07434643586764893,1
3207,2023,11,0.04239749673463043,1
3207,2024,11,0.01728237530559425,1
3207,2025,1,0.03283653198493638,2
3207,2025,7,0.012412826118281801,1
3208,2021,3,0.06518421192468955,1
3208,2021,9,0.08408987545688139,1
3208,2021,10,0.06935564688907835,1
3208,2023,11,0.05161736054309665,1
3208,2024,11,0.021040643101490522,1
3208,2025,1,0.06571371851715516,2
3208,2025,7,0.030350937108595766,1
3209,2021,3,0.08072179053489689,1
3209,2021,9,0.099516873078028,1
3209,2021,10,0.08207952587876162,1
3209,2022,6,0.12018986113858204,1
3209,2023,2,0.1192473921441125,1
3209,2023,11,0.06392108829263787,1
3209,2024,11,0.026055977897229597,1
3209,2025,1,0.07856309745630412,2
3209,2025,7,0.03591907277332234,1
3210,2021,3,0.1378226902405666,1
3210,2021,9,0.14801702637064207,1
3210,2021,10,0.12208148197100889,1
3210,2022,6,0.15195040218438238,1
3210,2023,1,0.004433511478823082,1
3210,2023,2,0.15075888285488723,1
3210,2023,6,0.0020799886163955315,1
3210,2023,11,0.10913752399716128,1
3210,2024,11,0.04742396814416124,2
3210,2025,1,0.120789736655241,2
3210,2025,6,0.003906760904857526,2
3210,2025,7,0.05342445132625159,1
3210,2025,12,0.0026441788620393336,1
3212,2021,3,0.11995663982682321,1
3212,2021,9,0.10446299693346417,1
3212,2021,10,0.08615898987753014,1
3212,2023,11,0.09498995147219476,1
3212,2024,11,0.03872049337907602,1
3212,2025,1,0.09027848669697225,2
3212,2025,7,0.037704299511405026,1
3215,2025,1,0.13305779488681072,1
3302,2021,1,0.04042870254936777,2
3302,2021,7,0.08693081250875674,3
3302,2021,8,0.02880716686598681,1
3302,2021,10,0.03246855418543426,1
3302,2021,11,0.04049660251814873,1
3302,2021,12,0.027436746361950974,1
3302,2022,1,0.024913310213607025,1
3302,2022,2,0.03982668328927149,2
3302,2022,3,0.02776725159754629,1
3302,2022,4,0.008903006558681361,1
3302,2022,5,0.015987265109048413,1
3302,2022,6,0.01172058916902881,1
3302,2022,7,0.037238237406021904,2
3302,2022,8,0.03581630331985644,2
3302,2022,9,0.04130087711156684,2
3302,2023,1,0.03039162325286458,1
3302,2023,4,0.008105546111526566,1
3302,2023,11,0.008930438637570265,1
3302,2024,2,0.01741350751636654,1
3302,2024,4,0.009044249058589367,1
3302,2024,9,0.013157397542484147,1
3302,2024,12,0.011248870973755447,1
3302,2025,1,0.03650802077168359,3
3302,2025,3,0.005831718423468768,1
3302,2025,7,0.007440492554471334,1
3302,2025,8,0.015828491599643287,2
3302,2025,9,0.01696323968814388,1
3302,2025,11,0.005391831299949207,1
3403,2023,1,0.0026803819888465683,1
3403,2023,6,0.0012575052643987868,1
3403,2024,11,0.001775352372331049,1
3403,2025,6,0.0023619227364422707,2
3403,2025,12,0.0015985995369477346,1
3405,2021,4,0.01319854125783004,2
3405,2021,7,0.02843490141841164,2
3405,2021,9,0.02653428714530525,1
3405,2022,2,0.012514573949353137,1
3405,2022,3,0.02742753126619691,1
3405,2022,8,0.00527070786275896,1
3405,2022,11,0.014199365139971658,1
3405,2022,12,0.020042760155260426,1
3405,2023,1,0.009913148095833971,1
3405,2023,2,0.009843719419843314,1
3405,2023,3,0.029128157588271593,1
3405,2023,5,0.06558979507326651,2
3405,2023,6,0.012395050970110642,2
3405,2023,8,0.011949982930756093,1
3405,2023,10,0.007337713086798977,1
3405,2024,4,0.006256926653522599,1
3405,2024,8,0.009962475290038596,2
3405,2024,10,0.014173081072653302,1
3405,2024,11,0.006565978678576806,1
3405,2025,1,0.005757081341142796,1
3405,2025,2,0.04990718024468062,2
3405,2025,6,0.008735355622705589,2
3405,2025,8,0.003960841947593143,1
3405,2025,9,0.004384624706793775,1
3405,2025,12,0.022380861696385777,3
3502,2021,6,0.022285637164584846,1
3502,2022,3,0.029420979721568055,1
3502,2022,12,0.026600256042831966,1
3502,2023,1,0.03069251380955771,1
3502,2023,4,0.03935177701604771,1
3502,2023,5,0.04094272474797166,1
3502,2025,7,0.019318926375555004,1
3505,2021,7,0.02746995367080941,1
3505,2021,10,0.029932455571655484,1
3505,2021,11,0.03733343803221357,1
3505,2022,6,0.032224382945661725,1
3606,2021,1,0.10209815362225236,2
3606,2021,2,0.0455997206272574,1
3606,2021,3,0.042169136716359225,1
3606,2021,4,0.06099524567967246,1
3606,2021,7,0.12278442784048682,3
3606,2021,8,0.015990062379149076,1
3606,2021,9,0.15353845685478407,3
3606,2021,10,0.09009315041463162,2
3606,2021,12,0.16722687451031681,4
3606,2022,1,0.05304023681395179,1
3606,2022,2,0.050145320559225624,1
3606,2022,3,0.04679941175137104,1
3606,2022,4,0.05353021951971255,1
3606,2022,5,0.11431430976366042,3
3606,2022,6,0.16379462188665478,3
3606,2022,7,0.08349579015155961,2
3606,2022,8,0.04464273729969734,1
3606,2022,9,0.08882277843810987,2
3606,2022,10,0.09408224072135288,2
3606,2022,11,0.044398541041422955,1
3606,2022,12,0.10133950251606251,3
3606,2023,1,0.05457215593539741,1
3606,2023,3,0.04544851219273537,2
3606,2023,4,0.0839548183012116,2
3606,2023,7,0.07066471476842796,1
3606,2023,8,0.16364495836331194,3
3606,2023,10,0.17575341527582483,3
3606,2023,11,0.006113163747967895,1
3606,2024,1,0.02788102108324581,1
3606,2024,2,0.0786486493552062,1
3606,2024,4,0.06854889094692862,2
3606,2024,8,0.07086418411525464,1
3606,2024,9,0.044896732732131774,1
3606,2024,12,0.03267571472191794,1
3606,2025,1,0.10509902809453847,3
3606,2025,6,0.07330882117568191,3
3606,2025,7,0.016093617025455385,1
3606,2025,8,0.014722837208306076,1
3606,2025,9,0.03478769288547666,1
3606,2025,10,0.0043192364198818035,1
3809,2023,1,0.0024890302696008652,1
3809,2023,6,0.001167732315877081,1
3809,2024,11,0.0016486104638545366,1
3809,2025,6,0.0021933057340059008,2
3809,2025,12,0.0014844759638700153,1
3811,2021,1,0.13586546639201202,2
3811,2021,4,0.07009914636558301,1
3811,2021,9,0.12361646979097786,2
3811,2021,12,0.1378304555357933,3
3811,2022,2,0.057629805835862184,1
3811,2022,4,0.06151992095909643,1
3811,2022,5,0.05128587064636925,1
3811,2022,6,0.14010152266094933,2
3811,2022,7,0.0693593078791025,1
3811,2022,9,0.06418031800526866,1
3811,2022,10,0.06616664303256369,1
3811,2022,11,0.046600958452923315,1
3811,2022,12,0.07256326258074022,1
3811,2023,1,0.0627173725390163,1
3811,2023,4,0.051256521654970064,1
3811,2023,7,0.08121184082852285,1
3811,2023,8,0.17462648684900842,2
3811,2023,10,0.2019856505927151,3
3811,2024,2,0.12439495081840585,2
3811,2024,4,0.07447047146680168,1
3811,2024,8,0.08144108215352847,1
3811,2025,1,0.07282954242548323,1
3811,2025,6,0.08425059573446533,3
3811,2025,7,0.01849568442340101,1
3811,2025,9,0.039979961522028484,1
3813,2021,4,0.17603364535960733,2
3813,2021,5,0.3673135946659469,1
3813,2021,7,0.27689091646241876,1
3813,2021,11,0.7403630711347542,1
3813,2022,1,0.7708866560568086,2
3813,2022,5,0.6331659837748745,1
3813,2022,7,0.7027141948116731,2
3813,2022,9,0.05975953247328651,1
3813,2023,1,0.9621421235766994,2
3813,2023,3,0.1783687450383418,1
3813,2023,5,0.3056666820614202,2
3813,2023,6,0.7110747231026915,2
3813,2023,8,1.6031598915143392,5
3813,2023,10,0.04869712725124765,1
3813,2023,11,0.9225405962453309,2
3813,2024,2,0.7443051631960079,2
3813,2024,3,0.211079766884443,1
3813,2024,5,0.7597049180920291,1
3813,2024,7,0.1111269809204002,1
3813,2024,9,0.3873802132465521,2
3813,2024,10,0.2820660666895518,1
3813,2024,12,0.19492122747634927,1
3813,2025,2,0.16943835020107129,1
3813,2025,11,0.03210766064944062,1
3814,2021,3,0.09067093283272325,1
3814,2021,9,0.10922448103865179,1
3814,2021,10,0.09008616670438473,1
3814,2022,6,0.1508119461351222,1
3814,2023,2,0.14962935401061614,1
3814,2023,11,0.07179950623952973,1
3814,2024,11,0.029267435795905492,1
3814,2025,1,0.08668684055180126,2
3814,2025,7,0.03942288339364935,1
3816,2021,1,0.32349626340663185,1
3816,2021,2,0.3372663633697572,1
3816,2021,3,0.3207433015200871,1
3819,2021,1,0.08002969385063913,1
3819,2022,11,0.05523968049201785,1
3819,2023,3,0.08234261237543535,1
3819,2023,6,0.07565599857702911,1
3819,2023,9,0.10989110798809046,1
3819,2023,10,0.10450844431762189,1
3819,2024,2,0.04031172176331576,1
3819,2024,3,0.07592486702101899,1
3821,2021,5,0.12172009143114706,1
3821,2022,7,0.08739757437839347,1
3821,2023,11,0.03893908713290639,1
3821,2024,4,0.03943533083162592,1
3825,2022,4,0.2214669204013297,1
3825,2023,10,0.25396253826532045,1
3825,2024,10,0.3007457826230499,1
3825,2024,11,0.24001120168322182,1
3826,2021,1,0.08625614958864833,1
3826,2022,11,0.05953742810313872,1
3826,2024,2,0.043448047034666565,1
3903,2021,12,0.08225262798581377,1
3903,2023,2,0.17629477747287634,2
3903,2023,11,0.07244267456314958,1
3903,2024,1,0.09487244466490374,2
3903,2024,3,0.03967036560240373,1
3903,2024,8,0.013355689478636813,1
3903,2024,10,0.06170163555992408,1
3903,2024,12,0.06967360945565804,1
3903,2025,1,0.12614347491306385,2
3903,2025,3,0.03693854227099155,1
3903,2025,5,0.0974347461189626,1
3903,2025,7,0.09574921448484879,1
3903,2025,8,0.21621323032109618,3
3915,2021,12,0.06782237644758181,1
3915,2023,2,0.14536594217476284,2
3915,2023,11,0.05973346342124148,1
3915,2024,1,0.07822819542829973,2
3915,2024,3,0.03271066877235178,1
3915,2024,8,0.01101259159395297,1
3915,2024,10,0.050876812776102676,1
3915,2024,12,0.057450198062710366,1
3915,2025,1,0.10401309297297423,2
3915,2025,3,0.030458111560401305,1
3915,2025,5,0.08034097137290955,1
3915,2025,7,0.07895114634479139,1
3915,2025,8,0.178281174217488,3
3917,2021,1,0.10367886394100663,3
3917,2021,3,0.1098904186993189,2
3917,2021,4,0.044396606493154495,1
3917,2021,11,0.03244966744847386,1
3917,2022,4,0.006378169006110581,1
3917,2022,5,0.04921861347084804,1
3917,2022,6,0.04455736262268067,1
3917,2022,8,0.055908416469643105,2
3917,2022,10,0.0271540675723015,1
3917,2023,5,0.09139827160337,2
3917,2023,8,0.027512698846763037,2
3917,2023,9,0.011008439220130901,1
3917,2024,5,0.05557482474272898,2
3917,2024,7,0.032698754353835964,2
3917,2024,8,0.010402544953914497,1
3917,2024,9,0.009408190050707595,1
3917,2025,1,0.05445109670501631,1
3917,2025,8,0.061296060378827844,2
3918,2023,1,0.008901767065676568,1
3918,2023,6,0.004176277483627278,1
3918,2024,11,0.0058960899393254145,1
3918,2025,6,0.007844137930497794,2
3918,2025,12,0.005309079365710414,1
3920,2021,4,0.11662855353416345,1
3920,2021,7,0.1354495964186649,1
3920,2021,9,0.7073633828859666,1
3920,2021,12,0.4246825810239302,1
3920,2023,2,0.21788188666055142,2
3920,2023,11,0.08953156091639637,1
3920,2024,1,0.11725240833562589,2
3920,2024,3,0.049028418344924586,1
3920,2024,8,0.016506233837276178,1
3920,2024,10,0.07625676130937226,1
3920,2024,12,0.08610928636830895,1
3920,2025,1,0.1559001276042047,2
3920,2025,3,0.045652170732808146,1
3920,2025,5,0.12041914465649797,1
3920,2025,7,0.11833600403412041,1
3920,2025,8,0.26721691486624255,3
3921,2021,12,0.07129630412706241,1
3921,2023,2,0.15281172624523076,2
3921,2023,11,0.06279306915668297,1
3921,2024,1,0.08223511921434878,2
3921,2024,3,0.0343861408453544,1
3921,2024,8,0.011576667180284222,1
3921,2024,10,0.05348277230456678,1
3921,2024,12,0.06039285273945914,1
3921,2025,1,0.10934074413521963,2
3921,2025,3,0.0320182054756619,1
3921,2025,5,0.08445611358507335,1
3921,2025,7,0.08299510037559524,1
3921,2025,8,0.1874129082894001,3
3925,2022,7,0.05931975485412218,1
3925,2022,9,0.02227679817108073,1
3925,2022,12,0.03516217433139203,1
3925,2024,3,0.07005472511739912,1
3925,2024,9,0.0560083624541941,1
3925,2025,2,0.04401737977329696,1
3926,2021,4,0.019561761598689692,2
3926,2021,7,0.030769538889088996,1
3926,2021,9,0.039326876295492634,1
3926,2022,2,0.018548043099928687,1
3926,2022,3,0.04065076718623389,1
3926,2022,8,0.007811797429239641,1
3926,2022,11,0.021045098113102966,1
3926,2022,12,0.02970568400536874,1
3926,2023,1,0.010146638906760121,1
3926,2023,2,0.014589528401188299,1
3926,2023,3,0.0431712916920118,1
3926,2023,5,0.09721164706508606,2
3926,2023,6,0.016238231616004337,2
3926,2023,8,0.017711254041895122,1
3926,2023,10,0.010875337757374717,1
3926,2024,4,0.00927348751242374,1
3926,2024,8,0.01476553830833064,2
3926,2024,10,0.021006142091472887,1
3926,2024,11,0.006720631435840565,1
3926,2025,1,0.008532659064340843,1
3926,2025,2,0.07396820170790495,2
3926,2025,6,0.008941105123102037,2
3926,2025,8,0.005870424950404361,1
3926,2025,9,0.006498519915080831,1
3926,2025,12,0.030459877288137288,3
4006,2021,8,0.15488152963993088,1
4006,2021,9,0.13998288826327024,1
4006,2022,6,0.17002925274485248,1
4006,2023,12,0.16158131725281094,1
4006,2024,11,0.054766643121299766,1
4006,2024,12,0.10348505161958862,1
4006,2025,6,0.17404751043626168,1
4009,2021,1,0.052229429631748155,3
4009,2021,3,0.0553585723501485,2
4009,2021,11,0.016346896157523993,1
4009,2022,4,0.003213076577243361,1
4009,2022,5,0.02479444711422164,1
4009,2022,6,0.02244628796281726,1
4009,2022,8,0.02816451292796971,2
4009,2022,10,0.013679176329422713,1
4009,2023,5,0.04604293887602633,2
4009,2023,8,0.01385984099144959,2
4009,2023,9,0.005545628875045919,1
4009,2024,5,0.02799646222829665,2
4009,2024,7,0.01647237657369833,2
4009,2024,8,0.005240402614468492,1
4009,2024,9,0.0047394848046863605,1
4009,2025,1,0.027430371202218935,1
4009,2025,8,0.030878601004742948,2
4010,2025,6,0.01610071868841517,1
4011,2021,8,0.08260653873377538,1
4011,2021,9,0.07466030267307182,1
4011,2022,6,0.09068562329798546,1
4011,2023,12,0.086179891000105,1
4011,2024,11,0.02920995703513586,1
4011,2024,12,0.05519406958889141,1
4011,2025,6,0.09282877335854701,1
4011,2025,9,0.01234921055269401,1
4011,2025,12,0.01404900961965611,1
4012,2021,8,0.12613795730010585,1
4012,2021,9,0.11400426909230098,1
4012,2022,6,0.13847450159072874,1
4012,2023,12,0.13159436986135786,1
4012,2024,11,0.04460281679529344,1
4012,2024,12,0.08427985604698955,1
4012,2025,6,0.14174703394676974,1
4013,2024,3,0.09176651985449993,1
4016,2022,1,0.054176577223423734,2
4016,2023,1,0.0056433143191123025,1
4016,2023,6,0.0026475694488585066,1
4016,2023,11,0.03934972730283337,2
4016,2024,2,0.01623344733376678,1
4016,2024,6,0.008674621039618491,1
4016,2024,11,0.0037378521068771853,1
4016,2024,12,0.020875881500086194,1
4016,2025,1,0.029067730450574272,1
4016,2025,6,0.004972825684796291,2
4016,2025,12,0.0033657141761594843,1
4104,2023,1,0.0022652135065349536,1
4104,2023,6,0.0010627283429406735,1
4104,2024,11,0.0015003653171068102,1
4104,2025,6,0.0019960808967692594,2
4104,2025,12,0.0013509899998219307,1
4105,2023,1,0.0029322057055718004,1
4105,2023,6,0.0013756487420076328,1
4105,2024,11,0.0019421479390665762,1
4105,2025,6,0.002583826989113613,2
4105,2025,12,0.0017487890541973438,1
4106,2023,1,0.002810213767977059,1
4106,2023,6,0.0013184160399607092,1
4106,2024,11,0.0018613465172112964,1
4106,2025,6,0.002476329053272141,2
4106,2025,12,0.0016760321651562297,1
4107,2023,1,0.002762516800855969,1
4107,2023,6,0.0012960389356896733,1
4107,2024,11,0.0018297544068017414,1
4107,2025,6,0.0024342990174147814,2
4107,2025,12,0.0016475853430723381,1
4108,2023,1,0.0050937148626695565,1
4108,2023,6,0.002389724032547202,1
4108,2024,11,0.003373824627626974,1
4108,2025,6,0.0044885247689156246,2
4108,2025,12,0.0030379290170918474,1
4109,2023,1,0.004979160721472065,1
4109,2023,6,0.0023359807839304194,1
4109,2024,11,0.0032979496339948797,1
4109,2025,6,0.004387580936367188,2
4109,2025,12,0.0029696080845397826,1
4110,2023,1,0.004403810244860376,1
4110,2023,6,0.002066054237556001,1
4110,2024,11,0.0029168659534505575,1
4110,2025,6,0.0038805885085017753,2
4110,2025,12,0.0026264648276005374,1
4111,2023,1,0.004468773222755884,1
4111,2023,6,0.00209653171689833,1
4111,2024,11,0.002959894214870158,1
4111,2025,6,0.003937833160628551,2
4111,2025,12,0.0026652092255313687,1
4112,2023,1,0.00468640625330605,1
4112,2023,6,0.0021986345823714953,1
4112,2024,11,0.0031040435632438577,1
4112,2025,6,0.0041296089616883365,2
4112,2025,12,0.002795007166015121,1
4113,2023,1,0.003679840061016682,1
4113,2023,6,0.0017264025307323146,1
4113,2024,11,0.0024373439343009866,1
4113,2025,6,0.003242634050949794,2
4113,2025,12,0.002194683683915668,1
4114,2023,1,0.004670303436833941,1
4114,2023,6,0.0021910799216665715,1
4114,2024,11,0.0030933778545710155,1
4114,2025,6,0.0041154193392746305,2
4114,2025,12,0.002785403327807364,1
4115,2023,1,0.0037306845430957005,1
4115,2023,6,0.001750256296406777,1
4115,2024,11,0.0024710208028423148,1
4115,2025,6,0.003287437641909881,2
4115,2025,12,0.002225007707075831,1
4203,2022,4,0.004285987220720007,1
4203,2023,1,0.0034550487901636173,1
4203,2023,5,0.016615160888752034,1
4203,2023,6,0.0016209413659935288,1
4203,2024,6,0.019796069285089948,1
4203,2024,11,0.00228845332182525,1
4203,2025,6,0.0030445504883117383,2
4203,2025,12,0.0020606165162541513,1
4204,2023,1,0.004537775275982368,1
4204,2023,6,0.002128904134541671,1
4204,2024,11,0.0030055977598876607,1
4204,2025,6,0.003998637000922585,2
4204,2025,12,0.0027063625577039103,1
4205,2023,1,0.005096809180020198,1
4205,2023,6,0.0023911757362127034,1
4205,2024,11,0.0033758741502965283,1
4205,2025,6,0.004491251446879683,2
4205,2025,12,0.003039774490723773,1
4304,2023,1,0.0022249674149871527,1
4304,2023,6,0.0010438468282150005,1
4304,2024,11,0.001473708297919337,1
4304,2025,6,0.001960616489429098,2
4304,2025,12,0.001326986934743898,1
4405,2021,4,0.003943612914448636,1
4405,2022,10,0.004001294482843316,1
4405,2023,4,0.01971348853793746,2
4405,2023,7,0.008127169860044902,1
4405,2025,7,0.001221360489239119,1
4405,2025,11,0.00665525323148989,1
4406,2021,1,0.1012183481371431,3
4406,2022,4,0.017069750669260256,1
4406,2022,7,0.04371537738724973,1
4406,2022,11,0.01683591837796128,1
4406,2023,12,0.023365816322048177,1
4406,2024,10,0.273452673926035,1
4406,2025,1,0.02604054299786397,1
4406,2025,6,0.006583584934162874,1
4406,2025,7,0.0127597900064336,1
4417,2021,7,0.014321924667416296,1
4418,2022,7,0.06379049662509648,1
4418,2024,3,0.07533452754757915,1
4418,2024,9,0.060229535083170894,1
4418,2025,2,0.04733483007101414,1
4420,2021,4,0.01806918957865631,2
4420,2021,7,0.028421807955783914,1
4420,2021,9,0.03632621631413911,1
4420,2022,1,0.011913273400843598,1
4420,2022,2,0.03283938431633128,2
4420,2022,3,0.03754909367953253,1
4420,2022,8,0.007215753447708202,1
4420,2022,9,0.024814136695450816,1
4420,2022,11,0.01943934678830516,1
4420,2022,12,0.027439125722328605,1
4420,2023,1,0.009372445373462655,1
4420,2023,2,0.013476340216819739,1
4420,2023,3,0.03987730092726838,1
4420,2023,5,0.08979435063711882,2
4420,2023,6,0.014999246566391374,2
4420,2023,8,0.016359876657538977,1
4420,2023,10,0.010045544143789458,1
4420,2024,4,0.008565915859464847,1
4420,2024,8,0.013638920481579213,2
4420,2024,10,0.019403363130263272,1
4420,2024,11,0.006207843955659624,1
4420,2025,1,0.007881612985915451,1
4420,2025,2,0.06832439157943476,2
4420,2025,6,0.008258894409736983,2
4420,2025,8,0.005422508642740827,1
4420,2025,9,0.006002679653049978,1
4420,2025,12,0.028135773687111437,3
4813,2021,1,0.0582698890067757,1
4813,2021,2,0.06233826607481178,1
4813,2021,3,0.05764839846843646,1
4813,2021,7,0.16785559707987524,3
4813,2021,8,0.021859624344899967,1
4813,2021,9,0.06285304796907433,1
4813,2021,10,0.12316414892042585,2
4813,2021,12,0.06465817219596448,1
4813,2022,1,0.07251001430922625,1
4813,2022,3,0.06397833455492177,1
4813,2022,5,0.09527016836273869,2
4813,2022,6,0.05726451841408819,1
4813,2022,7,0.031640006519488284,1
4813,2022,8,0.06102999750469826,1
4813,2022,9,0.04508297169457411,1
4813,2022,10,0.04991025897957265,1
4813,2022,11,0.060696162754980895,1
4813,2022,12,0.04114792380809839,1
4813,2023,3,0.06213155271134534,2
4813,2023,4,0.0538013594682252,1
4813,2023,8,0.015991399293163407,1
4813,2024,1,0.03811546401637131,1
4813,2024,9,0.06137722846644718,1
4813,2024,12,0.044670172766408826,1
4813,2025,1,0.050404087693946505,1
4813,2025,8,0.02012723171639142,1
4815,2023,1,0.008648555240025821,1
4815,2023,6,0.004057482772616381,1
4815,2024,11,0.005728374957937714,1
4815,2025,6,0.007621010491711386,2
4815,2025,12,0.005158061970085709,1
4903,2021,1,0.14967075737914742,1
4903,2021,4,0.12535609964546074,1
4903,2021,5,0.05252035366327685,1
4903,2021,6,0.044813158958016554,1
4903,2021,7,0.10986461526725523,2
4903,2021,9,0.1290592760031314,1
4903,2021,11,0.27415772580762127,2
4903,2022,1,0.017792988084720258,1
4903,2022,2,0.06034385126138703,2
4903,2022,3,0.033729340862649976,1
4903,2022,4,0.09547369607355674,3
4903,2022,5,0.08238242498032329,2
4903,2022,6,0.1084770411678655,3
4903,2022,7,0.4240663147756698,9
4903,2022,8,0.1406643267854532,3
4903,2022,9,0.3266970747159662,6
4903,2022,10,0.03552014178125236,1
4903,2022,11,0.22451110902333188,2
4903,2022,12,0.17193196504044464,4
4903,2023,2,0.18915102139382794,2
4903,2023,3,0.07858661488622229,1
4903,2023,4,0.0478557188639515,1
4903,2023,5,0.1645146627017157,1
4903,2023,8,0.1824531320158692,2
4903,2023,9,0.1688726660392919,3
4903,2023,10,0.01979685913022011,1
4903,2023,11,0.12907065779051458,2
4903,2024,1,0.1671679113647377,3
4903,2024,4,0.19226344070535506,4
4903,2024,5,0.0970065223086134,1
4903,2024,7,0.07045601738378166,1
4903,2024,8,0.016268223929610207,1
4903,2024,9,0.04237423245750495,1
4903,2024,10,0.2344054501934839,4
4903,2024,11,0.37539900146213917,4
4903,2024,12,0.05542991676922568,1
4903,2025,1,0.29324981526315025,3
4903,2025,2,0.33858513728199746,4
4903,2025,3,0.16163156948100527,2
4903,2025,6,0.009951650041271989,1
4903,2025,9,0.029034181798669047,2
4903,2025,12,0.1413051639444884,3
5210,2022,9,0.008370107933801281,1
5210,2022,11,0.017232104740658324,1
5210,2023,1,0.012788917717147252,1
5210,2023,2,0.01838877681263198,1
5210,2023,5,0.025678324586234737,1
5210,2023,6,0.005999940091447975,1
5210,2023,8,0.012264536797038506,1
5210,2023,10,0.006820672690858189,1
5210,2024,8,0.007346477410047875,1
5210,2024,11,0.008470746148557126,1
5210,2025,1,0.010754642565394046,1
5210,2025,6,0.011269451763335426,2
5210,2025,8,0.007399138014598169,1
5210,2025,12,0.007627404610897257,1
5407,2022,9,0.010111823935943362,1
5407,2022,11,0.02081789273942341,1
5407,2023,1,0.015450133416419331,1
5407,2023,2,0.02221525397250713,1
5407,2023,5,0.03102166653519954,1
5407,2023,6,0.007248453462102063,1
5407,2023,8,0.01481663530845652,1
5407,2023,10,0.00823997037076828,1
5407,2024,8,0.008875188552801876,1
5407,2024,11,0.010233403719249287,1
5407,2025,1,0.012992550750283874,1
5407,2025,6,0.013614485379007748,2
5407,2025,8,0.008938807178246659,1
5407,2025,12,0.009214573231741885,1
5514,2022,9,0.007856012640833899,1
5514,2022,11,0.016173702148343117,1
5514,2023,1,0.012003417404304014,1
5514,2023,2,0.017259330970646466,1
5514,2023,5,0.024101151877653354,1
5514,2023,6,0.00563142143153401,1
5514,2023,8,0.011511244164775008,1
5514,2023,10,0.006401744314668314,1
5514,2024,8,0.00689525390298354,1
5514,2024,11,0.007950469617198577,1
5514,2025,1,0.010094088225576258,1
5514,2025,6,0.010577277641845625,2
5514,2025,8,0.006944680072668927,1
5514,2025,12,0.007158926445617593,1
5701,2023,1,0.011780367750700266,1
5701,2023,6,0.005526777349162102,1
5701,2024,11,0.007802732565792916,1
5701,2025,6,0.010380728772917815,2
5701,2025,12,0.0070258979912961456,1
5702,2023,1,0.006734383662717827,1
5702,2023,6,0.003159446281756675,1
5702,2024,11,0.004460522441034034,1
5702,2025,6,0.005934263830709958,2
5702,2025,12,0.004016435959369281,1
5703,2023,1,0.010237145308962371,1
5703,2023,6,0.004802772206350781,1
5703,2024,11,0.006780578397329461,1
5703,2025,6,0.009020858356053386,2
5703,2025,12,0.006105508773999861,1
5704,2023,1,0.010154726434279403,1
5704,2023,6,0.004764105266626919,1
5704,2024,11,0.006725988213802586,1
5704,2025,6,0.00894823176221873,2
5704,2025,12,0.006056353550806975,1
5705,2023,1,0.013958812194399192,1
5705,2023,6,0.006548797855026834,1
5705,2024,11,0.009245626350039154,1
5705,2025,6,0.01230034973853361,2
5705,2025,12,0.008325138283707621,1
5804,2022,9,0.007579604450617652,1
5804,2022,11,0.015604641997308839,1
5804,2023,1,0.011581085741560956,1
5804,2023,2,0.016652073745378915,1
5804,2023,5,0.0232531700734996,1
5804,2023,6,0.005433283893141497,1
5804,2023,8,0.01110622926571738,1
5804,2023,10,0.006176503516168684,1
5804,2024,8,0.006652649322321501,1
5804,2024,11,0.007670738025775648,1
5804,2025,1,0.009738934945423376,1
5804,2025,6,0.010205123687408127,2
5804,2025,8,0.006700336467550506,1
5804,2025,12,0.006907044734985017,1
5806,2022,9,0.008331691301160874,1
5806,2022,11,0.01715301383255074,1
5806,2023,1,0.012730219889389981,1
5806,2023,2,0.018304377078589788,1
5806,2023,5,0.025560467711478466,1
5806,2023,6,0.005972401916769632,1
5806,2023,8,0.012208245742208274,1
5806,2023,10,0.00678936756561996,1
5806,2024,8,0.007312758977012725,1
5806,2024,11,0.008431867612515182,1
5806,2025,1,0.010705281534941243,1
5806,2025,6,0.011217727891687068,2
5806,2025,8,0.007365177882995255,1
5806,2025,12,0.007592396794599779,1
5901,2021,9,0.0252652714520229,1
5901,2021,10,0.020838290410856063,1
5901,2025,1,0.015401073595402727,1
5901,2025,7,0.009119108105531092,1
5904,2023,1,0.0072662701585779884,1
5904,2023,6,0.0034089816358181305,1
5904,2024,11,0.004812817731841645,1
5904,2025,6,0.006402956283131386,2
5904,2025,12,0.004333656978436305,1
5905,2023,1,0.007982888256427078,1
5905,2023,6,0.003745184100376722,1
5905,2024,11,0.005287470093096776,1
5905,2025,6,0.007034432164441924,2
5905,2025,12,0.00476105328394681,1
5907,2021,9,0.028574530737788588,1
5907,2021,10,0.02356770126134135,1
5907,2025,1,0.017418314767860682,1
5907,2025,7,0.0103135339494582,1
5908,2021,4,0.06028554454055192,1
5908,2021,5,0.0466557272636858,2
5908,2021,6,0.04034814117012914,1
5908,2021,7,0.055455978959161774,1
5908,2021,8,0.09094055748634654,2
5908,2021,10,0.03387727701738886,1
5908,2021,12,0.04845275469601747,1
5908,2022,3,0.01163410878007959,1
5908,2022,5,0.10068075085084412,2
5908,2022,6,0.09524259508619265,2
5908,2022,7,0.0465168348206873,1
5908,2022,9,0.09021969517857661,2
5908,2022,10,0.050445703235793636,2
5908,2022,11,0.04249874491883764,1
5908,2023,1,0.053644721824492536,2
5908,2023,2,0.035688165611560296,1
5908,2023,3,0.05116175036665671,2
5908,2023,4,0.011999215129065769,1
5908,2023,5,0.02334144033207495,1
5908,2023,10,0.08422551473058913,1
5908,2024,4,0.048204412461054,1
5908,2024,11,0.03157048050043014,1
5908,2025,1,0.021109094636405354,1
5908,2025,2,0.028031524093703578,1
5910,2025,6,0.042966751598525935,1
6105,2021,7,0.013170265364675547,1
6105,2022,9,0.0058106404267859,1
6105,2022,11,0.011962756661753633,1
6105,2023,8,0.008514204821766297,1
6105,2023,10,0.004735001840935173,1
6106,2021,7,0.011376356990932658,1
6106,2022,9,0.0050191790378318005,1
6106,2022,11,0.010333321813301205,1
6106,2023,8,0.007354493691989458,1
6106,2023,10,0.004090052083512358,1
6107,2021,7,0.011590175670102442,1
6107,2022,9,0.005113514529698066,1
6107,2022,11,0.010527536641766715,1
6107,2023,8,0.007492721432947047,1
6107,2023,10,0.00416692463022738,1
6109,2021,7,0.00947796396447244,1
6109,2022,9,0.004181619659942232,1
6109,2022,11,0.008608981931371038,1
6109,2023,8,0.0061272361833558595,1
6109,2023,10,0.003407537781316362,1
6112,2021,7,0.012651976395998549,1
6112,2022,9,0.005581974507705087,1
6112,2022,11,0.011491986738667356,1
6112,2023,8,0.008179145632449295,1
6112,2023,10,0.004548665487576325,1
6117,2021,7,0.012395000140442607,1
6117,2022,9,0.005468598157425739,1
6117,2022,11,0.011258571213015944,1
6117,2023,8,0.008013017736499511,1
6117,2023,10,0.004456276837124559,1
6205,2021,7,0.011313428610451193,1
6205,2022,9,0.004991415421724377,1
6205,2022,11,0.010276162987569637,1
6205,2023,8,0.007313812270189237,1
6205,2023,10,0.004067427938198932,1
6206,2021,7,0.009146499391351136,1
6206,2022,9,0.00403537952010482,1
6206,2022,11,0.008307907509523964,1
6206,2023,8,0.005912953692565391,1
6206,2023,10,0.0032883689323618265,1
6207,2021,7,0.009391877226367605,1
6207,2022,9,0.004143638718268594,1
6207,2022,11,0.008530788009590659,1
6207,2023,8,0.006071583537006893,1
6207,2023,10,0.0033765876939703776,1
6210,2021,7,0.010582146655981211,1
6210,2022,9,0.0046687783016387575,1
6210,2022,11,0.009611928226141084,1
6210,2023,8,0.0068410591273771896,1
6210,2023,10,0.0038045158931656353,1
6211,2021,7,0.009183663888624438,1
6211,2022,9,0.004051776268713746,1
6211,2022,11,0.008341664599835097,1
6211,2023,8,0.005936979491068401,1
6211,2023,10,0.0033017303915377745,1
6217,2021,7,0.015170242119265015,1
6217,2022,9,0.006693017923447365,1
6217,2022,11,0.013779366622285509,1
6217,2023,8,0.00980713334339033,1
6217,2023,10,0.005454037741320918,1
6306,2022,1,0.051670794621373375,2
6306,2023,11,0.03752971823019977,2
6306,2024,2,0.015482615664713565,1
6306,2024,6,0.00827340125803624,1
6306,2024,12,0.019910327318808676,1
6306,2025,1,0.027723285729680264,1
6308,2022,9,0.007815526297879514,1
6308,2022,11,0.01609035018826399,1
6308,2023,1,0.011941557209333185,1
6308,2023,2,0.01717038416966898,1
6308,2023,5,0.02397694542011247,1
6308,2023,6,0.005602399627494046,1
6308,2023,8,0.01145192040851419,1
6308,2023,10,0.006368752614211676,1
6308,2024,8,0.006859718876878475,1
6308,2024,11,0.007909496485625795,1
6308,2025,1,0.010042067851323253,1
6308,2025,6,0.010522767127452403,2
6308,2025,8,0.006908890326396228,1
6308,2025,12,0.00712203257024932,1
6401,2021,7,0.010928130508125281,1
6402,2021,7,0.007184644445734077,1
6402,2022,4,0.005002684450045501,1
6402,2023,5,0.019393526562872142,1
6402,2024,6,0.02310634233946832,1
6403,2021,7,0.0068822466673713585,1
6403,2022,4,0.004400650700715335,1
6403,2023,5,0.01705966808629485,1
6403,2024,6,0.02032567566923491,1
6404,2021,7,0.019781544645697747,1
6404,2022,4,0.005343886063082111,1
6404,2023,1,0.0037531721053343107,1
6404,2023,5,0.02071623692203943,1
6404,2023,6,0.0017608063702455872,1
6404,2024,6,0.024682280489541124,1
6404,2024,11,0.0024859154511179655,1
6404,2025,6,0.003307253431136771,2
6404,2025,12,0.002238419454629468,1
6405,2021,7,0.014117670900203407,1
6405,2023,1,0.005017883545884249,1
6405,2023,6,0.002354147655575332,1
6405,2024,11,0.003323597716421039,1
6405,2025,6,0.004421703057683843,2
6405,2025,12,0.002992702661891895,1
6406,2021,7,0.014170662061300075,1
6702,2021,3,0.015281581274870521,2
6702,2021,4,0.012304489918088515,1
6702,2021,6,0.04920499895459002,3
6702,2021,8,0.03851125722975259,3
6702,2021,11,0.00989922353390063,1
6702,2022,2,0.016384261336821988,1
6702,2022,6,0.004795726350984262,1
6702,2022,10,0.011982130764501843,1
6702,2023,1,0.005445994317490452,1
6702,2023,3,0.005820379516593056,1
6702,2023,6,0.007747097972574415,1
6702,2023,8,0.01274606908813407,1
6702,2023,10,0.017264282014824366,2
6702,2024,6,0.005683398059973037,1
6702,2024,7,0.006089354894741624,1
6702,2024,9,0.009897681982668263,1
6702,2025,1,0.010259048139320173,2
6702,2025,7,0.008641117137024625,2
6702,2025,8,0.010568778311078717,2
6702,2025,9,0.061813585510486865,4
6702,2025,11,0.0036001579393189153,1
6807,2024,11,0.07184446788626989,1
6808,2023,5,0.2803268060479666,1
6808,2023,8,0.5198756357180367,1
6808,2024,3,0.5258237238846772,1
6810,2021,1,0.40514636460025766,1
6810,2021,2,0.4223920226535927,1
6810,2021,3,0.4016985581604823,1
7007,2021,2,0.09009958814797123,1
7007,2021,9,0.013721884975402112,1
7007,2022,1,0.15311432982358733,1
7007,2022,4,0.07401692751473099,1
7007,2022,11,0.23845605626560734,3
7007,2023,6,0.1769024029993462,2
7007,2024,1,0.023486236685880547,1
7007,2024,2,0.020035339864565294,1
7007,2024,5,0.010527991749942652,1
7007,2024,7,0.17495087098841758,2
7007,2024,8,0.16263776351383458,2
7007,2024,12,0.2279532450233742,2
7007,2025,1,0.0660577047006791,1
7007,2025,6,0.029022217016923636,1
7007,2025,8,0.09688853348588938,2
7008,2022,4,0.06462654008700888,1
7008,2022,11,0.06374124467525548,1
7010,2024,1,0.37258816764317826,2
7010,2024,3,0.15579559356503453,1
7010,2024,10,0.24231798194996584,1
7010,2024,12,0.27362594662613654,1
7010,2025,5,0.3826509757334436,1
7010,2025,7,0.37603146523935593,1
7010,2025,8,0.7962970680022854,2
7018,2021,4,0.03482955207379741,1
7018,2021,5,0.026955020389313335,2
7018,2021,6,0.023310856602126933,1
7018,2021,7,0.032039304308884256,1
7018,2021,8,0.05254027158136168,2
7018,2021,10,0.01957236005725898,1
7018,2021,12,0.027993240430443368,1
7018,2022,1,0.010437151991532913,1
7018,2022,2,0.01376043437168099,1
7018,2022,3,0.006721525046778585,1
7018,2022,5,0.05816760023175524,2
7018,2022,6,0.05502574374138313,2
7018,2022,7,0.02687477625097236,1
7018,2022,9,0.07386332436903242,3
7018,2022,10,0.02914465252227312,2
7018,2022,11,0.024553352889198892,1
7018,2023,1,0.030992863156668007,2
7018,2023,2,0.020618588287778048,1
7018,2023,3,0.029558343748283575,2
7018,2023,4,0.006932462688486943,1
7018,2023,5,0.0134853540383397,1
7018,2023,10,0.0486607025549576,1
7018,2024,4,0.02784976243964634,1
7018,2024,11,0.01823962448982916,1
7018,2025,1,0.012195631912636066,1
7018,2025,2,0.016195017156605703,1
7109,2022,1,0.011859369935825793,1
7109,2022,2,0.015635499207427902,1
7109,2022,9,0.024701861260790214,1
7110,2022,1,0.01149507176255168,1
7110,2022,2,0.015155205243219238,1
7110,2022,9,0.02394306522166912,1
7111,2022,1,0.01810926261589224,1
7111,2022,2,0.023875413517756218,1
7111,2022,9,0.03771975198460122,1
7113,2022,1,0.01154535634197354,1
7113,2022,2,0.01522150088168492,1
7113,2022,9,0.02404780288574043,1
7117,2022,1,0.012600078307517179,1
7117,2022,2,0.01661205573793379,1
7117,2022,9,0.026244681455390412,1
7201,2022,12,0.010302816249699453,1
7201,2023,11,0.0077747625607955985,1
7201,2024,4,0.004769315693717382,1
7201,2025,1,0.006178412195621948,1
7201,2025,10,0.00549323378090186,1
7202,2022,12,0.013617300969240497,1
7202,2023,11,0.010275955543497639,1
7202,2024,4,0.00630363636938261,1
7202,2025,1,0.00816604861629599,1
7202,2025,10,0.00726044373460719,1
7203,2022,12,0.008027759686270376,1
7203,2023,11,0.0060579480351015515,1
7203,2024,4,0.003716160642798798,1
7203,2025,1,0.0048141020034810356,1
7203,2025,10,0.004280223933419074,1
7204,2022,12,0.01927862853771801,1
7204,2023,11,0.014548134776538211,1
7204,2024,4,0.008924342957292719,1
7204,2025,1,0.011561044163606909,1
7204,2025,10,0.010278938395697441,1
7205,2022,12,0.009166857917122448,1
7205,2023,11,0.006917540020793381,1
7205,2024,4,0.00424346491935978,1
7205,2025,1,0.005497198569598395,1
7205,2025,10,0.004887565919321685,1
7206,2022,12,0.01147023656079635,1
7206,2023,11,0.008655727095875343,1
7206,2024,4,0.005309730651718916,1
7206,2025,1,0.006878493000004754,1
7206,2025,10,0.006115676473657398,1
7207,2022,12,0.009542731479589443,1
7207,2023,11,0.00720118360233804,1
7207,2024,4,0.004417461973842781,1
7207,2025,1,0.005722603133367617,1
7207,2025,10,0.005087973390507231,1
7210,2021,9,0.03297192102168955,1
7210,2021,10,0.027194580788830778,1
7210,2022,12,0.01304441891268989,1
7210,2023,11,0.009843644430004647,1
7210,2024,4,0.006038441366702094,1
7210,2025,1,0.02792135483931344,2
7210,2025,7,0.011900703810555979,1
7210,2025,10,0.006954995691155175,1
7211,2023,8,0.015946582168157496,1
7211,2024,4,0.007923130514134315,1
7211,2025,4,0.009524363026648342,1
7211,2025,7,0.0071901884690430415,1
7211,2025,8,0.009170684498243892,1
7211,2025,12,0.009009755737985835,1
7212,2021,9,0.039503736097619264,1
7212,2021,10,0.03258189118130761,1
7212,2022,12,0.011428968900010598,1
7212,2023,11,0.00862458548796226,1
7212,2024,4,0.0052906272825567,1
7212,2025,1,0.030934228818328524,2
7212,2025,7,0.014258261215622835,1
7212,2025,10,0.006093673469547361,1
7214,2022,12,0.00954879886173744,1
7214,2023,8,0.018700322139195348,1
7214,2023,11,0.007205762200502174,1
7214,2024,4,0.01371160915639386,2
7214,2025,1,0.0057262416324876785,1
7214,2025,4,0.011169080301396314,1
7214,2025,7,0.008431828161969605,1
7214,2025,8,0.010754326698076438,1
7214,2025,10,0.005091208384490356,1
7214,2025,12,0.010565607910153579,1
7215,2022,12,0.010323797930116018,1
7215,2023,11,0.0077905958610711475,1
7215,2024,4,0.004779028402870493,1
7215,2025,1,0.0061909945291343145,1
7215,2025,10,0.00550442074889692,1
7216,2022,12,0.007739076577083378,1
7216,2023,8,0.01867927549610168,1
7216,2023,11,0.005840100548080067,1
7216,2024,4,0.012863406640446513,2
7216,2025,1,0.00464098397446416,1
7216,2025,4,0.011156509841644964,1
7216,2025,7,0.008422338396144652,1
7216,2025,8,0.010742223030875289,1
7216,2025,10,0.004126304483733843,1
7216,2025,12,0.01055371664020125,1
7217,2022,12,0.010529315453569952,1
7217,2023,11,0.007945684519182825,1
7217,2024,4,0.004874165298083137,1
7217,2025,1,0.006314239663527432,1
7217,2025,10,0.00561399814744922,1
7219,2023,8,0.016629626657144122,1
7219,2024,4,0.008262504216670257,1
7219,2025,4,0.009932322776760224,1
7219,2025,7,0.0074981678565234425,1
7219,2025,8,0.009563495035367554,1
7219,2025,12,0.009395673167755548,1
7220,2023,8,0.01786190350275826,1
7220,2024,4,0.008874766466623888,1
7220,2025,4,0.010668320741916554,1
7220,2025,7,0.008053791793525816,1
7220,2025,8,0.010272162387810275,1
7220,2025,12,0.010091904702731663,1
7221,2023,2,0.3779931690247738,1
7221,2023,8,0.016328474623804202,1
7221,2024,4,0.008112875484971643,1
7221,2024,5,0.5223691040907821,1
7221,2025,1,0.08288526501702723,1
7221,2025,4,0.009752454685811545,1
7221,2025,7,0.13886322547431357,2
7221,2025,8,0.009390306181816238,1
7221,2025,12,0.009225523462208708,1
7222,2023,8,0.02139586134834835,1
7222,2024,4,0.01063062919299357,1
7222,2025,4,0.012779036197262372,1
7222,2025,7,0.00964722558915037,1
7222,2025,8,0.012304498351106224,1
7222,2025,12,0.012088576882472122,1
7224,2022,12,0.012093490150465206,1
7224,2023,11,0.009126049826806338,1
7224,2024,4,0.005598243331585461,1
7224,2025,1,0.007252246883025578,1
7224,2025,10,0.006447981504617954,1
7225,2022,12,0.009951495575813905,1
7225,2023,8,0.019019554210098086,1
7225,2023,11,0.007509647202435353,1
7225,2024,4,0.014056634896631816,2
7225,2025,1,0.005967731554183554,1
7225,2025,4,0.01135974699730421,1
7225,2025,7,0.008575767391765,1
7225,2025,8,0.010937913160247364,1
7225,2025,10,0.005305917366928778,1
7225,2025,12,0.010745972765282741,1
7226,2022,12,0.009214495238931872,1
7226,2023,8,0.01796101077248041,1
7226,2023,11,0.006953488334062706,1
7226,2024,4,0.013189525248298167,2
7226,2025,1,0.005525765808196163,1
7226,2025,4,0.010727514217073793,1
7226,2025,7,0.008098478481898291,1
7226,2025,8,0.010329157767291595,1
7226,2025,10,0.004912965085826558,1
7226,2025,12,0.010147899917420255,1
7227,2022,12,0.009664691189248363,1
7227,2023,11,0.007293217446444435,1
7227,2024,4,0.004473918804982953,1
7227,2025,1,0.005795740161076247,1
7227,2025,10,0.005152999610597967,1
7228,2022,12,0.009794937393763687,1
7228,2023,8,0.022042101711742902,1
7228,2023,11,0.0073915044866098845,1
7228,2024,4,0.015485928170328988,2
7228,2025,1,0.0058738464495810445,1
7228,2025,4,0.013165014067538136,1
7228,2025,7,0.009938610285890473,1
7228,2025,8,0.012676143285439305,1
7228,2025,10,0.005222444006492992,1
7228,2025,12,0.012453700127115639,1
7229,2022,12,0.009274449690705986,1
7229,2023,11,0.006998731461350354,1
7229,2024,4,0.004293270634790435,1
7229,2025,1,0.005561719406420708,1
7229,2025,10,0.004944931473639271,1
7302,2021,1,0.10540042436142813,3
7302,2022,4,0.01777502792128242,1
7302,2022,7,0.0455215819318957,1
7302,2022,11,0.017531534294030926,1
7302,2023,12,0.024331230465826234,1
7302,2024,10,0.2984491216408818,1
7302,2025,1,0.027116469820847516,1
7302,2025,6,0.006855601367254813,1
7302,2025,7,0.013286991006992058,1
7304,2021,1,0.06341696450254247,3
7304,2021,3,0.06721636905463738,2
7304,2021,11,0.01984839851129251,1
7304,2022,4,0.003901317029109069,1
7304,2022,5,0.03010541343432495,1
7304,2022,6,0.02725427899535314,1
7304,2022,8,0.03419734676747745,2
7304,2022,10,0.016609253553473733,1
7304,2023,5,0.05590532848780726,2
7304,2023,8,0.0358328554496809,3
7304,2023,9,0.006733501629113816,1
7304,2024,4,0.009442340903871638,1
7304,2024,5,0.03399329963675183,2
7304,2024,7,0.02000075681109395,2
7304,2024,8,0.00636289595586104,1
7304,2024,9,0.0057546816371211885,1
7304,2025,1,0.03330595200996181,1
7304,2025,4,0.011350599668831828,1
7304,2025,7,0.008568861836451678,1
7304,2025,8,0.04842189755435179,3
7304,2025,12,0.010737319672686343,1
7305,2021,1,0.07936648581677644,3
7305,2021,3,0.08412144988453697,2
7305,2021,11,0.024840319168368073,1
7305,2022,4,0.004882507781417378,1
7305,2022,5,0.037676998372379505,1
7305,2022,6,0.03410879666503814,1
7305,2022,8,0.042798062923424404,2
7305,2022,10,0.020786521349916823,1
7305,2023,5,0.0699656550154162,2
7305,2023,8,0.021061054681746152,2
7305,2023,9,0.00842699371905253,1
7305,2024,5,0.042542697441431965,2
7305,2024,7,0.025030995952334524,2
7305,2024,8,0.007963179814672825,1
7305,2024,9,0.007201998110684274,1
7305,2025,1,0.0416824802093278,1
7305,2025,8,0.04692232072921456,2
7306,2021,1,0.07624336143996702,3
7306,2021,3,0.08081121448677143,2
7306,2021,11,0.023862835970969682,1
7306,2022,4,0.004690377829899693,1
7306,2022,5,0.03619438325025557,1
7306,2022,6,0.032766592670090695,1
7306,2022,8,0.04111393048111187,2
7306,2022,10,0.01996855781192089,1
7306,2023,5,0.06721245962734604,2
7306,2023,8,0.037051241481843564,3
7306,2023,9,0.008095385871781186,1
7306,2024,4,0.008356572058020704,1
7306,2024,5,0.040868613801880435,2
7306,2024,7,0.024046009495771146,2
7306,2024,8,0.00764982335520282,1
7306,2024,9,0.006918594661108092,1
7306,2025,1,0.04004224669403575,1
7306,2025,4,0.01004540134697392,1
7306,2025,7,0.007583533799565674,1
7306,2025,8,0.054748270515883136,3
7306,2025,12,0.009502642032127426,1
7307,2021,1,0.06950357154256331,3
7307,2021,3,0.07366763376435384,2
7307,2021,11,0.021753399847443327,1
7307,2022,4,0.0042757560121319226,1
7307,2022,5,0.03299485828223712,1
7307,2022,6,0.029870078848043314,1
7307,2022,8,0.037479525490752945,2
7307,2022,10,0.018203369582222025,1
7307,2023,5,0.061270986850955875,2
7307,2023,8,0.018443786514800692,2
7307,2023,9,0.007379766847596684,1
7307,2024,5,0.037255894409390256,2
7307,2024,7,0.02192038112876795,2
7307,2024,8,0.0069735913371940786,1
7307,2024,9,0.006307002077563843,1
7307,2025,1,0.03650257681798621,1
7307,2025,8,0.04109125964421498,2
7308,2022,7,0.05361632988767198,1
7308,2022,9,0.022037036546832943,1
7308,2022,12,0.03478372945951081,1
7308,2024,3,0.06331916342745367,1
7308,2024,9,0.05062331840711735,1
7308,2025,2,0.03978523445553363,1
7312,2022,7,0.04868697143708877,1
7312,2024,9,0.04596913034707138,1
7312,2025,2,0.03612747417834404,1
7321,2021,5,0.12062738927688985,2
7321,2021,8,0.44523927606498886,5
7321,2021,10,0.3749797591469256,3
7321,2021,11,0.1620953015753449,1
7321,2021,12,0.14963444586611585,1
7321,2022,1,0.5079393184235863,4
7321,2022,3,0.14403179325005355,2
7321,2022,5,0.052324035817013184,2
7321,2022,6,0.16041858150947563,2
7321,2022,7,0.009881092010115864,1
7321,2022,8,0.24717589578575794,2
7321,2022,9,0.00869457730237621,1
7321,2022,10,0.20567531071495382,3
7321,2022,11,0.02396908676920778,1
7321,2023,1,0.17434347746366213,2
7321,2023,2,0.5295993077278811,4
7321,2023,3,0.38806200151324494,3
7321,2023,4,0.17235053020659463,2
7321,2023,5,0.10363997157318108,1
7321,2023,6,0.0735964162394835,1
7321,2023,7,0.1170686974433138,1
7321,2023,8,0.11448071022595896,1
7321,2023,10,0.03313927696250674,1
7321,2024,1,0.1527700163702912,2
7321,2024,2,0.25004850606938245,4
7321,2024,3,0.03535485157167754,1
7321,2024,4,0.25968042846566924,2
7321,2024,5,0.22568871443026955,2
7321,2024,6,0.0636222610487279,1
7321,2024,8,0.07598473852969734,2
7321,2024,10,0.2347534680631291,4
7321,2024,11,0.0462135141666528,1
7321,2025,1,0.08924274751966377,2
7321,2025,5,0.15998116568208745,4
7321,2025,9,0.02128579896704679,1
7321,2025,11,0.007073774796840789,1
7322,2021,1,0.5504200390324478,3
7322,2021,2,0.2974278907562072,1
7322,2021,3,0.4959293072558582,1
7322,2021,4,0.7348003820848288,3
7322,2021,5,2.5721053084253915,7
7322,2021,6,1.7363236718454855,4
7322,2021,7,1.1231085026670449,2
7322,2021,8,1.3633539909946677,3
7322,2021,9,0.8100415104401618,2
7322,2021,10,2.560753982709486,4
7322,2021,11,1.1092144590516964,3
7322,2021,12,1.5251005168790825,4
7322,2022,1,1.3560752772279665,5
7322,2022,2,1.4789231926398785,4
7322,2022,3,2.8039011682382085,10
7322,2022,4,0.5830467965536832,2
7322,2022,5,1.9610647401998704,9
7322,2022,6,1.8956462032212364,5
7322,2022,7,1.4368013384641616,6
7322,2022,8,0.9932375258107593,4
7322,2022,9,1.3958810648333015,4
7322,2022,10,1.0877010252143737,5
7322,2022,11,1.7989554593174495,6
7322,2022,12,0.832328937921225,3
7322,2023,1,1.3555692499786223,4
7322,2023,2,0.3561518651722561,1
7322,2023,3,0.27998665230404246,2
7322,2023,4,0.5734989063416503,2
7322,2023,5,1.6747069306365991,5
7322,2023,6,1.5836207407922127,5
7322,2023,7,0.23850934115902409,1
7322,2023,8,2.258982472213769,3
7322,2023,10,1.2297715565581164,4
7322,2023,11,1.3580925140821976,3
7322,2023,12,0.08865265484748451,1
7322,2024,1,0.5763182580936037,2
7322,2024,2,0.2561606873744371,3
7322,2024,4,0.9189086242794693,2
7322,2024,5,1.1593658325794312,3
7322,2024,7,0.10811577164681319,1
7322,2024,8,0.0280987888812313,1
7322,2024,10,1.360190778903836,4
7322,2025,1,1.0449496015011097,3
7322,2025,2,0.5267793875221612,2
7322,2025,3,0.8591688059557461,3
7322,2025,5,1.0207265624105892,4
7322,2025,6,0.2689249518898252,1
7322,2025,9,0.49561356526589506,2
7322,2025,11,0.03210766064944062,1
7403,2022,12,0.017141293408877333,1
7403,2023,11,0.012935248286393492,1
7403,2024,4,0.007934941057301474,1
7403,2025,1,0.010279323019978276,1
7403,2025,10,0.009139358571472357,1
7405,2022,12,0.013075202672259669,1
7405,2023,11,0.009866874624116926,1
7405,2024,4,0.006052691593442967,1
7405,2025,1,0.007840962091590676,1
7405,2025,10,0.006971408910984928,1
7407,2022,12,0.014629270468357415,1
7407,2023,11,0.01103961301187487,1
7407,2024,4,0.006772091003215609,1
7407,2025,1,0.008772908385839467,1
7407,2025,10,0.007800003492159263,1
7408,2022,12,0.013227951283439695,1
7408,2023,11,0.009982142542580542,1
7408,2024,4,0.006123401031604177,1
7408,2025,1,0.007932562665579998,1
7408,2025,10,0.007052851092480152,1
7409,2022,12,0.014838341307219796,1
7409,2023,11,0.01119738309057435,1
7409,2024,4,0.006868872777122729,1
7409,2025,1,0.008898284379089266,1
7409,2025,10,0.007911475439906931,1
7410,2022,12,0.010773076878443203,1
7410,2023,11,0.008129632980840193,1
7410,2024,4,0.004987005822556708,1
7410,2025,1,0.0064604189725394725,1
7410,2025,10,0.005743966348486833,1
7411,2022,12,0.014238273599211097,1
7411,2023,11,0.010744557005249908,1
7411,2024,4,0.006591093161555733,1
7411,2025,1,0.008538434649121695,1
7411,2025,10,0.00759153260829932,1
7412,2021,1,0.06315508334692486,3
7412,2021,3,0.0669387982099505,2
7412,2021,4,0.06317522209762087,1
7412,2021,11,0.019766434299033697,1
7412,2022,4,0.0038852064911792253,1
7412,2022,5,0.029981092749436115,1
7412,2022,6,0.02714173210612854,1
7412,2022,8,0.0340561283922245,2
7412,2022,10,0.016540665431215767,1
7412,2022,12,0.012128858930618198,1
7412,2023,5,0.055674466727954626,2
7412,2023,8,0.01675912257058334,2
7412,2023,9,0.006705695549119011,1
7412,2023,11,0.009152739992008743,1
7412,2024,4,0.00561461602757101,1
7412,2024,5,0.03385292387670151,2
7412,2024,7,0.019918163433312427,2
7412,2024,8,0.006336620296673211,1
7412,2024,9,0.005730917606641925,1
7412,2025,1,0.04044187156013929,2
7412,2025,8,0.037337965086748096,2
7412,2025,10,0.006466839356026435,1
7413,2022,7,0.054355445079558105,1
7413,2024,9,0.05132117414951482,1
7413,2025,2,0.04033368436362026,1
7417,2021,5,0.06446049267373508,2
7417,2021,8,0.23792559272726316,5
7417,2021,10,0.2003805285199865,3
7417,2021,11,0.08661998790059365,1
7417,2021,12,0.07996119421395025,1
7417,2022,1,0.27143104820737746,4
7417,2022,3,0.07696726596866443,2
7417,2022,5,0.027960757069033306,2
7417,2022,6,0.08572398739714432,2
7417,2022,7,0.005280227508402212,1
7417,2022,8,0.13208509373313826,2
7417,2022,9,0.004646181434090101,1
7417,2022,10,0.10990813893084447,3
7417,2022,11,0.012808526747902067,1
7417,2023,1,0.09316513039972546,2
7417,2023,2,0.2830056465654484,4
7417,2023,3,0.20737137689418503,3
7417,2023,4,0.09210014538402181,2
7417,2023,5,0.05538280873313285,1
7417,2023,6,0.039328226186913465,1
7417,2023,7,0.06255880989471253,1
7417,2023,8,0.061175849258126976,1
7417,2023,10,0.01770886473345733,1
7417,2024,1,0.08163677072044684,2
7417,2024,2,0.13362015036705938,4
7417,2024,3,0.018892816667746015,1
7417,2024,4,0.1387672273848224,2
7417,2024,5,0.12060283995439358,2
7417,2024,6,0.03399826786273398,1
7417,2024,8,0.04060449049482667,2
7417,2024,10,0.125446835075592,4
7417,2024,11,0.024695435333754588,1
7417,2025,1,0.047689264495898206,2
7417,2025,5,0.08549024247481984,4
7417,2025,9,0.011374639678393396,1
7417,2025,11,0.003780061984270809,1
7502,2022,12,0.012696766631258781,1
7502,2023,11,0.009581297332246342,1
7502,2024,4,0.0058775083323160445,1
7502,2025,1,0.007614020855882334,1
7502,2025,10,0.006769635182913491,1
7505,2022,12,0.012628655278408684,1
7505,2023,11,0.00952989880360428,1
7505,2024,4,0.005845978647985532,1
7505,2025,1,0.007573175711903218,1
7505,2025,10,0.006733319715834285,1
7506,2022,12,0.012421585287814918,1
7506,2023,11,0.009373638615000056,1
7506,2024,4,0.005750123094328971,1
7506,2025,1,0.007448999591100407,1
7506,2025,10,0.006622914576135332,1
7507,2022,12,0.012389554553308276,1
7507,2023,11,0.0093494674224444,1
7507,2024,4,0.005735295625696957,1
7507,2025,1,0.007429791340082989,1
7507,2025,10,0.00660583649684569,1
7601,2022,12,0.013034086823855458,1
7601,2023,11,0.00983584757762003,1
7601,2024,4,0.0060336585003253045,1
7601,2025,1,0.007816305662410806,1
7601,2025,10,0.006949486849879448,1
7604,2022,12,0.012751123323019599,1
7604,2023,11,0.009622316249966343,1
7604,2024,4,0.005902670794383733,1
7604,2025,1,0.0076466175788704295,1
7604,2025,10,0.0067986169688797615,1
7605,2022,12,0.010832416819231349,1
7605,2023,11,0.008174412382784099,1
7605,2024,4,0.00501447509930649,1
7605,2025,1,0.006496004059662,1
7605,2025,10,0.0057756050926315375,1
7606,2022,12,0.01191464559729708,1
7606,2023,11,0.008991089258504023,1
7606,2024,4,0.005515453722075973,1
7606,2025,1,0.007144997045540925,1
7606,2025,10,0.006352625543957964,1
7608,2022,12,0.013216434089993102,1
7608,2023,11,0.009973451380645416,1
7608,2024,4,0.006118069563962598,1
7608,2025,1,0.007925656013386542,1
7608,2025,10,0.007046710379633425,1
7609,2021,1,0.06074260122256612,3
7609,2021,3,0.06438178069767092,2
7609,2021,4,0.06496725701350457,1
7609,2021,11,0.019011369672695073,1
7609,2022,4,0.0037367941906534777,1
7609,2022,5,0.028835834972964852,1
7609,2022,6,0.026104936015297994,1
7609,2022,8,0.03275520696805685,2
7609,2022,10,0.015908823027357234,1
7609,2023,5,0.0535477391765621,2
7609,2023,8,0.016118935249487223,2
7609,2023,9,0.0064495424449456575,1
7609,2024,5,0.0325597647296984,2
7609,2024,7,0.019157302855091655,2
7609,2024,8,0.00609456562134964,1
7609,2024,9,0.005512000370696742,1
7609,2025,1,0.03190140330980248,1
7609,2025,8,0.03591167968645977,2
7610,2022,9,0.027764476335440914,1
7610,2022,12,0.04382404282828855,1
7614,2022,7,0.054335868425595395,1
7614,2024,9,0.05130269031839514,1
7614,2025,2,0.04031915778618773,1
7615,2021,5,0.06291005925674212,2
7615,2021,8,0.2322028969422756,5
7615,2021,10,0.1955608838873496,3
7615,2021,11,0.0845365641126255,1
7615,2021,12,0.07803793079430085,1
7615,2022,1,0.26490246379707527,4
7615,2022,3,0.07511601388816297,2
7615,2022,5,0.027288232080065682,2
7615,2022,6,0.08366211462538113,2
7615,2022,7,0.0051532250478441045,1
7615,2022,8,0.1289081223089973,2
7615,2022,9,0.004534429341327076,1
7615,2022,10,0.10726457782341722,3
7615,2022,11,0.0125004501715577,1
7615,2023,1,0.09092427983407199,2
7615,2023,2,0.27619866459195264,4
7615,2023,3,0.20238358516116295,3
7615,2023,4,0.08988491032778279,2
7615,2023,5,0.054050715945362926,1
7615,2023,6,0.03838228560250193,1
7615,2023,7,0.061054116626558345,1
7615,2023,8,0.059704419595266664,1
7615,2023,10,0.01728292297408031,1
7615,2024,1,0.07967320556401815,2
7615,2024,2,0.13040625705474337,4
7615,2024,3,0.01843839795191249,1
7615,2024,4,0.13542953420878878,2
7615,2024,5,0.11770204497915235,2
7615,2024,6,0.03318052588733424,1
7615,2024,8,0.03962785261429115,2
7615,2024,10,0.1224295301018053,4
7615,2024,11,0.024101449364977736,1
7615,2025,1,0.04654222037260091,2
7615,2025,5,0.0834339918434343,4
7615,2025,9,0.011101051613330082,1
7615,2025,11,0.0036891421948676765,1
7805,2021,1,0.06006261448902116,3
7805,2021,3,0.06366105494876848,2
7805,2021,4,0.06115169112008304,1
7805,2021,11,0.018798545741816903,1
7805,2022,4,0.0036949624214422465,1
7805,2022,5,0.028513030469409558,1
7805,2022,6,0.025812702725758727,1
7805,2022,8,0.032388526816984835,2
7805,2022,10,0.015730730743075898,1
7805,2023,5,0.05294829576257375,2
7805,2023,8,0.015938490851191527,2
7805,2023,9,0.006377342650868205,1
7805,2024,5,0.03219527246861764,2
7805,2024,7,0.018942845266352013,2
7805,2024,8,0.006026339636853979,1
7805,2024,9,0.00545029594823325,1
7805,2025,1,0.03154428111556767,1
7805,2025,8,0.03550966421009528,2
7901,2022,12,0.013565891419052487,1
7901,2023,11,0.010237160612443643,1
7901,2024,4,0.006279838179783162,1
7901,2025,1,0.008135219240700526,1
7901,2025,10,0.007233033299352463,1
7906,2021,1,0.06033435912464111,3
7906,2021,3,0.06394908020919726,2
7906,2021,4,0.06114448649113168,1
7906,2021,11,0.01888359705045963,1
7906,2022,4,0.0037116797459441253,1
7906,2022,5,0.028642033562951988,1
7906,2022,6,0.025929488575929457,1
7906,2022,8,0.032535064034737105,2
7906,2022,10,0.01580190216526888,1
7906,2023,5,0.053187852689309395,2
7906,2023,8,0.01601060225402566,2
7906,2023,9,0.006406196017802481,1
7906,2024,5,0.03234093533494639,2
7906,2024,7,0.019028549437379243,2
7906,2024,8,0.006053604941281215,1
7906,2024,9,0.005474955026081821,1
7906,2025,1,0.03168699866542074,1
7906,2025,8,0.03567032256377921,2
8001,2022,12,0.01281333676211972,1
8001,2023,11,0.009669264065531633,1
8001,2024,4,0.005931470253120949,1
8001,2025,1,0.007683925850856643,1
8001,2025,10,0.00683178779877793,1
8006,2021,1,0.06007852495173406,3
8006,2021,3,0.0636779186309382,2
8006,2021,4,0.06114448649113168,1
8006,2021,11,0.01880352543781626,1
8006,2022,4,0.003695941209367682,1
8006,2022,5,0.028520583512379377,1
8006,2022,6,0.025819540457478054,1
8006,2022,8,0.032397106470944806,2
8006,2022,10,0.01573489778120874,1
8006,2023,5,0.05296232165692765,2
8006,2023,8,0.01594271292454856,2
8006,2023,9,0.006379031995784626,1
8006,2024,5,0.03220380092989928,2
8006,2024,7,0.018947863186997836,2
8006,2024,8,0.00602793600179585,1
8006,2024,9,0.005451739720389963,1
8006,2025,1,0.0315526371305824,1
8006,2025,8,0.035519070646914064,2
8201,2025,9,0.01877529552678674,1
8201,2025,12,0.021359608886915467,1
8205,2021,4,0.03641840651128546,1
8205,2021,5,0.0281846544560219,2
8205,2021,6,0.024374251212412507,1
8205,2021,7,0.03350087322936134,1
8205,2021,8,0.054937053586252164,2
8205,2021,10,0.020465211939568566,1
8205,2021,12,0.02927023601693098,1
8205,2022,3,0.007028147563043889,1
8205,2022,5,0.06082108970386886,2
8205,2022,6,0.05753590801034453,2
8205,2022,7,0.028100749740737088,1
8205,2022,9,0.05450158175360795,2
8205,2022,10,0.030474173223284308,2
8205,2022,11,0.025673427692646116,1
8205,2023,1,0.032406695526736806,2
8205,2023,2,0.02155916700743436,1
8205,2023,3,0.030906736214823184,2
8205,2023,4,0.007248707757673728,1
8205,2023,5,0.014100528892139572,1
8205,2023,10,0.050880506387688915,1
8205,2024,4,0.029120212847434074,1
8205,2024,11,0.019071679643664536,1
8205,2025,1,0.012751972225061163,1
8205,2025,2,0.01693380141716546,1
8208,2025,9,0.02074648153625136,1
8208,2025,12,0.023602117514566864,1
8210,2021,7,0.02955309196624002,1
8210,2021,10,0.03220233360730175,1
8210,2021,11,0.04016455727605968,1
8210,2022,1,0.024197581769350208,1
8210,2022,2,0.012298827160538296,1
8210,2022,7,0.019879744527706213,1
8210,2023,4,0.007872683843987094,1
8210,2023,11,0.008857214972497508,1
8210,2024,4,0.00897009222365915,1
8210,2025,7,0.004251987767417733,1
8301,2021,4,0.012825299797733555,2
8301,2021,7,0.020173467450754604,1
8301,2021,9,0.025783924216306736,1
8301,2022,2,0.012160674396205858,1
8301,2022,3,0.026651908292668367,1
8301,2022,8,0.005121657550303323,1
8301,2022,11,0.013797821387995124,1
8301,2022,12,0.019475971074666,1
8301,2023,1,0.0066524522989413575,1
8301,2023,2,0.009565348944101323,1
8301,2023,3,0.028304442614337087,1
8301,2023,5,0.0637349816963676,2
8301,2023,6,0.010646290090471248,2
8301,2023,8,0.011612049443253643,1
8301,2023,10,0.007130209947415208,1
8301,2024,4,0.006079987066468466,1
8301,2024,8,0.009680746517836349,2
8301,2024,10,0.013772280607640953,1
8301,2024,11,0.004406255160603804,1
8301,2025,1,0.005594276876339717,1
8301,2025,2,0.04849585542779812,2
8301,2025,6,0.005862066826052932,2
8301,2025,8,0.0038488333246058082,1
8301,2025,9,0.004260631933988828,1
8301,2025,12,0.01997044366641824,3
8302,2021,4,0.014003033395102085,2
8302,2021,7,0.022025975444086097,1
8302,2021,9,0.02815163446873411,1
8302,2022,2,0.013277376152027724,1
8302,2022,3,0.029099324596793076,1
8302,2022,8,0.005591973898953074,1
8302,2022,9,0.022051632117444115,1
8302,2022,11,0.015064860605433427,1
8302,2022,12,0.05607119614002528,2
8302,2023,1,0.00726333989618406,1
8302,2023,2,0.010443724732557553,1
8302,2023,3,0.030903609382164632,1
8302,2023,5,0.06958769706796034,2
8302,2023,6,0.011623927551164011,2
8302,2023,8,0.012678371554962962,1
8302,2023,10,0.007784969519807129,1
8302,2024,4,0.006638305792164957,1
8302,2024,8,0.010569719142373288,2
8302,2024,10,0.015036974442468284,1
8302,2024,11,0.004810876871056033,1
8302,2025,1,0.006107993353471229,1
8302,2025,2,0.052949178092468935,2
8302,2025,6,0.006400374168566835,2
8302,2025,8,0.0042022675825606134,1
8302,2025,9,0.004651881218903529,1
8302,2025,12,0.021804308202236163,3
8304,2021,4,0.020498798834840914,2
8304,2021,7,0.032243445190053774,1
8304,2021,9,0.04121069168116107,1
8304,2022,2,0.019436521724652097,1
8304,2022,3,0.0425979988984416,1
8304,2022,8,0.008185994049290376,1
8304,2022,11,0.022053189356365757,1
8304,2022,12,0.031128630088109923,1
8304,2023,1,0.010632677877711074,1
8304,2023,2,0.015288388332633072,1
8304,2023,3,0.04523926024607448,1
8304,2023,5,0.10186822835650094,2
8304,2023,6,0.01701606686344255,2
8304,2023,8,0.01855964923639035,1
8304,2023,10,0.011396282478174508,1
8304,2024,4,0.009717701243599488,1
8304,2024,8,0.015472829373959922,2
8304,2024,10,0.022012367283835526,1
8304,2024,11,0.007042559595227444,1
8304,2025,1,0.008941386020056641,1
8304,2025,2,0.0775113876802815,2
8304,2025,6,0.009369397247531684,2
8304,2025,8,0.006151626964998413,1
8304,2025,9,0.006809808604986392,1
8304,2025,12,0.03191895034163435,3
8308,2021,7,0.008586706056999353,1
8308,2023,1,0.00319786237956406,1
8308,2023,6,0.0015002819724419614,1
8308,2024,11,0.0021181057720770454,1
8308,2025,6,0.002817920689564108,2
8308,2025,12,0.0019072286489260977,1
8401,2021,2,0.12338479789658796,1
8401,2021,3,0.11424531133251926,1
8401,2021,5,0.1515149445520304,1
8401,2021,9,0.151310443887119,1
8401,2022,3,0.13076725560949412,1
8401,2022,10,0.12639169417781115,1
8401,2022,12,0.1685197154383255,1
8401,2023,2,0.1432259042041854,1
8401,2023,3,0.2502646088501519,2
8401,2023,5,0.43512729850127063,3
8401,2023,7,0.10819478433034974,1
8401,2023,8,0.22570648263589727,3
8401,2023,9,0.3572151668231316,2
8401,2023,10,0.2428321318103987,1
8401,2023,12,0.14594461848714171,1
8401,2024,1,0.12885204666301944,1
8401,2024,2,0.1511197793719705,1
8401,2024,7,0.3212834998440924,2
8401,2024,8,0.12119125542845093,1
8401,2024,9,0.1062877905295814,2
8401,2024,10,0.033077049329502,1
8401,2024,12,0.14183166492692748,1
8401,2025,2,0.09255744611491916,1
8401,2025,8,0.02484575088147979,1
8401,2025,9,0.3468446132323039,3
8401,2025,12,0.15462117315625,1
8402,2022,3,0.11385254431614053,1
8402,2023,5,0.20148487871565585,1
8402,2023,11,0.21499292632032183,1
8402,2024,5,0.2014542263229171,1
8402,2024,7,0.22510801371742628,1
8402,2024,12,0.07827274779271529,1
8402,2025,1,0.16043124316263194,1
8402,2025,6,0.18841859160400887,1
8402,2025,7,0.03462207320599622,1
8404,2021,1,0.17630405123457232,2
8404,2021,3,0.4500375756569468,1
8404,2021,4,0.6942028270992157,2
8404,2021,6,0.08071339751841414,1
8404,2021,7,0.10026332847529698,1
8404,2021,9,0.1523327499622267,1
8404,2021,11,0.4148490897379382,2
8404,2022,1,0.3103042185924558,2
8404,2022,2,0.471097376818,2
8404,2022,3,0.4950824970812582,3
8404,2022,4,0.6330492515548761,2
8404,2022,5,0.8862870874837891,7
8404,2022,6,0.2820012550479253,2
8404,2022,7,0.7461050505844719,3
8404,2022,8,0.32548962922444674,1
8404,2022,9,0.2093912293712895,1
8404,2022,10,0.37615736428238145,3
8404,2022,11,0.166816383656475,2
8404,2023,1,0.0372548881231239,1
8404,2023,3,0.776447550211133,2
8404,2023,5,0.6404869540136029,2
8404,2023,6,0.19163304342381937,2
8404,2023,7,0.18121505061661225,1
8404,2023,8,0.7850206577396304,1
8404,2023,9,1.5479401102902122,2
8404,2023,10,0.7005298975442222,3
8404,2023,11,0.7232338771937763,2
8404,2023,12,0.17628482709878748,1
8404,2024,1,0.0868933721124551,1
8404,2024,2,0.38363212771169114,3
8404,2024,5,0.9073251408692009,3
8404,2024,7,0.3360621999680241,2
8404,2024,8,0.021348947695859148,1
8404,2024,10,0.034592231747355866,1
8404,2024,12,0.0882902573932947,1
8404,2025,1,0.7726723256330045,4
8404,2025,2,0.09691016350109186,1
8404,2025,3,0.27062615652806343,2
8404,2025,6,0.5802192660579681,2
8404,2025,7,0.15801544051474153,1
8404,2025,9,0.029871557197417624,1
8406,2022,3,0.14892418817506944,1
8406,2023,5,0.2635511764143115,1
8406,2023,11,0.28122030305033247,1
8406,2024,5,0.26351108172225474,1
8406,2024,7,0.2944512869337564,1
8406,2024,12,0.10238423296798951,1
8406,2025,1,0.20985119647014344,1
8406,2025,6,0.2464598921373335,1
8406,2025,7,0.045287210541590434,1
8407,2021,1,0.15694177257519812,1
8407,2021,10,0.14201019506195872,1
8407,2022,4,0.15461286542790853,1
8407,2022,8,0.1163894538132897,1
8407,2023,2,0.17606994497616646,1
8407,2024,12,0.06257513833218122,1
8407,2025,1,0.15533542354359214,1
8407,2025,7,0.02767861204961747,1
8408,2021,1,0.14432291631568234,1
8408,2021,3,0.10772325970216243,1
8408,2021,10,0.13059190782416152,1
8408,2022,2,0.12203677212876582,1
8408,2022,4,0.1421812642506515,1
8408,2022,8,0.10703119460865551,1
8408,2022,9,0.13338261697538809,1
8408,2023,2,0.1619130937388037,1
8408,2023,5,0.17835535469203634,2
8408,2023,8,0.39580538123768466,3
8408,2023,10,0.05527261173884535,1
8408,2024,1,0.087275237544986,1
8408,2024,3,0.09201969634193297,1
8408,2024,4,0.4494381162070222,4
8408,2024,6,0.1765857589328224,3
8408,2024,7,0.11704877099327604,1
8408,2024,12,0.05754380306001992,1
8408,2025,1,0.44166337725205873,2
8408,2025,6,0.29350133162497877,5
8408,2025,7,0.02545312153051637,1
8409,2021,1,0.2104587803656483,1
8409,2021,10,0.19043554792212664,1
8409,2022,4,0.2073357179090384,1
8409,2022,8,0.15607815621702706,1
8409,2023,2,0.23610964289941222,1
8409,2024,12,0.08391320601589658,1
8409,2025,1,0.20830466771299969,1
8409,2025,7,0.03711699465727203,1
8412,2023,3,0.07664763567447709,1
8412,2023,6,0.0704234812114221,1
8412,2023,9,0.10229082325603402,1
8412,2023,10,0.09728043517056448,1
8412,2024,3,0.07067375418606783,1
8413,2021,1,0.16281049758865998,1
8413,2021,4,0.3589672203249424,1
8413,2021,5,1.6463839194459484,3
8413,2021,7,0.5827916208292901,1
8413,2021,8,0.5006027930589035,2
8413,2021,9,0.541334485855461,1
8413,2021,10,0.14732056444451036,1
8413,2021,12,0.5347131788025999,1
8413,2022,1,1.3236676459329635,2
8413,2022,4,0.7546395429384207,2
8413,2022,5,0.5426997341949372,1
8413,2022,6,0.6017426967824883,1
8413,2022,7,0.04484999285648588,1
8413,2022,8,0.5433245893136266,2
8413,2022,9,0.5389890234989141,2
8413,2022,12,1.2841311946619296,2
8413,2023,2,0.1826539542762104,1
8413,2023,3,0.5794613108881649,1
8413,2023,4,0.5638856828499916,1
8413,2023,8,0.06779986979912761,1
8413,2023,9,0.3728442079458263,1
8413,2023,10,0.5560213892940982,2
8413,2024,5,0.39440092354630674,2
8413,2024,8,0.07513150452926769,1
8413,2024,9,0.06794986001391509,1
8413,2024,12,0.06491509074590172,1
8413,2025,1,0.16114408028722726,1
8413,2025,7,0.02871363389375821,1
8414,2022,7,0.05161598351499023,1
8414,2024,3,0.06095681861294087,1
8414,2024,9,0.04873463688861464,1
8414,2025,2,0.03830090590122654,1
8416,2021,1,0.052096660759212765,1
8416,2021,4,0.05342884368609468,1
8416,2021,9,0.094219193583957,2
8416,2021,12,0.10505294637397652,3
8416,2022,2,0.043924841418269085,1
8416,2022,4,0.046889846894316405,1
8416,2022,5,0.039089559689923406,1
8416,2022,6,0.10678393022644417,2
8416,2022,7,0.05286494645058523,1
8416,2022,9,0.04891757398219821,1
8416,2022,10,0.050431530355356406,1
8416,2022,12,0.055306967556496694,1
8416,2023,1,0.04780253209238634,1
8416,2023,4,0.03906719019250279,1
8416,2023,7,0.06189882436596291,1
8416,2023,8,0.13309850052451408,2
8416,2023,10,0.15395137190502015,3
8416,2024,2,0.0688923594896216,1
8416,2024,4,0.0567606224258253,1
8416,2024,8,0.06207354973075182,1
8416,2025,1,0.055509923297602785,1
8416,2025,6,0.06421493189776115,3
8416,2025,7,0.014097219198241372,1
8416,2025,9,0.03047231279531394,1
8419,2021,1,0.5158331381868586,1
8419,2021,5,0.06904013058539925,2
8419,2021,8,0.25482917225967516,5
8419,2021,10,0.2518404291655285,4
8419,2021,11,0.1337571870667778,4
8419,2021,12,0.08564208961662155,1
8419,2022,1,0.2907150447642289,4
8419,2022,2,0.06572627344321091,2
8419,2022,3,0.08243545577868208,2
8419,2022,5,0.07981723890932158,4
8419,2022,6,0.0918143042150756,2
8419,2022,7,0.04506887150248243,2
8419,2022,8,0.14146916570863013,2
8419,2022,9,0.004976272436461527,1
8419,2022,10,0.1637691109687327,4
8419,2022,11,0.013718516917914491,1
8419,2023,1,0.09978410809484267,2
8419,2023,2,0.3031119680418626,4
8419,2023,3,0.24214883103352647,4
8419,2023,4,0.09864346052133086,2
8419,2023,5,0.09380922761934019,2
8419,2023,6,0.04212232576905146,1
8419,2023,7,0.0670033415080918,1
8419,2023,8,0.06552212752749748,1
8419,2023,10,0.027454775011974547,2
8419,2023,12,0.031067697784398097,1
8419,2024,1,0.08743670855321381,2
8419,2024,2,0.18957021159852938,5
8419,2024,3,0.042081606354163345,2
8419,2024,4,0.14862603592115547,2
8419,2024,5,0.16660365204526612,4
8419,2024,6,0.09311209451373406,3
8419,2024,7,0.052190739366511085,2
8419,2024,8,0.043489263110436605,2
8419,2024,9,0.021394643634804325,1
8419,2024,10,0.17674701602310894,5
8419,2024,11,0.026449938707967788,1
8419,2025,1,0.05107737951962628,2
8419,2025,5,0.09156395273168502,4
8419,2025,7,0.026994109834407736,1
8419,2025,9,0.01218275840262268,1
8419,2025,11,0.004048618963182339,1
8419,2025,12,0.04619748533857244,1
8423,2025,6,0.019987581185994557,1
8424,2025,9,0.01412601642786177,1
8424,2025,12,0.016070382785655597,1
8426,2021,1,0.007447143149398535,1
8426,2021,2,0.01265578515973278,2
8426,2021,4,0.01577189245375197,1
8426,2021,5,0.026202408205911326,2
8426,2021,6,0.010450316736315737,1
8426,2021,7,0.024391698104838457,2
8426,2021,8,0.11509256542874877,2
8426,2021,9,0.1052106890790758,3
8426,2022,4,0.00342777654334862,1
8426,2022,5,0.01728881051239816,2
8426,2022,6,0.11949186743653502,2
8426,2022,8,0.006601625520871995,1
8426,2022,9,0.0041331050661750045,1
8426,2023,5,0.0084045957674892,1
8426,2023,7,0.07716388637438078,4
8426,2023,8,0.1167362024818348,6
8426,2023,9,0.011847095693981409,1
8426,2023,12,0.11163035924515848,1
8426,2024,1,0.016420854183451964,3
8426,2024,2,0.025049195939324108,5
8426,2024,3,0.005498790083760587,1
8426,2024,4,0.039817993090893046,2
8426,2024,5,0.008693824388307786,2
8426,2024,7,0.013808530804482706,2
8426,2024,8,0.026587586038152238,3
8426,2024,9,0.004450108266124356,1
8426,2024,10,0.008530530980096256,1
8426,2024,11,0.0378361814981164,1
8426,2024,12,0.07590840233179362,2
8426,2025,3,0.014431361337384065,3
8426,2025,5,0.018955644767671816,2
8426,2025,6,0.14826913162362143,4
8426,2025,7,0.013123813812865794,1
8426,2025,8,0.023405299053278424,2
8426,2025,12,0.02645764520389919,4
8427,2022,2,0.43526875423090916,1
8428,2021,1,0.13121489484998491,3
8428,2022,4,0.022128453787327956,1
8428,2022,7,0.05667064077575534,1
8428,2022,11,0.02182532416626603,1
8428,2023,12,0.030290388928571478,1
8428,2025,1,0.03375778378314952,1
8428,2025,6,0.03242599197407704,2
8428,2025,7,0.016541215449728145,1
8432,2021,3,0.012919731056101624,1
8432,2022,3,0.017402410408768287,1
8432,2022,4,0.003690199031613634,1
8432,2022,5,0.08466839770096579,1
8432,2023,5,0.014305514100781057,1
8432,2024,6,0.017044249537758384,1
8432,2025,9,0.02793774252619053,1
8432,2025,12,0.0317832149534694,1
8433,2022,4,0.0033598636151019896,1
8433,2023,5,0.013024927899762976,1
8433,2024,6,0.015518500053259221,1
8433,2025,9,0.027814618648622554,1
8433,2025,12,0.031643143769730084,1
8434,2021,6,0.041342408309853335,1
8434,2022,3,0.054579285642230385,1
8434,2022,12,0.049346520287829924,1
8434,2023,1,0.05693812694693869,1
8434,2023,4,0.07300205155009547,1
8434,2023,5,0.07595344173234966,1
8434,2025,7,0.03583882015253426,1
8435,2021,1,0.19452055433471538,2
8435,2021,3,0.020035498375679563,2
8435,2021,4,0.016132269516690886,1
8435,2021,6,0.06451208542476936,3
8435,2021,7,0.27489432612463477,2
8435,2021,8,0.1890958014403767,4
8435,2021,11,0.012978753537770612,1
8435,2021,12,0.13201044740307033,1
8435,2022,2,0.15217971327627228,2
8435,2022,3,0.1336006557843564,1
8435,2022,4,0.04283634303934366,1
8435,2022,5,0.07692187666697169,1
8435,2022,6,0.06268061151169298,2
8435,2022,7,0.08272871336617293,1
8435,2022,8,0.17232824049921763,2
8435,2022,9,0.19871697590200244,2
8435,2022,10,0.015709628287233043,1
8435,2023,1,0.15336785856277202,2
8435,2023,3,0.007631029947293645,1
8435,2023,6,0.010157127463045229,1
8435,2023,8,0.016711218683340957,1
8435,2023,10,0.02263499359415723,2
8435,2024,2,0.08378416623336143,1
8435,2024,6,0.007451435198409789,1
8435,2024,7,0.00798368034747542,1
8435,2024,9,0.07628285165002709,2
8435,2024,12,0.054123345036429266,1
8435,2025,1,0.1891069175405347,5
8435,2025,3,0.02805900335465644,1
8435,2025,7,0.02606546318047922,2
8435,2025,8,0.09001454515748149,2
8435,2025,9,0.16266077890562883,5
8435,2025,11,0.030662633831876795,1
8436,2025,9,0.01854039872098897,1
8436,2025,12,0.021092379862825385,1
8437,2021,4,0.006476415494033648,1
8437,2022,10,0.006571143301091684,1
8437,2023,4,0.03237456245788846,2
8437,2023,7,0.013346880118835665,1
8437,2025,7,0.002005784585836986,1
8437,2025,11,0.010929618621346063,1
8438,2021,1,0.04141340638390978,2
8438,2021,2,0.015550783650680052,1
8438,2021,3,0.02117538590740271,2
8438,2021,4,0.017050089105486096,1
8438,2021,5,0.021792805805975504,1
8438,2021,6,0.06818239701084983,3
8438,2021,7,0.058524974285449116,2
8438,2021,8,0.08287310007326971,4
8438,2021,9,0.01681068750015538,1
8438,2021,11,0.013717158894982531,1
8438,2021,12,0.06925812478566093,2
8438,2022,2,0.08190689426116078,3
8438,2022,3,0.028443566131494253,1
8438,2022,4,0.02263218481860772,2
8438,2022,5,0.03232107314581556,2
8438,2022,6,0.018651405780112415,2
8438,2022,7,0.017612934725427465,1
8438,2022,8,0.06373449420162122,4
8438,2022,9,0.04230682411201897,2
8438,2022,10,0.03035583212989266,2
8438,2023,1,0.09827081663731807,4
8438,2023,3,0.032258594836943946,2
8438,2023,6,0.010735000932232407,1
8438,2023,8,0.05827664679528116,2
8438,2023,9,0.044788579448996495,1
8438,2023,10,0.02392277523526343,2
8438,2023,11,0.006698299741035113,1
8438,2023,12,0.009136128501619833,1
8438,2024,1,0.006866447737984329,1
8438,2024,2,0.030516623023195768,2
8438,2024,3,0.01940216716434812,1
8438,2024,4,0.012906774200863867,1
8438,2024,6,0.007875372647673375,1
8438,2024,7,0.008437899030470456,1
8438,2024,9,0.03668919443627352,3
8438,2024,11,0.01082951289743305,1
8438,2024,12,0.0235920415988368,2
8438,2025,1,0.06863623761903288,6
8438,2025,3,0.005973758982068114,1
8438,2025,7,0.052357815383224385,3
8438,2025,8,0.030858966843422396,2
8438,2025,9,0.10303027256619937,5
8438,2025,11,0.010511825606566915,1
8438,2025,12,0.016877554317052446,1
8443,2021,1,0.004097907624153372,1
8443,2021,2,0.0069640447961450405,2
8443,2021,4,0.008678731835412238,1
8443,2021,5,0.01441828714771717,2
8443,2021,6,0.005750451115207116,1
8443,2021,7,0.013421915441216903,2
8443,2021,8,0.004452108358983623,1
8443,2021,9,0.004678281773721213,2
8443,2022,4,0.0018861879447042557,1
8443,2022,5,0.009513439850692461,2
8443,2022,6,0.0011143718952506627,1
8443,2022,8,0.0036326482533066027,1
8443,2022,9,0.002274306055668259,1
8443,2023,5,0.00462476098318357,1
8443,2023,7,0.04246064187827758,4
8443,2023,8,0.06423593109038843,6
8443,2023,9,0.0065190507009875295,1
8443,2024,1,0.009035833232091601,3
8443,2024,2,0.01378371396378467,5
8443,2024,3,0.0030257957119679342,1
8443,2024,4,0.02191047683551447,2
8443,2024,5,0.0047839135799040405,2
8443,2024,7,0.007598361214073952,2
8443,2024,8,0.014630237306822464,3
8443,2024,9,0.0024487420513102094,1
8443,2024,10,0.004694058814249635,1
8443,2024,12,0.0024291665195510567,1
8443,2025,3,0.00794108350880225,3
8443,2025,5,0.010430641610596538,2
8443,2025,6,0.015421942965630101,3
8443,2025,7,0.007221584922273931,1
8443,2025,8,0.01287913385198802,2
8443,2025,12,0.014558735319457363,4
8450,2021,1,0.5311514769997765,1
8450,2021,4,0.24644282423585534,1
8450,2021,5,0.7224287154938559,1
8450,2021,8,0.3472252124836284,2
8450,2021,9,1.383722444050546,2
8450,2021,10,1.2636579493671198,2
8450,2021,11,0.6004784753752155,1
8450,2021,12,0.604642848984763,1
8450,2022,1,0.326045490907335,1
8450,2022,4,0.6153337218429099,1
8450,2022,5,0.052321033683802566,1
8450,2022,6,0.6297051232666298,1
8450,2022,7,0.04484999285648588,1
8450,2022,8,0.9695503978436197,2
8450,2022,9,0.0394644366738535,1
8450,2022,10,0.20090456967476947,2
8450,2022,11,0.1087949964715341,1
8450,2023,1,0.6739192946701369,2
8450,2023,3,0.5694364497510527,1
8450,2024,2,0.15859099098125934,2
8450,2024,3,1.4736637083747604,5
8450,2024,8,0.06905036861988659,1
8450,2024,10,1.0423622870860474,2
8450,2024,11,0.7561387962014028,2
8450,2025,1,0.6594083878009841,2
8450,2025,2,0.2456486023839884,1
8450,2025,5,0.537133040469808,3
8451,2022,9,0.009694765913049914,1
8451,2022,11,0.01995926730827345,1
8451,2023,1,0.014812899012724118,1
8451,2023,2,0.021298994951529104,1
8451,2023,5,0.029742190646973133,1
8451,2023,6,0.006949493977731113,1
8451,2023,8,0.014205529273895047,1
8451,2023,10,0.007900116178952527,1
8451,2024,8,0.00850913504810418,1
8451,2024,11,0.00981133118815528,1
8451,2025,1,0.012456678333736437,1
8451,2025,6,0.013052961524275895,2
8451,2025,8,0.008570129749485877,1
8451,2025,12,0.008834521945427765,1
8452,2021,4,0.014861780294823611,2
8452,2021,7,0.023376735496730642,1
8452,2021,9,0.029878055319131777,1
8452,2022,2,0.014091621557668079,1
8452,2022,3,0.030883863280406224,1
8452,2022,8,0.005934906041836437,1
8452,2022,11,0.015988724883596036,1
8452,2022,12,0.02256848632818518,1
8452,2023,1,0.0077087698570704926,1
8452,2023,2,0.011084194263878229,1
8452,2023,3,0.032798797231707394,1
8452,2023,5,0.07385521664245294,2
8452,2023,6,0.012336773937050741,2
8452,2023,8,0.01345588253841532,1
8452,2023,10,0.00826238882253473,1
8452,2024,4,0.007045405051131164,1
8452,2024,8,0.011217915378741271,2
8452,2024,10,0.015959128580026658,1
8452,2024,11,0.005105907631991475,1
8452,2025,1,0.006482570790217738,1
8452,2025,2,0.05619632756692602,2
8452,2025,6,0.006792882085904017,2
8452,2025,8,0.00445997490614569,1
8452,2025,9,0.004937161447971859,1
8452,2025,12,0.023141474339095646,3
8453,2021,7,0.009816258225469844,1
8453,2023,1,0.004871848489572509,1
8453,2023,6,0.002285635088014836,1
8453,2024,11,0.0032268713226662024,1
8453,2025,6,0.00429301859358298,2
8453,2025,12,0.0029056062799696514,1
8475,2021,4,0.03542093439398544,1
8475,2021,5,0.027412698468686058,2
8475,2021,6,0.023706659236445257,1
8475,2021,7,0.03258331010256349,1
8475,2021,8,0.05343236998231901,2
8475,2021,10,0.019904685539874793,1
8475,2021,12,0.02846854678638675,1
8475,2022,3,0.006835652011975944,1
8475,2022,5,0.05915524688055334,2
8475,2022,6,0.05596004378448739,2
8475,2022,7,0.027331091838958082,1
8475,2022,9,0.05300882538791895,2
8475,2022,10,0.02963950907952016,2
8475,2022,11,0.02497025227306819,1
8475,2023,1,0.0315191010848511,2
8475,2023,2,0.02096867802062308,1
8475,2023,3,0.030060224503733367,2
8475,2023,4,0.0070501712326751596,1
8475,2023,5,0.013714326261205292,1
8475,2023,10,0.04948692848855437,1
8475,2024,4,0.028322632636005655,1
8475,2024,11,0.018549321020731962,1
8475,2025,1,0.01240270552303945,1
8475,2025,2,0.016469997632991548,1
8477,2021,8,0.07711337270687804,1
8477,2021,9,0.06969554510680541,1
8477,2022,6,0.08465521465643777,1
8477,2023,12,0.08044910434931493,1
8477,2024,11,0.027267554580172163,1
8477,2024,12,0.05152377674525795,1
8477,2025,6,0.08665584961730291,1
8478,2021,1,0.12711665742931202,1
8478,2021,2,0.1359918844610758,1
8478,2021,3,0.12576086627878413,1
8478,2021,7,0.36617956195375634,3
8478,2021,8,0.04768710609798802,1
8478,2021,9,0.1371148890663562,1
8478,2021,10,0.26868448168950543,2
8478,2021,12,0.14105279527963668,1
8478,2022,1,0.15818170939142573,1
8478,2022,3,0.13956971902881474,1
8478,2022,5,0.20783333487371008,2
8478,2022,6,0.12492342604688562,1
8478,2022,7,0.06902315996056403,1
8478,2022,8,0.13313787649079603,1
8478,2022,9,0.09834919486680613,1
8478,2022,10,0.10887999618768525,1
8478,2022,11,0.1324096108592468,1
8478,2022,12,0.08976482749148973,1
8478,2023,3,0.1355409360852042,2
8478,2023,4,0.11736849163996865,1
8478,2023,8,0.034885483058463035,1
8478,2024,1,0.08314946990142619,1
8478,2024,9,0.1338953661645511,1
8478,2024,12,0.09744866766771242,1
8478,2025,1,0.1099572911093646,1
8478,2025,8,0.043907864983154604,1
8481,2021,1,0.9456319013400694,2
8481,2021,7,0.5723727495392419,1
8481,2021,9,1.1758121339347558,2
8481,2021,12,0.7199343289618763,1
8481,2022,3,0.6211248242210876,1
8481,2022,4,0.09213157658899757,1
8481,2022,6,0.6262838845623112,1
8481,2023,5,0.8471513394855537,2
8481,2023,8,0.32961642922683565,2
8481,2024,5,0.07924406664202334,1
8481,2024,7,0.09470144434100514,1
8481,2024,8,0.07513150452926769,1
8481,2024,9,0.06794986001391509,1
8481,2025,4,0.2535079219382889,1
8487,2022,1,0.06996773174839271,2
8487,2023,11,0.0508192157090846,2
8487,2024,2,0.020965102385788487,1
8487,2024,6,0.011203062080056482,1
8487,2024,12,0.026960693193769075,1
8487,2025,1,0.037540266863168206,1
8504,2021,4,0.044912382722428756,1
8504,2021,5,0.0347582475206871,2
8504,2021,6,0.03005913228754977,1
8504,2021,7,0.0413143842399143,1
8504,2021,8,0.06775019043031831,2
8504,2021,9,0.4943575293529078,1
8504,2021,10,0.02523837584274027,1
8504,2021,12,0.03609702258556676,1
8504,2022,3,0.008667343890604251,1
8504,2022,5,0.07500657826774616,2
8504,2022,6,0.07095518361140501,2
8504,2022,7,0.03465477345232224,1
8504,2022,9,0.06721315217175272,2
8504,2022,10,0.03758175774466156,2
8504,2022,11,0.031661319667333904,1
8504,2023,1,0.550102745410103,3
8504,2023,2,0.02658747739318575,1
8504,2023,3,0.038115208724224116,2
8504,2023,4,0.008939346013252835,1
8504,2023,5,0.017389238323653484,1
8504,2023,10,0.06274752233562803,1
8504,2024,4,0.555373244744481,2
8504,2024,11,0.02351982575213397,1
8504,2025,1,0.015726153665187176,1
8504,2025,2,0.020883323655516442,1
8506,2021,11,0.09102228412796548,1
8506,2022,1,0.06086245066824997,1
8506,2023,2,0.033820732103900505,1
8506,2023,4,0.035483929645930154,1
8506,2023,9,0.07212661771677628,2
8506,2023,12,0.039294923429390456,1
8506,2024,1,0.06619331702040476,2
8506,2024,8,0.05567467196052918,1
8506,2025,1,0.036250077407272534,1
8507,2021,11,0.031508940025259946,1
8507,2022,1,0.021068591348467784,1
8507,2023,2,0.01170763214394853,1
8507,2023,4,0.012283376777298934,1
8507,2023,9,0.02496787785140317,2
8507,2023,12,0.013602618276346264,1
8507,2024,1,0.02291396305916424,2
8507,2024,8,0.0192727519039633,1
8507,2025,1,0.012548592093459158,1
8508,2021,9,0.11678061481574752,1
8508,2022,5,0.024499881691512845,1
8508,2022,7,0.21396202427050529,1
8508,2022,10,0.04634185189793039,1
8508,2022,11,0.050944416700358736,1
8508,2023,1,0.056423557292620025,1
8508,2024,2,0.041029775745403174,1
8508,2025,5,0.07065924859200043,1
8509,2021,1,0.06134392774550829,2
8509,2021,3,0.01780129778582241,2
8509,2021,4,0.014333326191493825,1
8509,2021,5,0.06500194409421453,2
8509,2021,6,0.057318207009251984,3
8509,2021,7,0.08669056972983494,2
8509,2021,8,0.32849547731674344,9
8509,2021,9,0.132611711168689,1
8509,2021,10,0.20206367299039452,3
8509,2021,11,0.0988790387500203,2
8509,2021,12,0.12226361179762261,2
8509,2022,1,0.27371099861604065,4
8509,2022,2,0.06030282458960054,2
8509,2022,3,0.11974602283952696,3
8509,2022,4,0.013508852785632533,1
8509,2022,5,0.08027482582532974,3
8509,2022,6,0.10981459287120826,4
8509,2022,7,0.27438117113931954,3
8509,2022,8,0.1875399423914647,4
8509,2022,9,0.06735251780187937,3
8509,2022,10,0.1774132321896385,4
8509,2022,11,0.07076669482183838,1
8509,2023,1,0.21047844806163182,4
8509,2023,2,0.2853828205984202,4
8509,2023,3,0.21589332041572473,4
8509,2023,4,0.09287376271885894,2
8509,2023,5,0.05584800996282987,1
8509,2023,6,0.04868305789033388,2
8509,2023,7,0.0630842876730541,1
8509,2023,8,0.07653742604393057,2
8509,2023,10,0.03796853242606682,3
8509,2024,1,0.0823224984218107,2
8509,2024,2,0.20775655089169115,5
8509,2024,3,0.01905151142785878,1
8509,2024,4,0.1399328361052491,2
8509,2024,5,0.12161587253138118,2
8509,2024,6,0.0409043544726646,2
8509,2024,7,0.007093403349763577,1
8509,2024,8,0.040945557684113405,2
8509,2024,9,0.03149386327189857,2
8509,2024,10,0.12650055595529616,4
8509,2024,11,0.024902870585739072,1
8509,2024,12,0.017068317425966734,1
8509,2025,1,0.11543539790879577,7
8509,2025,3,0.008848676584774846,1
8509,2025,5,0.16644634599569005,5
8509,2025,7,0.014713116816540271,2
8509,2025,8,0.03632856118864344,2
8509,2025,9,0.10921488983962704,6
8509,2025,11,0.016186806559501627,2
8510,2021,5,0.7228500460029099,1
8513,2021,4,0.03977226745284595,1
8513,2021,5,0.03078024884871281,2
8513,2021,6,0.026618936165768756,1
8513,2021,7,0.036586051330092,1
8513,2021,8,0.0599963424436669,2
8513,2021,10,0.022349903818209844,1
8513,2021,12,0.03196580429493955,1
8513,2022,3,0.007675387018617324,1
8513,2022,5,0.06642225397001382,2
8513,2022,6,0.06283453178602551,2
8513,2022,7,0.030688617141108356,1
8513,2022,9,0.05952076693514652,2
8513,2022,10,0.03328061505011849,2
8513,2022,11,0.028037757014624024,1
8513,2023,1,0.03539110810224269,2
8513,2023,2,0.02354460390831598,1
8513,2023,3,0.033753013835176704,2
8513,2023,4,0.007916259145945338,1
8513,2023,5,0.015399081399977534,1
8513,2023,10,0.055566217801438125,1
8513,2024,4,0.03180196512148462,1
8513,2024,11,0.020828037693735164,1
8513,2025,1,0.013926332820993434,1
8513,2025,2,0.018493276984762674,1
8516,2021,1,0.0996306045740959,2
8516,2021,4,0.12368201085647244,1
8516,2021,5,0.16548423971415815,2
8516,2021,6,0.07411114847521456,1
8516,2021,7,0.09206192096617791,1
8516,2021,8,0.6108072431325737,5
8516,2021,9,0.13987213272137,1
8516,2021,10,0.5144208187096649,3
8516,2021,11,0.6032875135187719,3
8516,2021,12,0.20527794440087035,1
8516,2022,1,0.9817448492763451,6
8516,2022,2,0.09518553988107104,1
8516,2022,3,0.3391059663504958,4
8516,2022,4,0.07269385106841236,1
8516,2022,5,0.4878296248185505,7
8516,2022,6,0.4790062257535477,4
8516,2022,7,0.4290370748233569,4
8516,2022,8,0.4532847747780507,3
8516,2022,9,0.20419107207321044,2
8516,2022,10,0.33919290155029663,3
8516,2022,11,0.18605332517171203,2
8516,2023,1,0.273382835675406,2
8516,2023,2,0.7265376405628907,4
8516,2023,3,0.609724905026643,4
8516,2023,4,0.2364412976733018,2
8516,2023,5,0.1421798316501461,1
8516,2023,6,0.27692190700898445,3
8516,2023,7,0.32699410185143285,2
8516,2023,8,0.157051838784255,1
8516,2023,10,0.32383824477173084,3
8516,2023,11,0.10424292508043469,1
8516,2023,12,0.061846984933682805,1
8516,2024,1,0.28936512656701874,3
8516,2024,2,0.4606105938990806,5
8516,2024,3,0.048502009101069526,1
8516,2024,4,0.3562459448960404,2
8516,2024,5,0.45072411006835406,3
8516,2024,6,0.08728101935769503,1
8516,2024,7,0.07542509033302433,1
8516,2024,8,0.12384327557196088,2
8516,2024,10,0.3538122057786518,4
8516,2024,11,0.06339860542644744,1
8516,2025,1,0.3375141501799759,3
8516,2025,2,0.08898304044688729,1
8516,2025,3,0.2484892952641753,2
8516,2025,5,0.21947222542233244,4
8516,2025,9,0.056629301208500904,1
8516,2025,11,0.009704249185708261,1
8517,2021,1,0.11806397013741014,2
8517,2021,2,0.14506932873115885,2
8517,2021,4,0.10939408007370044,3
8517,2021,5,0.13200303312416908,2
8517,2021,6,0.05264682144714975,1
8517,2021,7,0.09833419031522783,2
8517,2021,8,0.040760168053412205,1
8517,2021,9,0.07991071205863123,4
8517,2022,3,0.08085233872266134,2
8517,2022,4,0.047729944985088035,3
8517,2022,5,0.06352051914811419,2
8517,2022,6,0.023213690826683186,1
8517,2022,8,0.07567237992428187,1
8517,2022,9,0.04737649778008872,1
8517,2023,2,0.018099637358059067,1
8517,2023,3,0.03900238455400874,2
8517,2023,4,0.03466359899881539,1
8517,2023,5,0.133767782238763,2
8517,2023,7,0.4248699259461529,5
8517,2023,8,0.528806830500064,6
8517,2023,9,0.05968354332274772,1
8517,2023,10,0.02261339825622491,1
8517,2024,1,0.07282457244128232,3
8517,2024,2,0.1261933565543961,5
8517,2024,3,0.02770191823077339,1
8517,2024,4,0.2005959078116073,2
8517,2024,5,0.043797928025813976,2
8517,2024,7,0.10164676895561808,3
8517,2024,8,0.2313106637131204,4
8517,2024,9,0.022418847315218416,1
8517,2024,10,0.0429752851220124,1
8517,2024,11,0.021581724455073642,1
8517,2024,12,0.07043202354370617,2
8517,2025,2,0.09652149550898795,1
8517,2025,3,0.07270261014465812,3
8517,2025,5,0.1594978832797887,2
8517,2025,6,0.2636181433150998,3
8517,2025,7,0.09996897093946583,2
8517,2025,8,0.4174818202474797,5
8517,2025,12,0.25248196975487563,6
8518,2021,1,0.008246157116865447,1
8518,2021,2,0.014013641307926154,2
8518,2021,7,0.0071873968665512,1
8518,2022,3,0.04118152702608005,1
8518,2022,4,0.01218618358424866,1
8518,2022,5,0.019143750158806136,2
8518,2022,6,0.0994327589140258,2
8518,2022,7,0.00914709826897219,1
8518,2022,8,0.017954540401450815,1
8518,2022,9,0.02070243615350872,3
8518,2023,2,0.00697842510226444,1
8518,2023,3,0.026566242989673524,1
8518,2023,4,0.06601441392130968,2
8518,2023,5,0.03425628371719455,2
8518,2023,7,0.05039086359674466,2
8518,2023,8,0.07422445458220475,3
8518,2023,9,0.01323924436874323,1
8518,2023,10,0.007692540755236336,1
8518,2023,11,0.015602020347040607,1
8518,2024,1,0.053024368210591186,2
8518,2024,2,0.005847451332382123,1
8518,2024,3,0.023482966441559356,1
8518,2024,6,0.024348716941519334,1
8518,2024,8,0.005689340150824503,1
8518,2024,10,0.00967458389348243,1
8518,2024,11,0.05109684329724809,1
8518,2025,1,0.036729566717011976,1
8518,2025,9,0.016344706231547493,1
8518,2025,11,0.009748418387696535,1
8519,2021,1,0.010593448600792098,1
8519,2021,2,0.01800266315588745,2
8519,2021,4,0.011159769637988709,1
8519,2021,5,0.01854012385615484,2
8519,2021,6,0.007394364865426038,1
8519,2021,7,0.02189938489077694,3
8519,2021,8,0.0057248575750308535,1
8519,2021,9,0.006015688453847711,2
8519,2022,3,0.02658844227088492,1
8519,2022,4,0.010293290996890473,2
8519,2022,5,0.024593071713240246,2
8519,2022,6,0.0028807485373573043,1
8519,2022,7,0.005905732784426781,1
8519,2022,8,0.016263303778820046,2
8519,2022,9,0.016290796160663264,3
8519,2023,2,0.004505550579893438,1
8519,2023,3,0.01715222987330957,1
8519,2023,4,0.04262154806647825,2
8519,2023,5,0.028064095359958262,2
8519,2023,7,0.08713346259105312,6
8519,2023,8,0.13052169635898297,8
8519,2023,9,0.016930474438357372,2
8519,2023,10,0.004966612230224035,1
8519,2023,11,0.010073288857009824,1
8519,2024,1,0.02358106337519277,5
8519,2024,2,0.021499490316079114,6
8519,2024,3,0.01905234003838982,2
8519,2024,4,0.028174147880122263,2
8519,2024,5,0.006151517817607402,2
8519,2024,6,0.015720506293020967,1
8519,2024,7,0.009770547400634797,2
8519,2024,8,0.022485931132864966,4
8519,2024,9,0.003148777691686773,1
8519,2024,10,0.01228227438345958,2
8519,2024,11,0.005024505974807836,1
8519,2024,12,0.0031236059927431683,1
8519,2025,1,0.00361172854354525,1
8519,2025,3,0.010211245642210206,3
8519,2025,5,0.013412507697923095,2
8519,2025,6,0.01983070039845947,3
8519,2025,7,0.00928605995462488,1
8519,2025,8,0.016560964165126944,2
8519,2025,9,0.010552796592434664,1
8519,2025,11,0.006293969122843728,1
8519,2025,12,0.01872072273539452,4
8520,2021,1,0.04007186627659805,1
8520,2021,2,0.06809872193568953,2
8520,2021,4,0.01371662857711003,1
8520,2021,5,0.02278792492658711,2
8520,2021,6,0.009088517031518296,1
8520,2021,7,0.03237106599593161,3
8520,2021,8,0.007036502325840615,1
8520,2021,9,0.007393966617030439,2
8520,2022,3,0.06393123023971022,1
8520,2022,4,0.02189923227474827,2
8520,2022,5,0.0447551097741614,2
8520,2022,6,0.010897015175667706,1
8520,2022,7,0.01420018361846015,1
8520,2022,8,0.0520472434594591,2
8520,2022,9,0.047273792099670066,3
8520,2023,2,0.010833481275254884,1
8520,2023,3,0.04124209857738663,1
8520,2023,4,0.10248242356020536,2
8520,2023,5,0.08395668441133637,2
8520,2023,7,0.1453365547083996,6
8520,2023,8,0.21675199203086654,8
8520,2023,9,0.030856212536119504,2
8520,2023,10,0.011942092235674457,1
8520,2023,11,0.024220965734942576,1
8520,2024,1,0.04304360065438763,5
8520,2024,2,0.030862719210973444,6
8520,2024,3,0.0412377759077858,2
8520,2024,4,0.03462923828039326,2
8520,2024,5,0.0075609163832885745,2
8520,2024,6,0.037799555801900954,1
8520,2024,7,0.012009116141012854,2
8520,2024,8,0.07426966454969877,5
8520,2024,9,0.003870206596535219,1
8520,2024,10,0.02243796750025541,2
8520,2024,11,0.012081296265632955,1
8520,2024,12,0.0038392677101366205,1
8520,2025,1,0.008684309021501758,1
8520,2025,2,0.041946960844452034,1
8520,2025,3,0.012550784498906023,3
8520,2025,5,0.04430024369168638,2
8520,2025,6,0.07757907454487434,3
8520,2025,7,0.011413625860947504,1
8520,2025,8,0.12686693101003843,3
8520,2025,9,0.025373929835766796,1
8520,2025,11,0.015133687976702866,1
8520,2025,12,0.05360725264241888,4
8521,2021,1,0.010745710477297256,1
8521,2021,2,0.018261419239718427,2
8521,2021,7,0.009366021616957862,1
8521,2022,3,0.05366436270419527,1
8521,2022,4,0.015880027358647446,1
8521,2022,5,0.024946553132671863,2
8521,2022,6,0.002922154145159537,1
8521,2022,7,0.011919742531309558,1
8521,2022,8,0.023396873255340744,1
8521,2022,9,0.026977703908326597,3
8521,2023,2,0.009093706883545516,1
8521,2023,3,0.03461893238156907,1
8521,2023,4,0.08602452867118104,2
8521,2023,5,0.04463995793874119,2
8521,2023,7,0.0656652090467841,2
8521,2023,8,0.09672317516778722,3
8521,2023,9,0.017252289146144843,1
8521,2023,10,0.010024283386683866,1
8521,2023,11,0.020331263536963587,1
8521,2024,1,0.024143527312359782,2
8521,2024,2,0.007619915332361435,1
8521,2024,3,0.030601061191640855,1
8521,2024,6,0.0317292356959949,1
8521,2024,8,0.007413877907150769,1
8521,2024,10,0.01260711820480121,1
8521,2024,11,0.010141132312092757,1
8521,2025,1,0.007289675287301307,1
8521,2025,9,0.02129907040474251,1
8521,2025,11,0.012703333215844322,1
8522,2021,1,0.008378881845175304,1
8522,2021,2,0.014239195673294989,2
8522,2021,7,0.007303080485338558,1
8522,2022,3,0.0418443578342322,1
8522,2022,4,0.012382324390497117,1
8522,2022,5,0.019451875386430367,2
8522,2022,6,0.0022785263354535568,1
8522,2022,7,0.009294323954266237,1
8522,2022,8,0.018243524889975424,1
8522,2022,9,0.021035648967051505,3
8522,2023,2,0.007090745248800868,1
8522,2023,3,0.026993835786299544,1
8522,2023,4,0.06707693856497919,2
8522,2023,5,0.03480765035802304,2
8522,2023,7,0.051201921837012505,2
8522,2023,8,0.07541912264743258,3
8522,2023,9,0.013452334549656152,1
8522,2023,10,0.007816354838242718,1
8522,2023,11,0.015853140218066417,1
8522,2024,1,0.018825722422302463,2
8522,2024,2,0.005941568068019891,1
8522,2024,3,0.023860932844175054,1
8522,2024,6,0.024740617895497908,1
8522,2024,8,0.00578091203274222,1
8522,2024,10,0.009830299640899752,1
8522,2024,11,0.007907466853758609,1
8522,2025,1,0.005684066032770553,1
8522,2025,9,0.016607779886723153,1
8522,2025,11,0.009905322526633153,1
8525,2021,1,0.44499096821542466,2
8525,2021,2,0.08360960044168944,2
8525,2021,4,0.42596915825996173,3
8525,2021,5,0.368015181503568,3
8525,2021,6,0.04214269381387961,1
8525,2021,7,0.11154506634517056,3
8525,2021,8,0.03262767314075378,1
8525,2021,9,0.33911249284100786,4
8525,2021,11,0.3271149105535915,1
8525,2022,3,0.2775852975772501,3
8525,2022,4,0.3966518133559993,3
8525,2022,5,0.06118390518485447,2
8525,2022,6,0.029505794429413652,1
8525,2022,7,0.08704387893025367,1
8525,2022,8,0.06835529663001251,2
8525,2022,9,0.18075916362808536,3
8525,2023,2,0.10711889606165982,2
8525,2023,3,0.14947934443673924,3
8525,2023,4,0.3708357431931128,3
8525,2023,5,1.0676891199118057,4
8525,2023,7,1.2280339715359394,7
8525,2023,8,0.923105614449416,8
8525,2023,9,0.17376022670630292,2
8525,2023,10,0.21336224821705235,3
8525,2023,11,0.1484689822084698,1
8525,2024,1,0.23383731463659177,5
8525,2024,2,0.23894015543948313,6
8525,2024,3,0.24563895804999014,2
8525,2024,4,0.160572883430543,2
8525,2024,5,0.03505933729213092,2
8525,2024,6,0.056595582988304874,1
8525,2024,7,0.12784810815084047,3
8525,2024,8,0.4812351990064963,5
8525,2024,9,0.07775069878961366,1
8525,2024,10,0.1943948773881848,2
8525,2024,11,0.06663329437487081,2
8525,2024,12,0.18552995160181984,2
8525,2025,1,0.013002627186898583,1
8525,2025,2,0.11963252545160008,1
8525,2025,3,0.1268376180086476,3
8525,2025,5,0.14806260465168072,2
8525,2025,6,0.11302108432796501,3
8525,2025,7,0.12907197746613208,2
8525,2025,8,0.2169363084114121,4
8525,2025,9,0.15553638853923069,1
8525,2025,11,0.09276604721504339,1
8525,2025,12,0.2164343160790532,6
8526,2021,1,0.08097332459602688,2
8526,2021,2,0.04090991229005888,2
8526,2021,4,0.42362406549032766,4
8526,2021,5,0.08469946415515674,2
8526,2021,6,0.03378072049186382,1
8526,2021,7,0.03613268080175901,2
8526,2021,8,0.026153674739812033,1
8526,2021,9,0.09200461656150317,4
8526,2021,10,0.270283370021558,1
8526,2021,12,0.265336762369532,1
8526,2022,3,0.30805072643978115,2
8526,2022,4,0.06408591599669894,3
8526,2022,5,0.01485939544089233,2
8526,2022,6,0.006546318673660324,1
8526,2022,8,0.021339799753395144,1
8526,2022,9,0.013360290460745113,1
8526,2022,11,0.13715980164014407,1
8526,2023,2,0.03149499192472774,1
8526,2023,3,0.25854854520502074,3
8526,2023,4,0.060317770403481935,1
8526,2023,5,0.30360514689581564,4
8526,2023,7,0.3123058955771036,5
8526,2023,8,0.3778553469523698,7
8526,2023,9,0.03829581804807969,1
8526,2023,10,0.16419915722462625,2
8526,2024,1,0.03585233818985715,3
8526,2024,2,0.08097169759761357,5
8526,2024,3,0.017774876642488842,1
8526,2024,4,0.12871193563695096,2
8526,2024,5,0.028102846935365956,2
8526,2024,6,0.2645434201878085,1
8526,2024,7,0.10046149629677267,3
8526,2024,8,0.08594455413844651,3
8526,2024,9,0.09883543678920803,2
8526,2024,10,0.17542379703142055,2
8526,2024,11,0.15554537455691372,2
8526,2024,12,0.09812909879575649,2
8526,2025,3,0.04664947445670724,3
8526,2025,5,0.061274251661154244,2
8526,2025,6,0.09059538709680033,3
8526,2025,7,0.10133103187385196,2
8526,2025,8,0.17046305926876562,4
8526,2025,12,0.17041909395698274,6
8527,2021,1,0.05858161110054678,2
8527,2021,2,0.03702936057314766,2
8527,2021,4,0.06752744860529929,3
8527,2021,5,0.056223758539660294,2
8527,2021,6,0.02242374365853261,1
8527,2021,7,0.029783368628141262,3
8527,2021,8,0.017360887795020118,1
8527,2021,9,0.05996335523932771,4
8527,2022,3,0.11998544503047329,3
8527,2022,4,0.050214601941103255,3
8527,2022,5,0.024056875798142488,2
8527,2022,6,0.005925360897256253,1
8527,2022,7,0.006444540447037877,1
8527,2022,8,0.026815201061783405,2
8527,2022,9,0.023454394483056678,3
8527,2023,2,0.02528146608907297,2
8527,2023,3,0.06260074036130572,3
8527,2023,4,0.08551194813664581,3
8527,2023,5,0.08428201786932714,3
8527,2023,7,0.24173098709092425,7
8527,2023,8,0.23607147936893932,8
8527,2023,9,0.03474851963845183,2
8527,2023,10,0.030863262112868578,2
8527,2023,11,0.010992322179710128,1
8527,2024,1,0.03714862628660433,5
8527,2024,2,0.05786904729204372,6
8527,2024,3,0.028343818174656508,2
8527,2024,4,0.08543936921687881,2
8527,2024,5,0.018654754149053848,2
8527,2024,6,0.017154761712287754,1
8527,2024,7,0.06572661860848619,3
8527,2024,8,0.06105864798083017,4
8527,2024,9,0.009548809814109988,1
8527,2024,10,0.025120545381875775,2
8527,2024,11,0.02976564737251541,2
8527,2024,12,0.06369627150872473,2
8527,2025,1,0.003941243454830265,1
8527,2025,3,0.030966061167180058,3
8527,2025,5,0.04067403217314651,2
8527,2025,6,0.06013748988549468,3
8527,2025,7,0.0662508027286569,2
8527,2025,8,0.11152353088980035,4
8527,2025,9,0.01151557765170874,1
8527,2025,11,0.0068681974049916135,1
8527,2025,12,0.11166478010746503,6
8528,2021,1,0.07853444309323572,2
8528,2021,2,0.05195439921111571,2
8528,2021,4,0.08600621140411961,3
8528,2021,5,0.06993269318904244,2
8528,2021,6,0.02789128343875695,1
8528,2021,7,0.059084166058216855,3
8528,2021,8,0.021593960830671083,1
8528,2021,9,0.07707814147107135,4
8528,2022,3,0.17200661423638006,3
8528,2022,4,0.10467313474424171,3
8528,2022,5,0.03639150817103963,2
8528,2022,6,0.014761241457318205,1
8528,2022,7,0.038164939314059426,1
8528,2022,8,0.04090787311463659,2
8528,2022,9,0.08425009281716564,3
8528,2023,2,0.055664244197565785,2
8528,2023,3,0.09166565027562279,3
8528,2023,4,0.1922118128872743,3
8528,2023,5,0.1935010489181517,3
8528,2023,7,0.46919149260967413,7
8528,2023,8,0.43233970113722175,8
8528,2023,9,0.08685802939808027,2
8528,2023,10,0.04314623182827034,2
8528,2023,11,0.06509716439161342,1
8528,2024,1,0.08878689377687383,5
8528,2024,2,0.07443946430062144,6
8528,2024,3,0.11265521635611192,2
8528,2024,4,0.10627189197062534,2
8528,2024,5,0.023203308215379255,2
8528,2024,6,0.03158229601882159,1
8528,2024,7,0.08391047953110559,3
8528,2024,8,0.12658935321595288,5
8528,2024,9,0.011877078381012589,1
8528,2024,10,0.0902924820092881,2
8528,2024,11,0.04174932433933949,2
8528,2024,12,0.08246868841924986,2
8528,2025,1,0.007255916436515328,1
8528,2025,2,0.047830033682243624,1
8528,2025,3,0.038516458364304305,3
8528,2025,5,0.07922603748272612,2
8528,2025,6,0.07480070238198012,3
8528,2025,7,0.08468163985751519,2
8528,2025,8,0.14238069124846015,4
8528,2025,9,0.06819591340229819,1
8528,2025,11,0.04067386019416891,1
8528,2025,12,0.14217329487071545,6
8530,2021,1,0.3969298630307758,3
8530,2021,8,0.5985337042859535,2
8530,2021,11,0.36338664980822255,1
8530,2022,4,0.016713996373810436,1
8530,2022,7,0.37809118082726767,2
8530,2022,8,0.4444728088539152,2
8530,2022,9,0.5265500245160948,2
8530,2022,11,0.016485037430907477,1
8530,2022,12,0.09643204847691153,1
8530,2023,1,0.25626098474205516,1
8530,2023,3,0.2616840637430805,2
8530,2023,5,0.09926078899012776,1
8530,2023,6,0.5236987456107652,2
8530,2023,7,0.4204998683817259,2
8530,2023,8,0.18504304370687885,1
8530,2023,9,0.3932904802395494,1
8530,2023,10,0.045797941822815824,1
8530,2023,11,0.6347039292094232,2
8530,2023,12,0.22618427273188352,2
8530,2024,1,0.1889212873178559,1
8530,2024,2,0.07581868920924019,1
8530,2024,3,0.2879806943758264,2
8530,2024,4,0.3300957669604216,1
8530,2024,5,0.3111506428367962,1
8530,2024,6,0.19917594643121667,1
8530,2024,10,0.2014314424504353,1
8530,2025,1,0.16125933026436912,2
8530,2025,6,0.25758260527469384,2
8530,2025,7,0.09097184167256439,1
8530,2025,12,0.2862099901901468,1
8531,2021,1,0.645124791897439,1
8531,2021,2,0.654032670778776,1
8531,2022,1,0.3093363876426878,1
8531,2022,8,0.9654918523637092,2
8531,2022,9,0.0941299431707987,1
8531,2023,3,0.10823260251354024,1
8531,2023,6,0.51839976104803,1
8531,2023,12,0.557978477673656,1
8531,2024,1,0.7070368483166963,2
8531,2024,3,0.12808136595312022,1
8531,2024,4,0.13591140318874043,1
8531,2024,5,0.0443567176156381,1
8531,2024,9,0.6117781558267676,2
8531,2025,3,0.4082864469939017,2
8531,2025,8,0.06327404654664655,1
8531,2025,12,0.12639175131345204,2
8535,2022,1,0.09561123637013703,1
8535,2022,8,0.1241498646625311,1
8535,2023,3,0.09740891902465242,1
8535,2023,5,0.07952980075751012,1
8535,2023,6,0.0894988490955086,1
8535,2023,9,0.12999798926387468,1
8535,2023,10,0.1236304544664236,1
8535,2024,3,0.0898169126562016,1
8535,2025,1,0.06502609495391883,1
8535,2025,7,0.10316654488927582,1
8536,2021,4,1.3778515612076165,5
8536,2021,5,0.03063402864770738,2
8536,2021,6,0.026492484095292004,1
8536,2021,7,0.34985097115968555,2
8536,2021,8,0.05971133249151148,2
8536,2021,10,0.022243731595729996,1
8536,2021,11,0.9177730161583415,3
8536,2021,12,0.03181395216559909,1
8536,2022,1,0.5022051607027187,4
8536,2022,3,0.007638925434496518,1
8536,2022,5,0.06610671801140394,2
8536,2022,6,0.06253603914183042,2
8536,2022,7,0.030542832232448035,1
8536,2022,8,0.17283420242951972,1
8536,2022,9,0.05923801618325913,2
8536,2022,10,0.03312251697085569,2
8536,2022,11,0.027904564898908198,1
8536,2022,12,0.13352305072455228,1
8536,2023,1,0.035222984219750716,2
8536,2023,2,0.02343275631627771,1
8536,2023,3,0.16919968881815978,3
8536,2023,4,0.007878653309513655,1
8536,2023,5,0.12604267999766897,2
8536,2023,6,0.12459507905086435,1
8536,2023,9,0.18097562049654015,1
8536,2023,10,0.22741336280025237,2
8536,2024,3,0.12503786859383884,1
8536,2024,4,0.03165089130283921,1
8536,2024,8,0.33732474047840816,2
8536,2024,10,0.04308548958025762,1
8536,2024,11,0.020729095028485918,1
8536,2025,1,0.0923483183599866,2
8536,2025,2,0.018405425496256136,1
8536,2025,7,0.12452463010131601,1
8536,2025,8,0.03236356816636858,1
8537,2022,1,0.07005114118158108,1
8537,2025,1,0.022256293117444818,1
8537,2025,7,0.035310514411128355,1
8539,2021,4,0.06412140894254066,1
8539,2021,5,0.049624350085683944,2
8539,2021,6,0.042915423253760424,1
8539,2021,7,0.058984546498661986,1
8539,2021,8,0.09672694707306145,2
8539,2021,10,0.03603282926358117,1
8539,2021,12,0.05153571924967968,1
8539,2022,3,0.01237436689765126,1
8539,2022,5,0.10708689200951724,2
8539,2022,6,0.10130271584695655,2
8539,2022,7,0.04947662015798056,1
8539,2022,9,0.09596021754975614,2
8539,2022,10,0.05365547564060798,2
8539,2022,11,0.04520286618050613,1
8539,2023,1,0.05705804222110508,2
8539,2023,2,0.03795894155104906,1
8539,2023,3,0.05441708360567031,2
8539,2023,4,0.012762704328942321,1
8539,2023,5,0.024826615604908786,1
8539,2023,10,0.08958463781982196,1
8539,2024,4,0.051271575430010194,1
8539,2024,11,0.033579255294258537,1
8539,2025,1,0.022452229633212625,1
8539,2025,2,0.02981512124330217,1
8540,2021,1,0.009446197700185871,1
8540,2021,2,0.016053008015505865,2
8540,2021,7,0.00823335898030366,1
8540,2022,3,0.04717456148007168,1
8540,2022,4,0.013959605391478357,1
8540,2022,5,0.021929687509008707,2
8540,2022,6,0.002568768796061715,1
8540,2022,7,0.010478250342213209,1
8540,2022,8,0.020567415323824036,1
8540,2022,9,0.023715204792975793,3
8540,2023,2,0.007993976129451586,1
8540,2023,3,0.03043235532323023,1
8540,2023,4,0.07562131016000247,2
8540,2023,5,0.0392415065442365,2
8540,2023,7,0.05772410749298076,2
8540,2023,8,0.08502613547563499,3
8540,2023,9,0.015165915217943287,1
8540,2023,10,0.00881201507088447,1
8540,2023,11,0.01787253949103635,1
8540,2024,1,0.021223774142642836,2
8540,2024,2,0.006698414854954081,1
8540,2024,3,0.026900378012457836,1
8540,2024,6,0.027892118803441626,1
8540,2024,8,0.006517294187661849,1
8540,2024,10,0.01108249950003471,1
8540,2024,11,0.008914733085928578,1
8540,2025,1,0.0064081117837195695,1
8540,2025,9,0.018723306411283468,1
8540,2025,11,0.011167078925281557,1
8544,2021,4,1.4044616730355564,4
8544,2021,7,0.3289420308302349,1
8544,2021,11,0.9631679185914634,3
8544,2022,1,0.42711863836808184,3
8544,2022,7,0.0709642799396386,1
8544,2022,12,0.14012736982469906,1
8544,2024,8,0.35400950175673895,2
8544,2024,9,0.06700285801811562,1
8544,2024,10,0.04019019970409059,1
8544,2025,2,0.05265803387291923,1
8544,2025,8,0.030188777716461192,1
8545,2021,4,0.03564949798877068,1
8545,2021,5,0.02758958665675798,2
8545,2021,6,0.023859633158453103,1
8545,2021,7,0.03279356312424291,1
8545,2021,8,0.053777157458143696,2
8545,2021,10,0.020033126151561085,1
8545,2021,11,0.0612595832501308,1
8545,2021,12,0.028652248134279853,1
8545,2022,1,0.04096148980701232,1
8545,2022,3,0.006879760989429217,1
8545,2022,5,0.05953696283776206,2
8545,2022,6,0.056321141790244514,2
8545,2022,7,0.027507453437176633,1
8545,2022,9,0.053350879822486964,2
8545,2022,10,0.02983076639271049,2
8545,2022,11,0.025131379886437866,1
8545,2023,1,0.03172248699692845,2
8545,2023,2,0.04386592636520079,2
8545,2023,3,0.03025419660215975,2
8545,2023,4,0.030976967403044054,2
8545,2023,5,0.013802821829262665,1
8545,2023,9,0.048542470504909056,2
8545,2023,10,0.0498062568875292,1
8545,2023,12,0.026446168168512047,1
8545,2024,1,0.044549255750526096,2
8545,2024,4,0.0285053924315848,1
8545,2024,8,0.03747002434145566,1
8545,2024,11,0.0186690157596162,1
8545,2025,1,0.03687967122764198,2
8545,2025,2,0.016576274949767815,1
8548,2021,11,0.08996620846375704,1
8548,2022,1,0.06015630102994312,1
8548,2023,2,0.03342833091925842,1
8548,2023,4,0.03507223140160936,1
8548,2023,9,0.07128977686574615,2
8548,2023,12,0.03883900856460447,1
8548,2024,1,0.06542531661360101,2
8548,2024,8,0.05502871293265373,1
8548,2025,1,0.0358294900209829,1
8603,2021,1,0.1174863414653765,3
8603,2022,2,0.2840367320815571,1
8603,2022,4,0.01981323142263003,1
8603,2022,7,0.05074139076096548,1
8603,2022,11,0.019541817188681452,1
8603,2023,12,0.02712121196949325,1
8603,2025,1,0.03022582548418595,1
8603,2025,6,0.007641710439626616,1
8603,2025,7,0.01481056619982762,1
8604,2021,1,0.13649037805543862,3
8604,2022,4,0.023018126308509124,1
8604,2022,7,0.05894907886006428,1
8604,2022,11,0.02270280938792746,1
8604,2023,12,0.031508211327941855,1
8604,2025,1,0.035115012485004954,1
8604,2025,6,0.008877797485950393,1
8604,2025,7,0.017206253549271633,1
8605,2021,1,0.12542387245471526,3
8605,2022,4,0.02115183926805701,1
8605,2022,7,0.054169545528436946,1
8605,2022,11,0.020862087933250208,1
8605,2023,12,0.028953556544966473,1
8605,2025,1,0.032267921811866516,1
8605,2025,6,0.008157994397996068,1
8605,2025,7,0.015811187435577224,1
8606,2021,1,0.11178089056535381,3
8606,2022,4,0.018851047924168498,1
8606,2022,7,0.048277253143139756,1
8606,2022,11,0.01859281429118209,1
8606,2023,12,0.02580413339413687,1
8606,2025,1,0.0287579785748199,1
8606,2025,6,0.007270608546745482,1
8606,2025,7,0.014091325501711622,1
8607,2021,1,0.13671015570089629,3
8607,2022,4,0.023055190236933996,1
8607,2022,7,0.05904399902907795,1
8607,2022,11,0.022739365591109235,1
8607,2023,12,0.03155894604343531,1
8607,2025,1,0.035171554893884766,1
8607,2025,6,0.008892092570014998,1
8607,2025,7,0.0172339591644665,1
8608,2021,1,0.4138047954067481,3
8608,2021,8,0.6216256602346262,2
8608,2021,11,0.37740642588702833,1
8608,2022,4,0.01762209352478449,1
8608,2022,7,0.3933524665852523,2
8608,2022,8,0.46162096015924897,2
8608,2022,9,0.5468647868825748,2
8608,2022,11,0.017380694890075325,1
8608,2022,12,0.10015248159458477,1
8608,2023,1,0.2661477585839504,1
8608,2023,3,0.27178006473542876,2
8608,2023,5,0.10309035740102454,1
8608,2023,6,0.5439035031330606,2
8608,2023,7,0.43672312259040524,2
8608,2023,8,0.19218216683944367,1
8608,2023,9,0.4084639723581905,1
8608,2023,10,0.047564866638476797,1
8608,2023,11,0.6591913642006384,2
8608,2023,12,0.23527101753508284,2
8608,2024,1,0.1962100364948383,1
8608,2024,2,0.09163078300218398,1
8608,2024,3,0.29909124247190766,2
8608,2024,4,0.34283115154262656,1
8608,2024,5,0.3231551078925448,1
8608,2024,6,0.20686032936252016,1
8608,2024,10,0.20920284439895578,1
8608,2025,1,0.19095791812262533,2
8608,2025,6,0.26762190306602923,2
8608,2025,7,0.09467840177933126,1
8608,2025,12,0.29725222296369724,1
8701,2025,9,0.011155466741098453,1
8701,2025,12,0.012690953716329374,1
8702,2021,3,0.0794927118688613,1
8702,2022,2,0.09005514678129561,1
8702,2022,9,0.0984276373445685,1
8702,2023,5,0.1316145729344096,2
8702,2023,8,0.2920784537514368,3
8702,2023,10,0.04078756817555971,1
8702,2024,1,0.0644034104670779,1
8702,2024,3,0.06790451038887889,1
8702,2024,4,0.33165590025133107,4
8702,2024,6,0.13030872713842756,3
8702,2024,7,0.08637432856096579,1
8702,2025,1,0.2205078603622602,1
8702,2025,6,0.2165847640750811,5
8704,2021,3,0.09488372607391148,1
8704,2022,2,0.1074912111796941,1
8704,2022,9,0.11748474495764008,1
8704,2023,5,0.15709718277374768,2
8704,2023,8,0.34862934407825663,3
8704,2023,10,0.04868467001572725,1
8704,2024,1,0.07687290335578079,1
8704,2024,3,0.0810518701834012,1
8704,2024,4,0.39586959421082063,4
8704,2024,6,0.15553850510521963,3
8704,2024,7,0.10309772982102824,1
8704,2025,1,0.2632015807219275,1
8704,2025,6,0.2585189125285419,5
8705,2021,1,0.007753591790863469,1
8705,2021,2,0.013176568511290274,2
8705,2021,4,0.016420903076862347,1
8705,2021,5,0.02728063273264943,2
8705,2021,6,0.010880345446987275,1
8705,2021,7,0.02539541222679061,2
8705,2021,8,0.008423769882168062,1
8705,2021,9,0.008851709331433526,2
8705,2022,4,0.0035688289501416047,1
8705,2022,5,0.01800024204899981,2
8705,2022,6,0.0021084869576018343,1
8705,2022,8,0.006873281259421193,1
8705,2022,9,0.004303181618639753,1
8705,2023,5,0.008750443417163696,1
8705,2023,7,0.08033916683766734,4
8705,2023,8,0.12153987684966576,6
8705,2023,9,0.012334601615096795,1
8705,2024,1,0.01709656946852998,3
8705,2024,2,0.02607996598246673,5
8705,2024,3,0.005725064336459137,1
8705,2024,4,0.04145649656044832,2
8705,2024,5,0.00905157374527386,2
8705,2024,7,0.014376749438228476,2
8705,2024,8,0.027681660565493885,3
8705,2024,9,0.004633229444966718,1
8705,2024,10,0.008881560841800492,1
8705,2024,12,0.004596190864239582,1
8705,2025,3,0.015025209338907723,3
8705,2025,5,0.019735666243103515,2
8705,2025,6,0.0291796354004389,3
8705,2025,7,0.013663856461853448,1
8705,2025,8,0.024368423026333377,2
8705,2025,12,0.027546372688579134,4
8708,2021,1,2.3542578661038793,9
8708,2021,2,0.4789147194878196,1
8708,2021,3,0.8941840728203366,2
8708,2021,7,0.5650340068819948,1
8708,2021,8,0.6360242462773086,1
8708,2021,9,1.1595253924676112,2
8708,2021,11,0.5484287832502397,1
8708,2022,1,0.5862614361266462,1
8708,2022,2,0.8779300592340872,2
8708,2022,3,0.9766932800810599,2
8708,2022,4,0.4901751639096424,1
8708,2022,5,0.9145924212127476,2
8708,2022,6,0.6303837936413484,2
8708,2022,7,1.5600725558686634,4
8708,2022,8,0.2223737559590984,1
8708,2022,9,1.0758536197566686,4
8708,2023,2,1.4672883308742921,2
8708,2023,3,0.6495273301127354,1
8708,2023,4,1.2054082804317041,2
8708,2023,5,0.8942227738809435,3
8708,2023,6,0.1497025071387202,1
8708,2023,7,0.1374476439419828,1
8708,2023,9,0.4260892265262333,2
8708,2023,10,0.14474484993013234,1
8708,2023,12,0.3281608643474547,1
8708,2024,1,1.2370016919662583,3
8708,2024,2,0.3390101036870026,1
8708,2024,4,1.6652122038539101,5
8708,2024,5,0.3613995566030203,1
8708,2024,6,0.4532748151790248,3
8708,2024,7,1.094495724254359,3
8708,2024,8,0.36336329185036,1
8708,2024,9,0.8217844801393434,2
8708,2024,10,0.8272910179785078,2
8708,2024,11,0.6002517615358718,1
8708,2024,12,1.4674683608634087,3
8708,2025,1,2.2694411911712127,5
8708,2025,2,0.5570362235615769,2
8708,2025,4,0.2226898997908884,1
8708,2025,6,2.551910077033661,17
8708,2025,7,0.3667720380305194,2
8708,2025,8,0.26029709806643087,1
8708,2025,11,0.03210766064944062,1
8708,2025,12,0.4514798540167311,1
8709,2021,1,0.09975955610690705,3
8709,2022,4,0.016823735824197838,1
8709,2022,7,0.04308533703088198,1
8709,2022,11,0.016593273600571733,1
8709,2023,12,0.02302906051385835,1
8709,2025,1,0.025665238151584197,1
8709,2025,6,0.006488700148853731,1
8709,2025,7,0.012575891727994492,1
8712,2024,3,0.1667955224444892,1
8713,2021,5,0.2623494783416074,1
8713,2021,10,0.2003571958032027,1
8713,2021,11,0.3271149105535915,1
8713,2022,4,0.5167225565476565,1
8713,2022,8,0.2753780134825976,1
8713,2022,9,0.0941299431707987,1
8713,2023,5,0.3217118210328742,1
8713,2023,10,0.14461679867352745,1
8713,2024,1,0.07522320716477392,1
8713,2024,9,0.2993085449469893,1
8713,2024,11,0.094451100104798,1
8713,2025,1,0.06789358713635431,1
8714,2021,1,0.14006615988666865,1
8714,2024,1,0.6289366140627664,1
8714,2024,3,0.07762769371714962,1
8714,2024,10,0.5548896860896334,1
8715,2021,1,0.1495323715056559,1
8715,2021,4,0.12524019515181953,1
8715,2021,5,0.0524717932420894,1
8715,2021,6,0.04477172462404971,1
8715,2021,7,0.10976303423021234,2
8715,2021,9,0.12893994754542454,1
8715,2021,11,0.2739042390409029,2
8715,2022,1,0.01777653665331679,1
8715,2022,2,0.06028805721909796,2
8715,2022,3,0.03369815464846021,1
8715,2022,4,0.09538542090840119,3
8715,2022,5,0.0823062540298926,2
8715,2022,6,0.10837674308453475,3
8715,2022,7,0.42367422223591,9
8715,2022,8,0.1405342682752127,3
8715,2022,9,0.32639500996501986,6
8715,2022,10,0.03548729978904884,1
8715,2022,11,0.2243035256150911,2
8715,2022,12,0.17177299641103522,4
8715,2023,2,0.18897613199141058,2
8715,2023,3,0.07851395354919023,1
8715,2023,4,0.047811471373175624,1
8715,2023,5,0.16436255212448073,1
8715,2023,8,0.18228443549500295,2
8715,2023,9,0.1687165260436915,3
8715,2023,10,0.01977855491574898,1
8715,2023,11,0.12895131880918492,2
8715,2024,1,0.16701334758862638,3
8715,2024,4,0.1920856735539863,4
8715,2024,5,0.09691682988933845,1
8715,2024,7,0.0703908736130203,1
8715,2024,8,0.016253182298111332,1
8715,2024,9,0.04233505315972596,1
8715,2024,10,0.2341887184581455,4
8715,2024,11,0.3750519068149625,4
8715,2024,12,0.05537866616032926,1
8715,2025,1,0.29297867591337323,3
8715,2025,2,0.33827208080527155,4
8715,2025,3,0.16148212461737188,2
8715,2025,6,0.009942448726280613,1
8715,2025,9,0.02900733673768534,2
8715,2025,12,0.14117451291496372,3
8716,2021,6,1.0471715145969074,2
8716,2021,9,0.5623214675819425,1
8716,2022,8,0.6162275845564862,1
8716,2022,9,0.3492949992775967,1
8716,2022,10,0.4441730671725218,1
8716,2023,5,0.2189183732678908,1
8716,2023,8,1.0365131790673783,3
8716,2024,3,0.2409760769142131,1
8716,2024,4,0.1717410611827037,1
8716,2024,6,0.3450724069394554,2
8716,2024,7,0.3065208293752701,1
8716,2025,8,0.26029709806643087,1
8716,2025,12,0.7860312168353558,2
8802,2021,2,0.08084809520232578,1
8802,2021,9,0.012312911586507111,1
8802,2022,1,0.13739243617948144,1
8802,2022,11,0.14846421602571905,2
8802,2023,6,0.15873793225028615,2
8802,2024,1,0.021074652376945217,1
8802,2024,2,0.01797809621638988,1
8802,2024,5,0.009446969700802452,1
8802,2024,7,0.15698678500252267,2
8802,2024,8,0.14593799659178486,2
8802,2024,12,0.204546835719846,2
8802,2025,1,0.05927485028806852,1
8802,2025,6,0.026042194116507017,1
8802,2025,8,0.08693994656686226,2
8803,2021,2,0.09513027467170776,1
8803,2021,9,0.014488042770847845,1
8803,2022,1,0.16166342767705866,1
8803,2022,11,0.17469108720622173,2
8803,2023,6,0.18677970158725832,2
8803,2024,1,0.024797584460244444,1
8803,2024,2,0.021154007733386396,1
8803,2024,5,0.011115819367217264,1
8803,2024,7,0.18471920630591057,2
8803,2024,8,0.1717185997526861,2
8803,2024,12,0.24068095378823298,2
8803,2025,1,0.0697460190610168,1
8803,2025,6,0.030642664779639433,1
8803,2025,8,0.10229827896565309,2
8901,2022,1,0.07244759589276276,2
8901,2023,11,0.052620399593895334,2
8901,2024,2,0.02170816785883432,1
8901,2024,6,0.011600131861586477,1
8901,2024,12,0.027916260205702755,1
8901,2025,1,0.03887080537624773,1
8903,2022,1,0.15949420879426968,2
8903,2022,4,0.004813368876506351,1
8903,2023,5,0.018659621268452962,1
8903,2023,11,0.11584440996619794,2
8903,2024,2,0.04779077917427277,1
8903,2024,6,0.04776975633049763,2
8903,2024,12,0.06145796529389465,1
8903,2025,1,0.0855745214493722,1
8904,2022,1,0.07061144779342884,2
8904,2023,11,0.05128676187258933,2
8904,2024,2,0.021157985196969042,1
8904,2024,6,0.011306132318783118,1
8904,2024,12,0.027208736546904123,1
8904,2025,1,0.03788564424658344,1
8906,2022,1,0.08046792039694571,2
8906,2023,11,0.0584457506643092,2
8906,2024,2,0.024111374597079148,1
8906,2024,6,0.012884326605038682,1
8906,2024,12,0.0310067349555393,1
8906,2025,1,0.043174005075488395,1
9001,2024,10,0.035082557240705324,1
9001,2025,8,0.026352183618457693,1
9005,2021,1,0.06698034189006415,2
9005,2021,2,0.03492314047095306,2
9005,2021,4,0.08603100951208806,3
9005,2021,5,0.07230451298776754,2
9005,2021,6,0.028837237258854682,1
9005,2021,7,0.03245394301780925,2
9005,2021,8,0.022326336226147846,1
9005,2021,9,0.07611020918819991,4
9005,2022,3,0.11480214080162496,2
9005,2022,4,0.05271095096858613,3
9005,2022,5,0.014230258219170278,2
9005,2022,6,0.005588327957951084,1
9005,2022,8,0.018216925500251557,1
9005,2022,9,0.01140514057290501,1
9005,2023,2,0.025699653829009888,1
9005,2023,3,0.055379440024948365,2
9005,2023,4,0.0492188035104754,1
9005,2023,5,0.07633685561295903,2
9005,2023,7,0.26423463851744117,5
9005,2023,8,0.23794425585431514,6
9005,2023,9,0.03269159375509435,1
9005,2023,10,0.03210873762748344,1
9005,2024,1,0.03125464268807479,3
9005,2024,2,0.06912226917827306,5
9005,2024,3,0.015173694566691698,1
9005,2024,4,0.10987618298144826,2
9005,2024,5,0.023990265835792765,2
9005,2024,7,0.08365710240270038,3
9005,2024,8,0.07336739603863078,3
9005,2024,9,0.012279898412252417,1
9005,2024,10,0.02353966411010162,1
9005,2024,11,0.03064386520879706,1
9005,2024,12,0.08061005670871714,2
9005,2025,3,0.039822772969953464,3
9005,2025,5,0.052307354824982416,2
9005,2025,6,0.07733762436764621,3
9005,2025,7,0.08428326399953605,2
9005,2025,8,0.1419463191252902,4
9005,2025,12,0.142282102482067,6
9006,2021,4,0.03293177509472065,1
9006,2021,5,0.025486307353412205,2
9006,2021,6,0.022040705124773963,1
9006,2021,7,0.030293561095930954,1
9006,2021,8,0.049677480877930225,2
9006,2021,10,0.06280367428830692,2
9006,2021,11,0.04877171152287351,3
9006,2021,12,0.02646795732757445,1
9006,2022,2,0.07821694891281963,2
9006,2022,3,0.006355285611053523,1
9006,2022,5,0.11434551623757766,4
9006,2022,6,0.052027525748004594,2
9006,2022,7,0.07231411778219923,2
9006,2022,9,0.04928370031951175,2
9006,2022,10,0.08236095889791645,3
9006,2022,11,0.023215500832602255,1
9006,2023,1,0.02930413795888833,2
9006,2023,2,0.019495131916283555,1
9006,2023,3,0.05180169685909745,3
9006,2023,4,0.0065547297773474785,1
9006,2023,5,0.053797114438175635,2
9006,2023,10,0.05611009575041834,2
9006,2023,12,0.0369718288157746,1
9006,2024,2,0.0552856436551834,1
9006,2024,3,0.025998271179160055,1
9006,2024,4,0.026332297101053052,1
9006,2024,5,0.044546208499903484,2
9006,2024,6,0.06747340788263947,2
9006,2024,7,0.062109110723884295,2
9006,2024,9,0.025460499439959122,1
9006,2024,10,0.05044312743613684,1
9006,2024,11,0.01724579202851986,1
9006,2025,1,0.011531121802369489,1
9006,2025,2,0.01531259034070986,1
9006,2025,7,0.03212409283616559,1
9006,2025,12,0.05497689373413118,1
9014,2021,4,0.33149112894929256,1
9014,2021,10,0.27951199666315507,1
9014,2021,12,0.2743964907353699,1
9014,2022,3,0.17307480522878121,1
9014,2022,11,0.14184302206717755,1
9014,2023,3,0.19719155777563876,1
9014,2023,5,0.21852322593959841,2
9014,2023,8,0.10721318234160898,1
9014,2023,10,0.12911272165902077,1
9014,2024,6,0.2735760604690426,1
9014,2024,9,0.08733392910203101,1
9014,2024,10,0.1528969854655001,1
9014,2024,11,0.12201996282459002,1
9018,2021,10,0.08428162212421815,1
9018,2021,11,0.13277891688391752,3
9018,2022,2,0.14881679589652708,2
9018,2022,5,0.1519876661337091,2
9018,2022,7,0.08923968278983713,1
9018,2022,10,0.10427157379704986,1
9018,2023,3,0.04538483318984825,1
9018,2023,5,0.07809580010069489,1
9018,2023,10,0.037938067825796944,1
9018,2023,12,0.07034318238277246,1
9018,2024,2,0.10518733423125243,1
9018,2024,3,0.049464719213785445,1
9018,2024,5,0.10515713353158751,2
9018,2024,6,0.12837596593681688,2
9018,2024,7,0.15075716999250607,2
9018,2024,9,0.09562832322417597,1
9018,2024,10,0.09597388679035693,1
9018,2025,7,0.06111980374342124,1
9018,2025,12,0.1045999017805759,1
9020,2021,5,0.8503681905047138,1
9020,2021,10,1.6742746836424562,3
9020,2022,11,0.2790028237073217,1
9020,2023,3,0.386575038536365,1
9020,2023,4,0.2633429257928925,1
9020,2023,5,0.47899246084165525,2
9020,2023,7,0.8861291710449096,3
9020,2023,8,0.2108865150785495,1
9020,2023,10,0.0933628084612926,1
9020,2024,1,0.4855419308025826,1
9020,2024,2,0.1741177489688002,1
9020,2024,6,0.3363316430459245,2
9020,2024,7,0.2222539618408004,1
9020,2024,9,0.4367918060757359,2
9020,2024,12,0.5384196477843314,2
9020,2025,7,0.2711043830228773,1
9020,2025,8,0.3285177703623583,1
9022,2021,4,0.295025473954284,2
9022,2021,7,0.45144606578019,1
9022,2021,10,0.06553843271855883,1
9022,2021,11,0.07215762675011278,3
9022,2022,2,0.11572178274975886,2
9022,2022,5,0.08780422234517397,2
9022,2022,7,0.43533123026273884,2
9022,2022,9,0.2992209923475249,1
9022,2022,10,0.08108286660268868,1
9022,2023,1,0.7771959525028552,1
9022,2023,3,0.26459891495263543,1
9022,2023,5,0.06072826093638612,1
9022,2023,7,0.3611011074842162,1
9022,2023,8,0.403818116422727,3
9022,2023,9,0.15382267270431838,1
9022,2023,10,0.014944102271451591,1
9022,2023,12,0.054699729426279264,1
9022,2024,2,0.08179497325287687,1
9022,2024,3,0.03846437800351194,1
9022,2024,5,0.3989750760678957,3
9022,2024,6,0.09982674032815579,2
9022,2024,7,0.09189027592959532,2
9022,2024,9,0.22783136285951178,3
9022,2024,10,0.07463048246601056,1
9022,2025,7,0.047527516016551676,1
9022,2025,11,0.2667102480283637,1
9022,2025,12,0.0813381785071775,1
9030,2021,1,0.080434485143658,2
9030,2021,2,0.08927460898238229,2
9030,2021,4,0.07021335912684623,3
9030,2021,5,0.07420824663640005,2
9030,2021,6,0.029596504096217502,1
9030,2021,7,0.048134850709428155,2
9030,2021,8,0.022914175017505055,1
9030,2021,9,0.05571768881672409,4
9030,2022,3,0.06898953098551355,2
9030,2022,4,0.03569992338112572,3
9030,2022,5,0.028845822639746034,2
9030,2022,6,0.01428553636882539,1
9030,2022,8,0.04656823180746907,1
9030,2022,9,0.02915515189368683,1
9030,2023,2,0.015444024403840682,1
9030,2023,3,0.03327988107959992,2
9030,2023,4,0.029577690330037668,1
9030,2023,5,0.09122341651402202,2
9030,2023,7,0.24936777431111887,5
9030,2023,8,0.2800202149306229,6
9030,2023,9,0.03355234344397652,1
9030,2023,10,0.019295517783808083,1
9030,2024,1,0.038057666065301594,3
9030,2024,2,0.07094221629176481,5
9030,2024,3,0.01557320867344698,1
9030,2024,4,0.1127691557445796,2
9030,2024,5,0.024621914877104537,2
9030,2024,7,0.06648210944406949,3
9030,2024,8,0.13928149236554127,4
9030,2024,9,0.012603220634381886,1
9030,2024,10,0.024159449083295332,1
9030,2024,11,0.0184152131099308,1
9030,2024,12,0.053623984965125146,2
9030,2025,2,0.06342666153113947,1
9030,2025,3,0.040871282250384965,3
9030,2025,5,0.09574236171668199,2
9030,2025,6,0.15982328478321103,3
9030,2025,7,0.06605465048665278,2
9030,2025,8,0.2738284659085826,5
9030,2025,12,0.16282566730707665,6
9032,2023,3,0.07402568814637062,1
9032,2023,6,0.06801444835792174,1
9032,2023,9,0.09879167851629035,1
9032,2023,10,0.09395268481944023,1
9032,2024,3,0.06825616004295364,1
9101,2021,11,0.036936816385857704,1
9101,2022,1,0.024697964752960766,1
9101,2023,2,0.013724443236348595,1
9101,2023,4,0.014399368314442567,1
9101,2023,9,0.02926896046018907,2
9101,2023,12,0.01594586848169194,1
9101,2024,1,0.026861228765872876,2
9101,2024,8,0.022592765664480933,1
9101,2025,1,0.014710270852829261,1
9102,2021,11,0.04405322931980251,1
9102,2022,1,0.02945638556470614,1
9102,2023,2,0.01636865610889431,1
9102,2023,4,0.01717361528372843,1
9102,2023,9,0.034908049833948906,2
9102,2023,12,0.019018071118775282,1
9102,2024,1,0.03203643373790445,2
9102,2024,8,0.026945589365059936,1
9102,2025,1,0.017544417701472848,1
9103,2021,11,0.07508727272339742,1
9103,2022,1,0.05020743519813662,1
9103,2023,2,0.027899833096039696,1
9103,2023,4,0.029271859392981357,1
9103,2023,9,0.05949961668179972,2
9103,2023,12,0.03241567337553926,1
9103,2024,1,0.0546050419981757,2
9103,2024,8,0.04592786609715001,1
9103,2025,1,0.029903879853173925,1
9104,2021,2,0.10821560225565834,1
9104,2021,9,0.01648089716300712,1
9104,2022,1,0.1839005011723142,1
9104,2022,11,0.19872013694857177,2
9104,2023,6,0.2124715603539469,2
9104,2024,1,0.02820853346751651,1
9104,2024,2,0.02406377669873459,1
9104,2024,5,0.012644818818611878,1
9104,2024,7,0.21012764051785393,2
9104,2024,8,0.19533877889939325,2
9104,2024,12,0.2737870194902943,2
9104,2025,1,0.0793397000446931,1
9104,2025,6,0.034857614311431515,1
9104,2025,8,0.11636957746825312,2
9105,2021,11,0.04659874671703565,1
9105,2022,1,0.031158456969511448,1
9105,2023,2,0.01731448231818397,1
9105,2023,4,0.018165954259851316,1
9105,2023,9,0.036925133474077304,2
9105,2023,12,0.020116987852965715,1
9105,2024,1,0.03388758745998777,2
9105,2024,8,0.02850258002310071,1
9105,2025,1,0.018558182666561326,1
9108,2021,11,0.05958905080210281,1
9108,2022,1,0.03984448093735052,1
9108,2023,2,0.022141229950572584,1
9108,2023,4,0.023230066203974043,1
9108,2023,9,0.047218730319560684,2
9108,2023,12,0.02572498823702092,1
9108,2024,1,0.043334409463327554,2
9108,2024,8,0.0364482268010575,1
9108,2025,1,0.10661690090044773,2
9108,2025,7,0.1315008447008601,1
9109,2021,11,0.07083162694143563,1
9109,2022,1,0.04736187892642121,1
9109,2023,2,0.026318582336407274,1
9109,2023,3,0.07013614252480156,1
9109,2023,4,0.027612847679840482,1
9109,2023,9,0.05612741679257212,2
9109,2023,12,0.030578482881509248,1
9109,2024,1,0.5096793754449559,4
9109,2024,3,0.08299840093132278,1
9109,2024,4,0.08807236750681247,1
9109,2024,5,0.028743733370299153,1
9109,2024,8,0.043324858656050895,1
9109,2024,9,0.20248439614663918,1
9109,2025,1,0.028209047752529564,1
9109,2025,3,0.26457495959895005,2
9109,2025,8,0.04100241002854337,1
9109,2025,12,0.08190350853820183,2
9209,2022,6,0.1147411247602103,1
9209,2024,1,0.040726354653928806,1
9209,2024,11,0.05113646632874586,1
9209,2025,1,0.0367580486482824,1
9401,2021,4,0.022112782160235683,2
9401,2021,7,0.03478214920433856,1
9401,2021,9,0.04445543639704798,1
9401,2021,10,0.03895398291418086,1
9401,2021,11,0.07602124834452856,3
9401,2022,2,0.08974825379185966,3
9401,2022,3,0.045951973951868334,1
9401,2022,5,0.08456489644735338,2
9401,2022,7,0.04124554073649402,1
9401,2022,8,0.00883052244355314,1
9401,2022,10,0.04819310546893095,1
9401,2022,11,0.02378955840802214,1
9401,2022,12,0.0335795585697924,1
9401,2023,1,0.011469847164418338,1
9401,2023,2,0.01649212734387164,1
9401,2023,3,0.06977753700671058,2
9401,2023,5,0.14598384310387794,3
9401,2023,6,0.018355835520263552,2
9401,2023,8,0.02002095263441173,1
9401,2023,10,0.03668802775905622,2
9401,2023,12,0.032511798605739585,1
9401,2024,2,0.04861635926268012,1
9401,2024,3,0.02286201639864827,1
9401,2024,4,0.010482829380848184,1
9401,2024,5,0.0560789338096645,2
9401,2024,6,0.059333874427854344,2
9401,2024,7,0.08161973180154743,2
9401,2024,8,0.016691090444155135,2
9401,2024,9,0.06148970648853912,1
9401,2024,10,0.0681035334849948,2
9401,2024,11,0.007597059097680082,1
9401,2025,1,0.00964539058435146,1
9401,2025,2,0.0836142861111668,2
9401,2025,6,0.010107101492953784,2
9401,2025,7,0.02824886055503651,1
9401,2025,8,0.006635978434835807,1
9401,2025,9,0.007345982340146768,1
9401,2025,12,0.08277695992360312,4
9402,2021,4,0.094630577984357,3
9402,2021,7,0.0401113420759205,1
9402,2021,9,0.051266734725923566,1
9402,2021,10,0.04197677033386264,1
9402,2021,11,0.07775243923751667,3
9402,2022,2,0.09829808197580525,3
9402,2022,3,0.05299256625629298,1
9402,2022,5,0.08705419117210055,2
9402,2022,7,0.04444615059276777,1
9402,2022,8,0.010183502588111251,1
9402,2022,10,0.05193283891923877,1
9402,2022,11,0.02743450698038638,1
9402,2022,12,0.038724494930961376,1
9402,2023,1,0.013227214927625108,1
9402,2023,2,0.019018990389678463,1
9402,2023,3,0.07888241828384644,2
9402,2023,5,0.16562154296894488,3
9402,2023,6,0.021168249072739412,2
9402,2023,8,0.023088489301992872,1
9402,2023,10,0.03851323304451945,2
9402,2023,12,0.03503467941187355,1
9402,2024,2,0.05238893675478712,1
9402,2024,3,0.13840952141735754,2
9402,2024,4,0.01208896991236708,1
9402,2024,5,0.05830384480224737,2
9402,2024,6,0.06393811963627447,2
9402,2024,7,0.08455648162792373,2
9402,2024,8,0.01924843788382473,2
9402,2024,9,0.06134257414647046,1
9402,2024,10,0.075183869233415,2
9402,2024,11,0.008761052528634987,1
9402,2025,1,0.011123221825997037,1
9402,2025,2,0.09642535925354931,2
9402,2025,6,0.011655674380505136,2
9402,2025,7,0.03044094192690115,1
9402,2025,8,0.007652718624268589,1
9402,2025,9,0.00847150671450009,1
9402,2025,12,0.0918040293631549,4
9403,2021,4,0.0154016371937407,2
9403,2021,7,0.024225899707324285,1
9403,2021,9,0.030963381166390993,1
9403,2022,2,0.014603502299000636,1
9403,2022,3,0.03200572528659849,1
9403,2022,8,0.006150492593888083,1
9403,2022,11,0.016569518251689567,1
9403,2022,12,0.023388290739277867,1
9403,2023,1,0.007988792338021387,1
9403,2023,2,0.011486829656380707,1
9403,2023,3,0.03399021956540231,1
9403,2023,5,0.0765380209521985,2
9403,2023,6,0.012784909516246265,2
9403,2023,8,0.013944669943105434,1
9403,2023,10,0.008562521614090962,1
9403,2024,4,0.007301330683664113,1
9403,2024,8,0.011625408215302105,2
9403,2024,10,0.016538846856956987,1
9403,2024,11,0.005291380664540886,1
9403,2025,1,0.006718051364845557,1
9403,2025,2,0.05823766948754211,2
9403,2025,6,0.007039634775343442,2
9403,2025,8,0.004621984313788358,1
9403,2025,9,0.005116504744392641,1
9403,2025,12,0.023982092644927074,3
9405,2021,4,0.0410775164210501,1
9405,2021,5,0.03179039714107462,2
9405,2021,6,0.027492518216534523,1
9405,2021,7,0.03778673484168418,1
9405,2021,8,0.061965306475286766,2
9405,2021,10,0.02308338447612725,1
9405,2021,12,0.03301486022626791,1
9405,2022,3,0.00792727838987232,1
9405,2022,5,0.06860210400151989,2
9405,2022,6,0.0648966397077963,2
9405,2022,7,0.03169575825788111,1
9405,2022,9,0.061474123497503155,2
9405,2022,10,0.034372820529900816,2
9405,2022,11,0.028957902024145676,1
9405,2023,1,0.03655257588601493,2
9405,2023,2,0.024317292314742396,1
9405,2023,3,0.03486072253029643,2
9405,2023,4,0.008176055474996285,1
9405,2023,5,0.01590444949679129,1
9405,2023,10,0.057389793702367665,1
9405,2024,4,0.032845644167716924,1
9405,2024,11,0.02151157364605914,1
9405,2025,1,0.014383368155149836,1
9405,2025,2,0.019100190601938096,1
9501,2021,1,0.22631824696658392,2
9501,2021,2,0.11220182023874772,2
9501,2021,4,0.13425392595204483,1
9501,2021,5,0.05624826946296986,1
9501,2021,6,0.19413921125082517,1
9501,2021,7,0.11766284978996694,2
9501,2021,9,0.13821995525509584,1
9501,2021,11,0.8517769829621203,3
9501,2022,1,0.0770826416365585,1
9501,2022,2,0.14113000156862449,2
9501,2022,3,0.14612198254579192,1
9501,2022,4,0.27920314527688656,4
9501,2022,5,0.3275342298029361,4
9501,2022,6,0.2770711309434184,5
9501,2022,7,0.531390331981964,9
9501,2022,8,0.29440381629589163,4
9501,2022,9,0.5073925603056068,7
9501,2022,10,0.2191676479689098,2
9501,2022,11,0.31221877922426616,3
9501,2022,12,0.6665093456710305,4
9501,2023,1,0.0794909332116357,1
9501,2023,2,0.3513294860091547,2
9501,2023,3,0.08416472437796366,1
9501,2023,4,0.20732016510580728,1
9501,2023,5,0.6503774880959982,3
9501,2023,6,0.43587022140484816,1
9501,2023,8,0.3898434301131541,3
9501,2023,9,0.49809109532866136,3
9501,2023,10,0.021202048143397816,1
9501,2023,11,0.5591588783676484,2
9501,2024,1,0.5371207732465446,3
9501,2024,2,0.05780378480129655,1
9501,2024,3,0.07196952552914009,1
9501,2024,4,0.20591037695609077,4
9501,2024,5,0.103892084228209,1
9501,2024,6,0.19495078411713693,1
9501,2024,7,0.07545701379885525,1
9501,2024,8,0.2622947567295423,2
9501,2024,9,0.5118127068949715,2
9501,2024,10,0.25104364320552847,4
9501,2024,11,0.40204497337832246,4
9501,2024,12,0.32085424083415637,2
9501,2025,1,0.7835073180236557,3
9501,2025,2,0.5770518685912716,4
9501,2025,3,0.36901763172041513,2
9501,2025,6,0.0431124592548094,1
9501,2025,9,0.08720300594611999,2
9501,2025,12,0.5005146886325392,4
9502,2021,7,0.007973130568743356,1
9503,2021,1,0.034058138958959976,1
9503,2021,2,0.05787890483073829,2
9503,2021,6,0.07538847309547854,1
9503,2021,11,0.2879245323845152,1
9503,2022,1,0.029932864245740584,1
9503,2022,2,0.039463755471233215,1
9503,2022,3,0.05674234009109582,1
9503,2022,4,0.09128040669072314,3
9503,2022,5,0.12344424428867985,3
9503,2022,6,0.08299676876624562,2
9503,2022,7,0.039835526144036695,1
9503,2022,8,0.07415553975878128,1
9503,2022,9,0.08124910705308887,2
9503,2022,10,0.09343333514509616,2
9503,2022,11,0.0370232149719719,1
9503,2022,12,0.24883067413859195,3
9503,2023,1,0.04100511157905424,1
9503,2023,2,0.07673341509657186,1
9503,2023,4,0.08050692381270755,1
9503,2023,5,0.24460688661937818,2
9503,2023,6,0.22484208375197032,1
9503,2023,8,0.10030101966592561,1
9503,2023,9,0.16364287088081275,2
9503,2023,11,0.21713353931089616,2
9503,2024,1,0.18471800077844647,2
9503,2024,2,0.029817874186459453,1
9503,2024,6,0.10056465979414585,1
9503,2024,8,0.12631624001480612,1
9503,2024,9,0.24060661430289398,1
9503,2024,12,0.13488861599191002,1
9503,2025,1,0.24216022948807575,2
9503,2025,2,0.11061491484434442,1
9503,2025,3,0.10106121580432398,1
9503,2025,6,0.016741504478515277,1
9503,2025,9,0.028943092300491066,1
9503,2025,12,0.18012305308053847,1
9504,2021,1,0.009466495138507105,1
9504,2021,2,0.016087501782247438,2
9504,2021,7,0.023128182034571385,1
9504,2022,3,0.04727592742458862,1
9504,2022,4,0.03921367881532452,1
9504,2022,5,0.021976808741672436,2
9504,2022,6,0.0072158826624915285,1
9504,2022,7,0.02943426636665112,1
9504,2022,8,0.02061160938552087,1
9504,2022,9,0.057144994351495,3
9504,2023,2,0.022455735932839862,1
9504,2023,3,0.030497746592262318,1
9504,2023,4,0.11591255093017874,2
9504,2023,5,0.09096951092327092,2
9504,2023,7,0.1621517620055947,2
9504,2023,8,0.16545202866969275,4
9504,2023,9,0.042602302258480176,1
9504,2023,10,0.008830949814583891,1
9504,2023,11,0.05020543228561001,1
9504,2024,1,0.0467902513849547,2
9504,2024,2,0.006712808017862983,1
9504,2024,3,0.0755653726455105,1
9504,2024,6,0.02795205176049272,1
9504,2024,8,0.04126553962406831,2
9504,2024,10,0.05068339803408965,2
9504,2024,11,0.008933888544103919,1
9504,2025,1,0.006421881160331607,1
9504,2025,2,0.03443255875073575,1
9504,2025,5,0.020613830152280046,1
9504,2025,9,0.05259530648489353,1
9504,2025,11,0.03136924246789152,1
9506,2022,4,0.0074677757089241905,1
9506,2023,5,0.028949758479225155,1
9506,2024,6,0.03449207795690544,1
9603,2021,9,0.03132796507438888,1
9603,2021,10,0.025838678814155483,1
9603,2025,1,0.0190967390404285,1
9603,2025,7,0.011307343393564883,1
9604,2023,8,0.22038790493296972,1
9604,2024,4,0.10950071407823815,1
9604,2025,4,0.1316303638691623,1
9604,2025,7,0.09937117283538159,1
9604,2025,8,0.12674239044182323,1
9604,2025,12,0.1245182930181412,1
9605,2021,7,0.014012331301529693,1
9613,2021,1,0.04847514898843205,1
9613,2021,2,0.051859661776696264,1
9613,2021,3,0.04795812644120542,1
9613,2021,7,0.13964030506464514,3
9613,2021,8,0.018185182175771173,1
9613,2021,9,0.05228791261853368,1
9613,2021,10,0.10246116082796775,2
9613,2021,12,0.05378960873178616,1
9613,2022,1,0.06032161390223964,1
9613,2022,3,0.05322404680092925,1
9613,2022,5,0.07925595336211724,2
9613,2022,6,0.047638773802211105,1
9613,2022,7,0.026321553999335896,1
9613,2022,8,0.05077130353654652,1
9613,2022,9,0.03750485554351447,1
9613,2022,10,0.04152071131978097,1
9613,2022,11,0.050493583954342,1
9613,2022,12,0.03423126028145134,1
9613,2023,3,0.05168769541014338,2
9613,2023,4,0.04475774641855145,1
9613,2023,8,0.01330336261974797,1
9613,2024,1,0.03170853469005187,1
9613,2024,9,0.05106016752601144,1
9613,2024,12,0.0371614450808182,1
9613,2025,1,0.04193153105724872,1
9613,2025,8,0.016743992013839543,1
9614,2021,1,0.04894552021605639,1
9614,2021,2,0.05236287410885245,1
9614,2021,3,0.04842348081926203,1
9614,2021,7,0.1409952835039021,3
9614,2021,8,0.018361639322228444,1
9614,2021,9,0.0527952804175303,1
9614,2021,10,0.10345537710183556,2
9614,2021,12,0.054311548010376944,1
9614,2022,1,0.06090693549847133,1
9614,2022,3,0.05374049823543361,1
9614,2022,5,0.08002500143844955,2
9614,2022,6,0.04810102939055827,1
9614,2022,7,0.02657696119097965,1
9614,2022,8,0.05126395515022742,1
9614,2022,9,0.03786877819897833,1
9614,2022,10,0.041923601220335616,1
9614,2022,11,0.05098354075834119,1
9614,2022,12,0.034563418103711094,1
9614,2023,3,0.05218923909284447,2
9614,2023,4,0.04519204639633216,1
9614,2023,8,0.013432449773424915,1
9614,2024,1,0.03201621362863312,1
9614,2024,9,0.05155562208743312,1
9614,2024,12,0.037522035505143256,1
9614,2025,1,0.04233840728457652,1
9614,2025,8,0.01690646479098895,1
9619,2021,1,0.12304494445971334,1
9619,2021,4,0.10305576445697191,1
9619,2021,5,0.043177198489962064,1
9619,2021,6,0.03684108206311305,1
9619,2021,7,0.090320151513649,2
9619,2021,9,0.1061001609525401,1
9619,2021,11,0.2253861925729786,2
9619,2022,1,0.014627688594577595,1
9619,2022,2,0.0496089280027726,2
9619,2022,3,0.027729029676746515,1
9619,2022,4,0.0784893177294167,3
9619,2022,5,0.06772692998727795,2
9619,2022,6,0.0891794211466566,3
9619,2022,7,0.34862665935889336,9
9619,2022,8,0.11564072087197486,3
9619,2022,9,0.26857900713193994,6
9619,2022,10,0.029201254468190867,1
9619,2022,11,0.18457150497598346,2
9619,2022,12,0.1413459747227705,4
9619,2023,2,0.15550183168341625,2
9619,2023,3,0.06460637891646906,1
9619,2023,4,0.039342383060025576,1
9619,2023,5,0.1352481800012683,1
9619,2023,8,0.1499954693121715,2
9619,2023,9,0.13883091244691848,3
9619,2023,10,0.016275079212594936,1
9619,2023,11,0.10610951796670196,2
9619,2024,1,0.1374294266261673,3
9619,2024,4,0.15806056438463492,4
9619,2024,5,0.07974946047380838,1
9619,2024,7,0.05792218131080186,1
9619,2024,8,0.013374173719227493,1
9619,2024,9,0.03483603056840748,1
9619,2024,10,0.1927056834959916,4
9619,2024,11,0.3086170611679969,4
9619,2024,12,0.04556916227128107,1
9619,2025,1,0.24108187774095344,3
9619,2025,2,0.2783522322013195,4
9619,2025,3,0.1328779772213369,2
9619,2025,6,0.008181292378369544,1
9619,2025,9,0.023869120123448946,2
9619,2025,12,0.11616755573285188,3
9704,2022,6,0.4345142446579288,1
9704,2022,12,0.6968393787381455,2
9704,2023,5,0.2023511463911523,1
9704,2023,12,0.2619827903863557,1
9704,2025,1,0.2416825279719336,1
