distribution_date,ym,Y_n,p_tfidf,p_embed
2025-02-13 00:00:00+00:00,2025-02,0,0.49219132679219735,0.44104076004054926
2025-02-13 00:00:00+00:00,2025-02,0,0.49219132679219735,0.44104076004054926
2025-02-13 00:00:00+00:00,2025-02,1,0.49219132679219735,0.44104076004054926
2024-01-05 00:00:00+00:00,2024-01,0,0.42033783152682785,0.4010792708849486
2024-01-05 00:00:00+00:00,2024-01,0,0.42033783152682785,0.4010792708849486
2024-01-05 00:00:00+00:00,2024-01,0,0.42033783152682785,0.4010792708849486
2024-01-05 00:00:00+00:00,2024-01,1,0.42033783152682785,0.4010792708849486
2024-01-05 00:00:00+00:00,2024-01,0,0.42033783152682785,0.4010792708849486
2024-01-05 00:00:00+00:00,2024-01,0,0.42033783152682785,0.4010792708849486
2024-01-05 00:00:00+00:00,2024-01,0,0.42033783152682785,0.4010792708849486
2024-01-04 00:00:00+00:00,2024-01,0,0.53873426957998,0.4370083360565366
2024-01-04 00:00:00+00:00,2024-01,0,0.53873426957998,0.4370083360565366
2024-01-04 00:00:00+00:00,2024-01,0,0.53873426957998,0.4370083360565366
2024-01-04 00:00:00+00:00,2024-01,0,0.53873426957998,0.4370083360565366
2024-01-04 00:00:00+00:00,2024-01,0,0.53873426957998,0.4370083360565366
2024-01-04 00:00:00+00:00,2024-01,0,0.5719269571438981,0.5359616637319865
2024-01-04 00:00:00+00:00,2024-01,0,0.5719269571438981,0.5359616637319865
2024-01-04 00:00:00+00:00,2024-01,0,0.5719269571438981,0.5359616637319865
2024-01-04 00:00:00+00:00,2024-01,0,0.5719269571438981,0.5359616637319865
2024-01-04 00:00:00+00:00,2024-01,0,0.5719269571438981,0.5359616637319865
2024-01-04 00:00:00+00:00,2024-01,0,0.5719269571438981,0.5359616637319865
2024-01-04 00:00:00+00:00,2024-01,0,0.5719269571438981,0.5359616637319865
2024-01-04 00:00:00+00:00,2024-01,0,0.4992034853739151,0.5435028872809043
2024-01-04 00:00:00+00:00,2024-01,0,0.4992034853739151,0.5435028872809043
2024-01-04 00:00:00+00:00,2024-01,0,0.4992034853739151,0.5435028872809043
2024-01-04 00:00:00+00:00,2024-01,1,0.4992034853739151,0.5435028872809043
2024-01-04 00:00:00+00:00,2024-01,1,0.4992034853739151,0.5435028872809043
2024-01-04 00:00:00+00:00,2024-01,0,0.4992034853739151,0.5435028872809043
2024-01-04 00:00:00+00:00,2024-01,0,0.4992034853739151,0.5435028872809043
2024-01-04 00:00:00+00:00,2024-01,0,0.4541126349413967,0.4732048691961473
2024-01-04 00:00:00+00:00,2024-01,0,0.4541126349413967,0.4732048691961473
2024-01-04 00:00:00+00:00,2024-01,0,0.4541126349413967,0.4732048691961473
2024-01-04 00:00:00+00:00,2024-01,0,0.4541126349413967,0.4732048691961473
2024-01-04 00:00:00+00:00,2024-01,0,0.4541126349413967,0.4732048691961473
2024-01-04 00:00:00+00:00,2024-01,0,0.4541126349413967,0.4732048691961473
2024-01-04 00:00:00+00:00,2024-01,0,0.4541126349413967,0.4732048691961473
2024-01-04 00:00:00+00:00,2024-01,0,0.4541126349413967,0.4732048691961473
2024-01-05 00:00:00+00:00,2024-01,0,0.5640053012345345,0.49256468669789183
2024-01-05 00:00:00+00:00,2024-01,0,0.5640053012345345,0.49256468669789183
2024-01-05 00:00:00+00:00,2024-01,0,0.5640053012345345,0.49256468669789183
2024-01-05 00:00:00+00:00,2024-01,0,0.5640053012345345,0.49256468669789183
2024-01-05 00:00:00+00:00,2024-01,0,0.5640053012345345,0.49256468669789183
2024-01-05 00:00:00+00:00,2024-01,0,0.5640053012345345,0.49256468669789183
2024-01-05 00:00:00+00:00,2024-01,0,0.5640053012345345,0.49256468669789183
2024-01-05 00:00:00+00:00,2024-01,0,0.5061400653596897,0.4028314655376263
2024-01-05 00:00:00+00:00,2024-01,0,0.5061400653596897,0.4028314655376263
2024-01-05 00:00:00+00:00,2024-01,0,0.5061400653596897,0.4028314655376263
2024-01-08 00:00:00+00:00,2024-01,0,0.3443131774376393,0.3697930205141448
2024-01-08 00:00:00+00:00,2024-01,0,0.3443131774376393,0.3697930205141448
2024-01-08 00:00:00+00:00,2024-01,0,0.3443131774376393,0.3697930205141448
2024-01-08 00:00:00+00:00,2024-01,1,0.3443131774376393,0.3697930205141448
2024-01-08 00:00:00+00:00,2024-01,0,0.3443131774376393,0.3697930205141448
2024-01-08 00:00:00+00:00,2024-01,0,0.3443131774376393,0.3697930205141448
2024-01-08 00:00:00+00:00,2024-01,0,0.3443131774376393,0.3697930205141448
2024-01-11 00:00:00+00:00,2024-01,1,0.4741825582410558,0.5902508841343509
2024-01-11 00:00:00+00:00,2024-01,0,0.4741825582410558,0.5902508841343509
2024-01-11 00:00:00+00:00,2024-01,0,0.4741825582410558,0.5902508841343509
2024-01-11 00:00:00+00:00,2024-01,0,0.4741825582410558,0.5902508841343509
2024-01-11 00:00:00+00:00,2024-01,0,0.4741825582410558,0.5902508841343509
2024-01-15 00:00:00+00:00,2024-01,0,0.39433906770477806,0.3960537707732816
2024-01-15 00:00:00+00:00,2024-01,1,0.39433906770477806,0.3960537707732816
2024-01-15 00:00:00+00:00,2024-01,1,0.39433906770477806,0.3960537707732816
2024-01-15 00:00:00+00:00,2024-01,0,0.39433906770477806,0.3960537707732816
2024-01-15 00:00:00+00:00,2024-01,0,0.39433906770477806,0.3960537707732816
2024-01-15 00:00:00+00:00,2024-01,0,0.39433906770477806,0.3960537707732816
2024-01-15 00:00:00+00:00,2024-01,0,0.5543162335385419,0.5991990328479636
2024-01-15 00:00:00+00:00,2024-01,0,0.5543162335385419,0.5991990328479636
2024-01-15 00:00:00+00:00,2024-01,0,0.5543162335385419,0.5991990328479636
2024-01-15 00:00:00+00:00,2024-01,0,0.5543162335385419,0.5991990328479636
2024-01-15 00:00:00+00:00,2024-01,0,0.5543162335385419,0.5991990328479636
2024-01-15 00:00:00+00:00,2024-01,0,0.5543162335385419,0.5991990328479636
2024-01-15 00:00:00+00:00,2024-01,0,0.5543162335385419,0.5991990328479636
2024-01-15 00:00:00+00:00,2024-01,0,0.6913132754207014,0.586340525408793
2024-01-15 00:00:00+00:00,2024-01,0,0.6913132754207014,0.586340525408793
2024-01-15 00:00:00+00:00,2024-01,0,0.6913132754207014,0.586340525408793
2024-01-15 00:00:00+00:00,2024-01,1,0.6913132754207014,0.586340525408793
2024-01-15 00:00:00+00:00,2024-01,0,0.6913132754207014,0.586340525408793
2024-01-15 00:00:00+00:00,2024-01,0,0.6913132754207014,0.586340525408793
2024-01-15 00:00:00+00:00,2024-01,0,0.6913132754207014,0.586340525408793
2024-01-17 00:00:00+00:00,2024-01,0,0.28721734545298483,0.36753640026972656
2024-01-17 00:00:00+00:00,2024-01,0,0.28721734545298483,0.36753640026972656
2024-01-17 00:00:00+00:00,2024-01,0,0.28721734545298483,0.36753640026972656
2024-01-17 00:00:00+00:00,2024-01,0,0.28721734545298483,0.36753640026972656
2024-01-17 00:00:00+00:00,2024-01,0,0.28721734545298483,0.36753640026972656
2024-08-22 00:00:00+00:00,2024-08,0,0.3699372082336457,0.3825848550904932
2024-08-22 00:00:00+00:00,2024-08,0,0.3699372082336457,0.3825848550904932
2024-08-22 00:00:00+00:00,2024-08,0,0.3699372082336457,0.3825848550904932
2024-08-22 00:00:00+00:00,2024-08,0,0.3699372082336457,0.3825848550904932
2024-08-22 00:00:00+00:00,2024-08,0,0.3699372082336457,0.3825848550904932
2024-08-22 00:00:00+00:00,2024-08,0,0.3699372082336457,0.3825848550904932
2024-08-22 00:00:00+00:00,2024-08,1,0.3699372082336457,0.3825848550904932
2024-08-22 00:00:00+00:00,2024-08,0,0.3699372082336457,0.3825848550904932
2024-01-18 00:00:00+00:00,2024-01,0,0.4789743342122254,0.4130981290110251
2024-01-18 00:00:00+00:00,2024-01,1,0.4789743342122254,0.4130981290110251
2024-01-18 00:00:00+00:00,2024-01,1,0.4789743342122254,0.4130981290110251
2024-01-18 00:00:00+00:00,2024-01,0,0.4789743342122254,0.4130981290110251
2024-01-18 00:00:00+00:00,2024-01,0,0.4789743342122254,0.4130981290110251
2024-01-18 00:00:00+00:00,2024-01,0,0.4789743342122254,0.4130981290110251
2024-01-18 00:00:00+00:00,2024-01,0,0.4925300890361368,0.5492616573432803
2024-01-18 00:00:00+00:00,2024-01,0,0.4925300890361368,0.5492616573432803
2024-01-18 00:00:00+00:00,2024-01,0,0.4925300890361368,0.5492616573432803
2024-01-18 00:00:00+00:00,2024-01,0,0.4925300890361368,0.5492616573432803
2024-01-18 00:00:00+00:00,2024-01,0,0.4925300890361368,0.5492616573432803
2024-01-18 00:00:00+00:00,2024-01,0,0.4925300890361368,0.5492616573432803
2024-01-18 00:00:00+00:00,2024-01,0,0.4925300890361368,0.5492616573432803
2024-01-22 00:00:00+00:00,2024-01,0,0.5296172401622284,0.48929809308513494
2024-01-22 00:00:00+00:00,2024-01,0,0.5296172401622284,0.48929809308513494
2024-01-22 00:00:00+00:00,2024-01,0,0.5296172401622284,0.48929809308513494
2024-01-26 00:00:00+00:00,2024-01,0,0.44727191338094563,0.3411769927599775
2024-01-26 00:00:00+00:00,2024-01,0,0.44727191338094563,0.3411769927599775
2024-01-26 00:00:00+00:00,2024-01,0,0.44727191338094563,0.3411769927599775
2024-01-30 00:00:00+00:00,2024-01,0,0.39974199371367297,0.5076327062541774
2024-01-30 00:00:00+00:00,2024-01,0,0.39974199371367297,0.5076327062541774
2024-01-30 00:00:00+00:00,2024-01,0,0.39974199371367297,0.5076327062541774
2024-01-30 00:00:00+00:00,2024-01,0,0.39974199371367297,0.5076327062541774
2024-01-30 00:00:00+00:00,2024-01,0,0.39974199371367297,0.5076327062541774
2024-01-30 00:00:00+00:00,2024-01,0,0.39974199371367297,0.5076327062541774
2024-01-30 00:00:00+00:00,2024-01,0,0.39974199371367297,0.5076327062541774
2024-01-30 00:00:00+00:00,2024-01,0,0.39974199371367297,0.5076327062541774
2024-01-31 00:00:00+00:00,2024-01,1,0.4834440659895943,0.5261430328281469
2024-01-31 00:00:00+00:00,2024-01,0,0.4834440659895943,0.5261430328281469
2024-01-31 00:00:00+00:00,2024-01,0,0.4834440659895943,0.5261430328281469
2024-01-31 00:00:00+00:00,2024-01,0,0.4834440659895943,0.5261430328281469
2024-01-31 00:00:00+00:00,2024-01,1,0.4834440659895943,0.5261430328281469
2024-01-31 00:00:00+00:00,2024-01,0,0.4834440659895943,0.5261430328281469
2024-01-31 00:00:00+00:00,2024-01,0,0.4834440659895943,0.5261430328281469
2024-01-31 00:00:00+00:00,2024-01,0,0.4834440659895943,0.5261430328281469
2024-01-31 00:00:00+00:00,2024-01,0,0.42014440674412296,0.5236493873488653
2024-01-31 00:00:00+00:00,2024-01,0,0.42014440674412296,0.5236493873488653
2024-01-31 00:00:00+00:00,2024-01,0,0.42014440674412296,0.5236493873488653
2024-01-31 00:00:00+00:00,2024-01,0,0.42014440674412296,0.5236493873488653
2024-01-31 00:00:00+00:00,2024-01,0,0.42014440674412296,0.5236493873488653
2024-01-31 00:00:00+00:00,2024-01,0,0.42014440674412296,0.5236493873488653
2024-01-31 00:00:00+00:00,2024-01,0,0.42014440674412296,0.5236493873488653
2024-01-31 00:00:00+00:00,2024-01,0,0.42014440674412296,0.5236493873488653
2024-02-02 00:00:00+00:00,2024-02,0,0.5237786673039596,0.5786487293962571
2024-02-02 00:00:00+00:00,2024-02,0,0.5237786673039596,0.5786487293962571
2024-02-02 00:00:00+00:00,2024-02,0,0.5237786673039596,0.5786487293962571
2024-02-02 00:00:00+00:00,2024-02,0,0.5237786673039596,0.5786487293962571
2024-02-02 00:00:00+00:00,2024-02,1,0.5237786673039596,0.5786487293962571
2024-02-02 00:00:00+00:00,2024-02,0,0.5237786673039596,0.5786487293962571
2024-02-02 00:00:00+00:00,2024-02,0,0.5237786673039596,0.5786487293962571
2024-02-02 00:00:00+00:00,2024-02,0,0.4040098839697896,0.43486732593767213
2024-02-02 00:00:00+00:00,2024-02,0,0.4040098839697896,0.43486732593767213
2024-02-02 00:00:00+00:00,2024-02,0,0.4040098839697896,0.4348673516548141
2024-02-02 00:00:00+00:00,2024-02,0,0.4040098839697896,0.43486732593767213
2024-02-02 00:00:00+00:00,2024-02,0,0.4040098839697896,0.4348673516548141
2024-02-02 00:00:00+00:00,2024-02,0,0.4040098839697896,0.43486732593767213
2024-02-02 00:00:00+00:00,2024-02,0,0.4040098839697896,0.43486732593767213
2024-02-02 00:00:00+00:00,2024-02,0,0.4040098839697896,0.43486732593767213
2024-02-05 00:00:00+00:00,2024-02,0,0.508280579770085,0.5724186465016473
2024-02-05 00:00:00+00:00,2024-02,0,0.508280579770085,0.5724186465016473
2024-02-05 00:00:00+00:00,2024-02,0,0.508280579770085,0.5724186465016473
2024-02-05 00:00:00+00:00,2024-02,0,0.508280579770085,0.5724186465016473
2024-02-05 00:00:00+00:00,2024-02,0,0.508280579770085,0.5724186465016473
2024-02-05 00:00:00+00:00,2024-02,0,0.508280579770085,0.5724186465016473
2024-02-05 00:00:00+00:00,2024-02,0,0.508280579770085,0.5724186465016473
2024-02-05 00:00:00+00:00,2024-02,0,0.508280579770085,0.5724186465016473
2024-02-06 00:00:00+00:00,2024-02,0,0.4282719178671295,0.5411065453345165
2024-02-06 00:00:00+00:00,2024-02,0,0.4282719178671295,0.5411065453345165
2024-02-06 00:00:00+00:00,2024-02,0,0.4282719178671295,0.5411065453345165
2024-02-07 00:00:00+00:00,2024-02,0,0.39623153317834386,0.4439547509891018
2024-02-07 00:00:00+00:00,2024-02,0,0.39623153317834386,0.4439547509891018
2024-02-07 00:00:00+00:00,2024-02,0,0.39623153317834386,0.4439547509891018
2024-02-07 00:00:00+00:00,2024-02,0,0.39623153317834386,0.4439547509891018
2024-02-07 00:00:00+00:00,2024-02,0,0.39623153317834386,0.4439547509891018
2024-02-07 00:00:00+00:00,2024-02,0,0.39623153317834386,0.4439547509891018
2024-02-07 00:00:00+00:00,2024-02,0,0.39623153317834386,0.4439547509891018
2024-02-07 00:00:00+00:00,2024-02,0,0.39623153317834386,0.4439547509891018
2024-02-09 00:00:00+00:00,2024-02,0,0.44052372631630893,0.48571604336123997
2024-02-09 00:00:00+00:00,2024-02,0,0.44052372631630893,0.48571604336123997
2024-02-09 00:00:00+00:00,2024-02,0,0.44052372631630893,0.48571604336123997
2024-02-09 00:00:00+00:00,2024-02,0,0.44052372631630893,0.48571604336123997
2024-02-09 00:00:00+00:00,2024-02,0,0.44052372631630893,0.48571604336123997
2024-02-09 00:00:00+00:00,2024-02,0,0.44052372631630893,0.48571604336123997
2024-02-09 00:00:00+00:00,2024-02,0,0.44052372631630893,0.48571604336123997
2024-02-09 00:00:00+00:00,2024-02,0,0.44052372631630893,0.48571604336123997
2024-02-09 00:00:00+00:00,2024-02,1,0.4760384704963529,0.45813216518466743
2024-02-09 00:00:00+00:00,2024-02,0,0.4760384704963529,0.45813216518466743
2024-02-09 00:00:00+00:00,2024-02,0,0.4760384704963529,0.45813216518466743
2024-02-09 00:00:00+00:00,2024-02,0,0.4760384704963529,0.45813216518466743
2024-02-09 00:00:00+00:00,2024-02,0,0.4760384704963529,0.45813216518466743
2024-02-09 00:00:00+00:00,2024-02,0,0.4760384704963529,0.45813216518466743
2024-02-09 00:00:00+00:00,2024-02,0,0.4760384704963529,0.45813216518466743
2024-02-12 00:00:00+00:00,2024-02,1,0.4090444919731829,0.4977758570745864
2024-02-13 00:00:00+00:00,2024-02,0,0.47437283670539304,0.36211976452989886
2024-02-13 00:00:00+00:00,2024-02,0,0.47437283670539304,0.36211976452989886
2024-02-13 00:00:00+00:00,2024-02,0,0.47437283670539304,0.36211976452989886
2024-02-15 00:00:00+00:00,2024-02,0,0.5084511355537686,0.5119203946927896
2024-02-15 00:00:00+00:00,2024-02,0,0.5084511355537686,0.5119203946927896
2024-02-15 00:00:00+00:00,2024-02,0,0.5084511355537686,0.5119203946927896
2024-02-15 00:00:00+00:00,2024-02,0,0.5084511355537686,0.5119203946927896
2024-02-15 00:00:00+00:00,2024-02,1,0.5084511355537686,0.5119203946927896
2024-02-15 00:00:00+00:00,2024-02,0,0.5084511355537686,0.5119203946927896
2024-02-23 00:00:00+00:00,2024-02,0,0.45305553016892564,0.4791615524643533
2024-02-23 00:00:00+00:00,2024-02,0,0.45305553016892564,0.4791615524643533
2024-02-23 00:00:00+00:00,2024-02,0,0.45305553016892564,0.4791615524643533
2024-02-23 00:00:00+00:00,2024-02,0,0.45305553016892564,0.4791615524643533
2024-02-23 00:00:00+00:00,2024-02,0,0.45305553016892564,0.4791615524643533
2024-02-23 00:00:00+00:00,2024-02,0,0.45305553016892564,0.4791615524643533
2024-02-23 00:00:00+00:00,2024-02,0,0.45305553016892564,0.4791615524643533
2024-02-23 00:00:00+00:00,2024-02,0,0.45305553016892564,0.4791615524643533
2024-02-23 00:00:00+00:00,2024-02,0,0.2840010685925639,0.305236374918762
2024-02-23 00:00:00+00:00,2024-02,0,0.2840010685925639,0.305236374918762
2024-02-23 00:00:00+00:00,2024-02,0,0.2840010685925639,0.305236374918762
2024-02-23 00:00:00+00:00,2024-02,1,0.2840010685925639,0.305236374918762
2024-02-23 00:00:00+00:00,2024-02,0,0.2840010685925639,0.305236374918762
2024-02-23 00:00:00+00:00,2024-02,0,0.2840010685925639,0.305236374918762
2024-02-23 00:00:00+00:00,2024-02,0,0.2840010685925639,0.305236374918762
2024-02-23 00:00:00+00:00,2024-02,0,0.34843513575020163,0.33568568990723474
2024-02-23 00:00:00+00:00,2024-02,0,0.34843513575020163,0.33568568990723474
2024-02-23 00:00:00+00:00,2024-02,0,0.34843513575020163,0.33568568990723474
2024-02-23 00:00:00+00:00,2024-02,0,0.34843513575020163,0.33568568990723474
2024-02-23 00:00:00+00:00,2024-02,0,0.34843513575020163,0.33568568990723474
2024-02-23 00:00:00+00:00,2024-02,0,0.34843513575020163,0.33568568990723474
2024-02-23 00:00:00+00:00,2024-02,0,0.34843513575020163,0.33568568990723474
2024-02-27 00:00:00+00:00,2024-02,0,0.27558774502175737,0.5782223505495437
2024-02-27 00:00:00+00:00,2024-02,0,0.27558774502175737,0.5782224129467449
2024-02-27 00:00:00+00:00,2024-02,0,0.27558774502175737,0.5782224129467449
2024-02-27 00:00:00+00:00,2024-02,0,0.27558774502175737,0.5782224129467449
2024-02-27 00:00:00+00:00,2024-02,0,0.27558774502175737,0.5782223505495437
2024-02-27 00:00:00+00:00,2024-02,0,0.27558774502175737,0.5782223505495437
2024-02-27 00:00:00+00:00,2024-02,0,0.27558774502175737,0.5782223505495437
2024-02-27 00:00:00+00:00,2024-02,0,0.27558774502175737,0.5782224129467449
2024-02-28 00:00:00+00:00,2024-02,1,0.5309431873865155,0.5277194770449961
2024-02-28 00:00:00+00:00,2024-02,0,0.5309431873865155,0.5277194770449961
2024-02-28 00:00:00+00:00,2024-02,0,0.5309431873865155,0.5277194770449961
2024-02-28 00:00:00+00:00,2024-02,0,0.5309431873865155,0.5277194770449961
2024-02-28 00:00:00+00:00,2024-02,0,0.5309431873865155,0.5277194770449961
2024-03-05 00:00:00+00:00,2024-03,0,0.4022146076869028,0.3631767707145942
2024-03-05 00:00:00+00:00,2024-03,0,0.4022146076869028,0.3631767707145942
2024-03-05 00:00:00+00:00,2024-03,0,0.4022146076869028,0.3631767707145942
2024-03-05 00:00:00+00:00,2024-03,0,0.4022146076869028,0.3631767707145942
2024-03-05 00:00:00+00:00,2024-03,0,0.4022146076869028,0.3631767707145942
2024-03-05 00:00:00+00:00,2024-03,0,0.4022146076869028,0.3631767707145942
2024-03-05 00:00:00+00:00,2024-03,0,0.4022146076869028,0.3631767707145942
2024-03-05 00:00:00+00:00,2024-03,0,0.4022146076869028,0.3631767707145942
2024-03-07 00:00:00+00:00,2024-03,0,0.6090204262586806,0.4735549054769338
2024-03-12 00:00:00+00:00,2024-03,0,0.585350392887278,0.6445393127378651
2024-03-12 00:00:00+00:00,2024-03,0,0.585350392887278,0.6445393127378651
2024-03-12 00:00:00+00:00,2024-03,0,0.585350392887278,0.6445393127378651
2024-03-12 00:00:00+00:00,2024-03,0,0.585350392887278,0.6445393127378651
2024-03-12 00:00:00+00:00,2024-03,0,0.585350392887278,0.6445393127378651
2024-03-12 00:00:00+00:00,2024-03,0,0.585350392887278,0.6445393127378651
2024-03-12 00:00:00+00:00,2024-03,1,0.5375378658860728,0.5214374761793714
2024-03-12 00:00:00+00:00,2024-03,0,0.5375378658860728,0.5214374761793714
2024-03-12 00:00:00+00:00,2024-03,0,0.5375378658860728,0.5214374761793714
2024-03-12 00:00:00+00:00,2024-03,0,0.5375378658860728,0.5214374761793714
2024-03-12 00:00:00+00:00,2024-03,0,0.5375378658860728,0.5214374761793714
2024-03-12 00:00:00+00:00,2024-03,0,0.518485872457038,0.499480239677827
2024-03-12 00:00:00+00:00,2024-03,0,0.518485872457038,0.499480239677827
2024-03-12 00:00:00+00:00,2024-03,0,0.518485872457038,0.499480239677827
2024-03-13 00:00:00+00:00,2024-03,0,0.4998417675433371,0.5047637256230942
2024-03-13 00:00:00+00:00,2024-03,0,0.4998417675433371,0.5047637256230942
2024-03-13 00:00:00+00:00,2024-03,0,0.4998417675433371,0.5047637256230942
2024-03-13 00:00:00+00:00,2024-03,0,0.4998417675433371,0.5047637256230942
2024-03-13 00:00:00+00:00,2024-03,0,0.4998417675433371,0.5047637256230942
2024-03-13 00:00:00+00:00,2024-03,0,0.4998417675433371,0.5047637256230942
2024-03-14 00:00:00+00:00,2024-03,1,0.5393745998167817,0.6672679236782055
2024-03-14 00:00:00+00:00,2024-03,0,0.5393745998167817,0.6672679236782055
2024-03-14 00:00:00+00:00,2024-03,0,0.5393745998167817,0.6672679236782055
2024-03-14 00:00:00+00:00,2024-03,0,0.5393745998167817,0.6672679236782055
2024-03-14 00:00:00+00:00,2024-03,0,0.5393745998167817,0.6672679236782055
2024-03-14 00:00:00+00:00,2024-03,0,0.5393745998167817,0.6672679236782055
2024-03-18 00:00:00+00:00,2024-03,0,0.3458772628369022,0.44121722434172883
2024-03-18 00:00:00+00:00,2024-03,0,0.3458772628369022,0.44121722434172883
2024-03-18 00:00:00+00:00,2024-03,0,0.3458772628369022,0.44121722434172883
2024-03-18 00:00:00+00:00,2024-03,1,0.3458772628369022,0.44121722434172883
2024-03-18 00:00:00+00:00,2024-03,0,0.3458772628369022,0.44121722434172883
2024-03-18 00:00:00+00:00,2024-03,0,0.3458772628369022,0.44121722434172883
2024-03-18 00:00:00+00:00,2024-03,0,0.3458772628369022,0.44121722434172883
2024-03-18 00:00:00+00:00,2024-03,0,0.4878519780042546,0.5283731920643855
2024-03-18 00:00:00+00:00,2024-03,0,0.4878519780042546,0.5283731920643855
2024-03-18 00:00:00+00:00,2024-03,0,0.4878519780042546,0.5283731920643855
2024-03-18 00:00:00+00:00,2024-03,0,0.4878519780042546,0.5283731920643855
2024-03-18 00:00:00+00:00,2024-03,0,0.4878519780042546,0.5283731920643855
2024-03-18 00:00:00+00:00,2024-03,0,0.4878519780042546,0.5283731920643855
2024-03-27 00:00:00+00:00,2024-03,0,0.43538110872864355,0.40349257398319793
2024-03-27 00:00:00+00:00,2024-03,0,0.43538110872864355,0.40349257398319793
2024-03-27 00:00:00+00:00,2024-03,0,0.43538110872864355,0.40349257398319793
2024-03-27 00:00:00+00:00,2024-03,0,0.43538110872864355,0.40349257398319793
2024-03-27 00:00:00+00:00,2024-03,0,0.43538110872864355,0.40349257398319793
2024-03-27 00:00:00+00:00,2024-03,0,0.43538110872864355,0.40349257398319793
2024-03-27 00:00:00+00:00,2024-03,0,0.43538110872864355,0.40349257398319793
2024-04-03 00:00:00+00:00,2024-04,0,0.4736384429064957,0.4263087314000762
2024-04-03 00:00:00+00:00,2024-04,0,0.4736384429064957,0.4263087314000762
2024-04-03 00:00:00+00:00,2024-04,0,0.4736384429064957,0.4263087314000762
2024-04-03 00:00:00+00:00,2024-04,1,0.4736384429064957,0.4263087314000762
2024-04-03 00:00:00+00:00,2024-04,0,0.4736384429064957,0.4263087314000762
2024-04-03 00:00:00+00:00,2024-04,0,0.4736384429064957,0.4263087314000762
2024-04-03 00:00:00+00:00,2024-04,0,0.4736384429064957,0.4263087314000762
2024-04-04 00:00:00+00:00,2024-04,0,0.5247732527235096,0.5780366507411884
2024-04-04 00:00:00+00:00,2024-04,0,0.5247732527235096,0.5780366507411884
2024-04-04 00:00:00+00:00,2024-04,0,0.5247732527235096,0.5780366507411884
2024-04-04 00:00:00+00:00,2024-04,0,0.5247732527235096,0.5780366507411884
2024-04-04 00:00:00+00:00,2024-04,0,0.5247732527235096,0.5780366507411884
2024-04-04 00:00:00+00:00,2024-04,0,0.5247732527235096,0.5780366507411884
2024-04-04 00:00:00+00:00,2024-04,0,0.5247732527235096,0.5780366507411884
2024-04-04 00:00:00+00:00,2024-04,0,0.4903370612897053,0.6421442504376629
2024-04-04 00:00:00+00:00,2024-04,0,0.4903370612897053,0.6421442504376629
2024-04-04 00:00:00+00:00,2024-04,0,0.4903370612897053,0.6421442504376629
2024-04-04 00:00:00+00:00,2024-04,0,0.4903370612897053,0.6421442504376629
2024-04-04 00:00:00+00:00,2024-04,0,0.4903370612897053,0.6421442504376629
2024-04-08 00:00:00+00:00,2024-04,0,0.5528591164244586,0.3430714783251113
2024-04-08 00:00:00+00:00,2024-04,0,0.5528591164244586,0.3430714783251113
2024-04-08 00:00:00+00:00,2024-04,0,0.5528591164244586,0.3430714783251113
2024-04-08 00:00:00+00:00,2024-04,0,0.4806013182769462,0.4584750973839156
2024-04-08 00:00:00+00:00,2024-04,0,0.4806013182769462,0.4584750973839156
2024-04-08 00:00:00+00:00,2024-04,0,0.4806013182769462,0.4584750973839156
2024-04-08 00:00:00+00:00,2024-04,0,0.4806013182769462,0.4584750973839156
2024-04-08 00:00:00+00:00,2024-04,0,0.4806013182769462,0.4584750973839156
2024-04-11 00:00:00+00:00,2024-04,0,0.5383692229904616,0.4582235249978978
2024-04-11 00:00:00+00:00,2024-04,0,0.5383692229904616,0.4582235249978978
2024-04-11 00:00:00+00:00,2024-04,0,0.5383692229904616,0.4582235249978978
2024-04-11 00:00:00+00:00,2024-04,0,0.5383692229904616,0.4582235249978978
2024-04-11 00:00:00+00:00,2024-04,0,0.5383692229904616,0.45822355179429314
2024-04-11 00:00:00+00:00,2024-04,0,0.5383692229904616,0.4582235249978978
2024-04-11 00:00:00+00:00,2024-04,0,0.5383692229904616,0.45822355179429314
2024-04-17 00:00:00+00:00,2024-04,0,0.3866580889224893,0.42005499523911327
2024-04-17 00:00:00+00:00,2024-04,0,0.3866580889224893,0.42005499523911327
2024-04-17 00:00:00+00:00,2024-04,0,0.3866580889224893,0.42005499523911327
2024-04-17 00:00:00+00:00,2024-04,0,0.3866580889224893,0.42005499523911327
2024-04-17 00:00:00+00:00,2024-04,0,0.3866580889224893,0.42005499523911327
2024-04-17 00:00:00+00:00,2024-04,0,0.3866580889224893,0.42005499523911327
2024-04-17 00:00:00+00:00,2024-04,0,0.3866580889224893,0.42005499523911327
2024-04-17 00:00:00+00:00,2024-04,0,0.3866580889224893,0.42005499523911327
2024-04-18 00:00:00+00:00,2024-04,0,0.33727060629071426,0.371351578046952
2024-04-18 00:00:00+00:00,2024-04,0,0.33727060629071426,0.371351578046952
2024-04-18 00:00:00+00:00,2024-04,0,0.33727060629071426,0.371351578046952
2024-04-19 00:00:00+00:00,2024-04,0,0.43423813944920975,0.32595554563253964
2024-04-19 00:00:00+00:00,2024-04,0,0.43423813944920975,0.32595554563253964
2024-04-19 00:00:00+00:00,2024-04,1,0.43423813944920975,0.32595554563253964
2024-04-19 00:00:00+00:00,2024-04,0,0.43423813944920975,0.32595554563253964
2024-04-19 00:00:00+00:00,2024-04,1,0.43423813944920975,0.32595554563253964
2024-04-19 00:00:00+00:00,2024-04,0,0.43423813944920975,0.32595554563253964
2024-04-19 00:00:00+00:00,2024-04,0,0.43423813944920975,0.32595554563253964
2024-04-19 00:00:00+00:00,2024-04,1,0.43423813944920975,0.32595554563253964
2024-04-24 00:00:00+00:00,2024-04,0,0.4853754859447614,0.30837974253982364
2024-04-24 00:00:00+00:00,2024-04,0,0.4853754859447614,0.30837974253982364
2024-04-24 00:00:00+00:00,2024-04,0,0.4853754859447614,0.30837974253982364
2024-04-24 00:00:00+00:00,2024-04,0,0.4853754859447614,0.30837974253982364
2024-04-24 00:00:00+00:00,2024-04,0,0.4853754859447614,0.30837974253982364
2024-04-24 00:00:00+00:00,2024-04,0,0.4635451739011104,0.3098077126961286
2024-04-24 00:00:00+00:00,2024-04,0,0.4635451739011104,0.3098077126961286
2024-04-24 00:00:00+00:00,2024-04,0,0.4635451739011104,0.3098077126961286
2024-04-24 00:00:00+00:00,2024-04,0,0.4635451739011104,0.3098077126961286
2024-04-24 00:00:00+00:00,2024-04,0,0.4635451739011104,0.3098077126961286
2024-04-25 00:00:00+00:00,2024-04,0,0.4834255019115813,0.5197948118108305
2024-04-25 00:00:00+00:00,2024-04,1,0.4834255019115813,0.5197948118108305
2024-04-25 00:00:00+00:00,2024-04,0,0.4834255019115813,0.5197948118108305
2024-04-25 00:00:00+00:00,2024-04,0,0.4834255019115813,0.5197948559415283
2024-04-25 00:00:00+00:00,2024-04,1,0.4834255019115813,0.5197948118108305
2024-04-25 00:00:00+00:00,2024-04,0,0.4834255019115813,0.5197948118108305
2024-04-26 00:00:00+00:00,2024-04,0,0.5080630294064932,0.5675128974115616
2024-04-26 00:00:00+00:00,2024-04,0,0.5080630294064932,0.5675128974115616
2024-04-26 00:00:00+00:00,2024-04,0,0.5080630294064932,0.5675128974115616
2024-04-26 00:00:00+00:00,2024-04,1,0.5080630294064932,0.5675128974115616
2024-04-26 00:00:00+00:00,2024-04,0,0.5080630294064932,0.5675128974115616
2024-04-26 00:00:00+00:00,2024-04,0,0.5080630294064932,0.5675128974115616
2024-04-26 00:00:00+00:00,2024-04,0,0.5080630294064932,0.5675128974115616
2024-04-30 00:00:00+00:00,2024-04,0,0.35808820555342247,0.5129287261161537
2024-04-30 00:00:00+00:00,2024-04,0,0.35808820555342247,0.5129287261161537
2024-04-30 00:00:00+00:00,2024-04,1,0.35808820555342247,0.5129287261161537
2024-04-30 00:00:00+00:00,2024-04,0,0.35808820555342247,0.5129287261161537
2024-04-30 00:00:00+00:00,2024-04,1,0.35808820555342247,0.5129287261161537
2024-04-30 00:00:00+00:00,2024-04,0,0.35808820555342247,0.5129287261161537
2024-04-30 00:00:00+00:00,2024-04,0,0.35808820555342247,0.5129287261161537
2024-04-30 00:00:00+00:00,2024-04,1,0.35808820555342247,0.5129287261161537
2024-05-06 00:00:00+00:00,2024-05,0,0.5496794254680925,0.48893963242069777
2024-05-06 00:00:00+00:00,2024-05,0,0.5496794254680925,0.48893963242069777
2024-05-06 00:00:00+00:00,2024-05,0,0.5496794254680925,0.48893963242069777
2024-05-06 00:00:00+00:00,2024-05,0,0.5496794254680925,0.48893963242069777
2024-05-07 00:00:00+00:00,2024-05,0,0.3673157690963077,0.3226986954457661
2024-05-07 00:00:00+00:00,2024-05,0,0.3673157690963077,0.3226986954457661
2024-05-07 00:00:00+00:00,2024-05,0,0.3673157690963077,0.3226986954457661
2024-05-07 00:00:00+00:00,2024-05,1,0.3673157690963077,0.3226986954457661
2024-05-07 00:00:00+00:00,2024-05,0,0.3673157690963077,0.3226986954457661
2024-05-07 00:00:00+00:00,2024-05,0,0.3673157690963077,0.3226986954457661
2024-05-07 00:00:00+00:00,2024-05,0,0.3673157690963077,0.3226986954457661
2024-05-08 00:00:00+00:00,2024-05,0,0.49388894519907023,0.5252105447354957
2024-05-08 00:00:00+00:00,2024-05,1,0.49388894519907023,0.5252105904370833
2024-05-08 00:00:00+00:00,2024-05,0,0.49388894519907023,0.5252105904370833
2024-05-08 00:00:00+00:00,2024-05,0,0.49388894519907023,0.5252105904370833
2024-05-08 00:00:00+00:00,2024-05,1,0.49388894519907023,0.5252105904370833
2024-05-08 00:00:00+00:00,2024-05,0,0.49388894519907023,0.5252105904370833
2024-05-13 00:00:00+00:00,2024-05,0,0.5024969843582777,0.546365346724518
2024-05-13 00:00:00+00:00,2024-05,1,0.5024969843582777,0.546365346724518
2024-05-14 00:00:00+00:00,2024-05,0,0.38269337849307267,0.426192341688645
2024-05-14 00:00:00+00:00,2024-05,0,0.38269337849307267,0.426192341688645
2024-05-14 00:00:00+00:00,2024-05,0,0.38269337849307267,0.426192341688645
2024-05-14 00:00:00+00:00,2024-05,0,0.38269337849307267,0.426192341688645
2024-05-14 00:00:00+00:00,2024-05,0,0.38269337849307267,0.426192341688645
2024-05-14 00:00:00+00:00,2024-05,0,0.38269337849307267,0.426192341688645
2024-05-14 00:00:00+00:00,2024-05,0,0.38269337849307267,0.426192341688645
2024-05-14 00:00:00+00:00,2024-05,0,0.38269337849307267,0.426192341688645
2024-05-23 00:00:00+00:00,2024-05,0,0.49689140875670534,0.4811570866384105
2024-05-23 00:00:00+00:00,2024-05,0,0.49689140875670534,0.4811570866384105
2024-05-29 00:00:00+00:00,2024-05,0,0.42952672246657825,0.44698247678508235
2024-05-29 00:00:00+00:00,2024-05,0,0.42952672246657825,0.44698247678508235
2024-05-29 00:00:00+00:00,2024-05,0,0.42952672246657825,0.44698247678508235
2024-05-29 00:00:00+00:00,2024-05,0,0.42952672246657825,0.44698247678508235
2024-05-29 00:00:00+00:00,2024-05,0,0.42952672246657825,0.44698247678508235
2024-05-29 00:00:00+00:00,2024-05,0,0.42952672246657825,0.44698247678508235
2024-05-29 00:00:00+00:00,2024-05,0,0.42952672246657825,0.44698247678508235
2024-05-29 00:00:00+00:00,2024-05,0,0.42952672246657825,0.44698247678508235
2024-06-14 00:00:00+00:00,2024-06,0,0.5050078335991006,0.5746628638758624
2024-06-14 00:00:00+00:00,2024-06,0,0.5050078335991006,0.5746628638758624
2024-06-14 00:00:00+00:00,2024-06,0,0.5050078335991006,0.5746628638758624
2024-06-14 00:00:00+00:00,2024-06,0,0.5050078335991006,0.5746628638758624
2024-06-14 00:00:00+00:00,2024-06,0,0.5050078335991006,0.5746628638758624
2024-06-14 00:00:00+00:00,2024-06,0,0.5050078335991006,0.5746628638758624
2024-06-14 00:00:00+00:00,2024-06,0,0.5050078335991006,0.5746628638758624
2024-06-18 00:00:00+00:00,2024-06,0,0.5162506268254065,0.5801354017166205
2024-06-18 00:00:00+00:00,2024-06,0,0.5162506268254065,0.5801354017166205
2024-06-18 00:00:00+00:00,2024-06,0,0.5162506268254065,0.5801354017166205
2024-06-18 00:00:00+00:00,2024-06,0,0.5162506268254065,0.5801354017166205
2024-06-18 00:00:00+00:00,2024-06,0,0.5162506268254065,0.5801354017166205
2024-06-18 00:00:00+00:00,2024-06,0,0.5162506268254065,0.5801354017166205
2024-06-18 00:00:00+00:00,2024-06,0,0.5162506268254065,0.5801354017166205
2024-06-25 00:00:00+00:00,2024-06,0,0.49364643960210053,0.49290822373359794
2024-06-25 00:00:00+00:00,2024-06,0,0.49364643960210053,0.49290822373359794
2024-06-25 00:00:00+00:00,2024-06,0,0.49364643960210053,0.49290822373359794
2024-06-27 00:00:00+00:00,2024-06,0,0.47634991660400927,0.5560117767469706
2024-06-27 00:00:00+00:00,2024-06,0,0.47634991660400927,0.5560117767469706
2024-06-27 00:00:00+00:00,2024-06,0,0.47634991660400927,0.5560117767469706
2024-06-28 00:00:00+00:00,2024-06,0,0.3499604197948711,0.4371525335838052
2024-06-28 00:00:00+00:00,2024-06,0,0.3499604197948711,0.4371525335838052
2024-06-28 00:00:00+00:00,2024-06,0,0.3499604197948711,0.4371525335838052
2024-06-28 00:00:00+00:00,2024-06,0,0.3499604197948711,0.4371525335838052
2024-06-28 00:00:00+00:00,2024-06,0,0.3499604197948711,0.4371525335838052
2024-06-28 00:00:00+00:00,2024-06,0,0.3499604197948711,0.4371525335838052
2024-06-28 00:00:00+00:00,2024-06,0,0.3499604197948711,0.4371525335838052
2024-07-01 00:00:00+00:00,2024-07,0,0.45235281263798305,0.3299965633417113
2024-07-01 00:00:00+00:00,2024-07,0,0.45235281263798305,0.3299965633417113
2024-07-01 00:00:00+00:00,2024-07,0,0.45235281263798305,0.3299965633417113
2024-07-01 00:00:00+00:00,2024-07,0,0.45235281263798305,0.3299965633417113
2024-07-01 00:00:00+00:00,2024-07,0,0.45235281263798305,0.3299965633417113
2024-07-01 00:00:00+00:00,2024-07,0,0.45235281263798305,0.3299965633417113
2024-07-01 00:00:00+00:00,2024-07,0,0.45235281263798305,0.3299965633417113
2024-07-01 00:00:00+00:00,2024-07,0,0.45235281263798305,0.3299965633417113
2024-07-01 00:00:00+00:00,2024-07,0,0.4578724025573391,0.39779795808960955
2024-07-01 00:00:00+00:00,2024-07,0,0.4578724025573391,0.39779795808960955
2024-07-01 00:00:00+00:00,2024-07,0,0.4578724025573391,0.39779795808960955
2024-07-01 00:00:00+00:00,2024-07,0,0.4578724025573391,0.39779795808960955
2024-07-01 00:00:00+00:00,2024-07,0,0.4578724025573391,0.39779795808960955
2024-07-01 00:00:00+00:00,2024-07,0,0.4578724025573391,0.39779795808960955
2024-07-01 00:00:00+00:00,2024-07,0,0.4578724025573391,0.39779795808960955
2024-07-02 00:00:00+00:00,2024-07,0,0.46811360416308995,0.45102571005917796
2024-07-02 00:00:00+00:00,2024-07,0,0.46811360416308995,0.45102571005917796
2024-07-02 00:00:00+00:00,2024-07,0,0.46811360416308995,0.45102571005917796
2024-07-02 00:00:00+00:00,2024-07,0,0.46811360416308995,0.45102571005917796
2024-07-02 00:00:00+00:00,2024-07,1,0.46811360416308995,0.45102571005917796
2024-07-02 00:00:00+00:00,2024-07,0,0.46811360416308995,0.45102571005917796
2024-07-02 00:00:00+00:00,2024-07,0,0.46811360416308995,0.45102571005917796
2024-07-02 00:00:00+00:00,2024-07,0,0.47116172233654235,0.5313667767325685
2024-07-02 00:00:00+00:00,2024-07,0,0.47116172233654235,0.5313667767325685
2024-07-02 00:00:00+00:00,2024-07,0,0.47116172233654235,0.5313668212841158
2024-07-02 00:00:00+00:00,2024-07,1,0.47116172233654235,0.5313667767325685
2024-07-02 00:00:00+00:00,2024-07,0,0.47116172233654235,0.5313667767325685
2024-07-02 00:00:00+00:00,2024-07,0,0.47116172233654235,0.5313667767325685
2024-07-02 00:00:00+00:00,2024-07,0,0.47116172233654235,0.5313667767325685
2024-07-02 00:00:00+00:00,2024-07,0,0.47116172233654235,0.5313667767325685
2024-07-02 00:00:00+00:00,2024-07,0,0.5176619992329475,0.46863668769287464
2024-07-02 00:00:00+00:00,2024-07,0,0.5176619992329475,0.46863668769287464
2024-07-02 00:00:00+00:00,2024-07,0,0.5176619992329475,0.46863668769287464
2024-07-02 00:00:00+00:00,2024-07,0,0.5176619992329475,0.46863668769287464
2024-07-02 00:00:00+00:00,2024-07,0,0.5176619992329475,0.46863668769287464
2024-07-02 00:00:00+00:00,2024-07,0,0.5176619992329475,0.46863668769287464
2024-07-02 00:00:00+00:00,2024-07,0,0.5176619992329475,0.46863668769287464
2024-07-08 00:00:00+00:00,2024-07,0,0.3746383471602018,0.2896311443661423
2024-07-08 00:00:00+00:00,2024-07,0,0.3746383471602018,0.2896311443661423
2024-07-08 00:00:00+00:00,2024-07,0,0.3746383471602018,0.2896311443661423
2024-07-08 00:00:00+00:00,2024-07,1,0.3746383471602018,0.2896311443661423
2024-07-08 00:00:00+00:00,2024-07,0,0.3746383471602018,0.2896311443661423
2024-07-08 00:00:00+00:00,2024-07,0,0.3746383471602018,0.2896311443661423
2024-07-08 00:00:00+00:00,2024-07,0,0.3746383471602018,0.2896311443661423
2024-07-08 00:00:00+00:00,2024-07,0,0.3746383471602018,0.2896311443661423
2024-07-10 00:00:00+00:00,2024-07,0,0.5233910531817265,0.5639424185233303
2024-07-10 00:00:00+00:00,2024-07,0,0.5233910531817265,0.5639424185233303
2024-07-10 00:00:00+00:00,2024-07,0,0.5233910531817265,0.5639424185233303
2024-07-10 00:00:00+00:00,2024-07,0,0.5115261611766845,0.5205341516566294
2024-07-10 00:00:00+00:00,2024-07,0,0.5115261611766845,0.5205341516566294
2024-07-10 00:00:00+00:00,2024-07,0,0.5115261611766845,0.5205341516566294
2024-07-10 00:00:00+00:00,2024-07,1,0.5927942726992342,0.571280873646498
2024-07-10 00:00:00+00:00,2024-07,1,0.5927942726992342,0.571280873646498
2024-07-10 00:00:00+00:00,2024-07,1,0.5927942726992342,0.571280873646498
2024-07-10 00:00:00+00:00,2024-07,1,0.4773457139475187,0.3655190842155024
2024-07-10 00:00:00+00:00,2024-07,0,0.4773457139475187,0.3655190842155024
2024-07-10 00:00:00+00:00,2024-07,0,0.4773457139475187,0.3655190842155024
2024-07-10 00:00:00+00:00,2024-07,0,0.4773457139475187,0.3655190842155024
2024-07-10 00:00:00+00:00,2024-07,0,0.4773457139475187,0.3655190842155024
2024-07-10 00:00:00+00:00,2024-07,0,0.4773457139475187,0.3655190842155024
2024-07-10 00:00:00+00:00,2024-07,0,0.4773457139475187,0.3655190842155024
2024-07-16 00:00:00+00:00,2024-07,1,0.316159248985828,0.2625359126547753
2024-07-16 00:00:00+00:00,2024-07,0,0.316159248985828,0.2625359126547753
2024-07-16 00:00:00+00:00,2024-07,0,0.316159248985828,0.2625359126547753
2024-07-16 00:00:00+00:00,2024-07,0,0.316159248985828,0.2625359126547753
2024-07-16 00:00:00+00:00,2024-07,0,0.316159248985828,0.2625359126547753
2024-07-16 00:00:00+00:00,2024-07,0,0.316159248985828,0.2625359126547753
2024-07-16 00:00:00+00:00,2024-07,0,0.316159248985828,0.2625359126547753
2024-07-17 00:00:00+00:00,2024-07,1,0.25746229635287465,0.30906773779090546
2024-07-17 00:00:00+00:00,2024-07,0,0.25746229635287465,0.30906773779090546
2024-07-17 00:00:00+00:00,2024-07,0,0.25746229635287465,0.30906773779090546
2024-07-17 00:00:00+00:00,2024-07,0,0.25746229635287465,0.30906773779090546
2024-07-17 00:00:00+00:00,2024-07,0,0.25746229635287465,0.30906773779090546
2024-07-17 00:00:00+00:00,2024-07,0,0.25746229635287465,0.30906773779090546
2024-07-17 00:00:00+00:00,2024-07,0,0.25746229635287465,0.30906773779090546
2024-07-24 00:00:00+00:00,2024-07,0,0.5002743129154149,0.571738827414598
2024-07-24 00:00:00+00:00,2024-07,0,0.5002743129154149,0.571738827414598
2024-07-24 00:00:00+00:00,2024-07,0,0.5002743129154149,0.571738827414598
2024-07-31 00:00:00+00:00,2024-07,0,0.5343757907890777,0.5899052917120758
2024-07-31 00:00:00+00:00,2024-07,0,0.5343757907890777,0.5899052917120758
2024-07-31 00:00:00+00:00,2024-07,0,0.5343757907890777,0.5899052917120758
2024-07-31 00:00:00+00:00,2024-07,1,0.5343757907890777,0.5899052917120758
2024-07-31 00:00:00+00:00,2024-07,0,0.5343757907890777,0.5899052917120758
2024-07-31 00:00:00+00:00,2024-07,0,0.5343757907890777,0.5899052917120758
2024-08-01 00:00:00+00:00,2024-08,0,0.408024453388982,0.5605648739921493
2024-08-01 00:00:00+00:00,2024-08,1,0.408024453388982,0.5605648739921493
2024-08-01 00:00:00+00:00,2024-08,0,0.408024453388982,0.5605648739921493
2024-08-07 00:00:00+00:00,2024-08,0,0.49343020157282974,0.4857083038449865
2024-08-07 00:00:00+00:00,2024-08,0,0.49343020157282974,0.4857083038449865
2024-08-07 00:00:00+00:00,2024-08,0,0.49343020157282974,0.4857083038449865
2024-08-07 00:00:00+00:00,2024-08,0,0.49343020157282974,0.4857083038449865
2024-08-07 00:00:00+00:00,2024-08,0,0.49343020157282974,0.4857083038449865
2024-08-07 00:00:00+00:00,2024-08,0,0.49343020157282974,0.4857083038449865
2024-08-07 00:00:00+00:00,2024-08,0,0.49343020157282974,0.4857083038449865
2024-08-07 00:00:00+00:00,2024-08,0,0.49343020157282974,0.4857083038449865
2024-08-09 00:00:00+00:00,2024-08,0,0.5516084866066927,0.7191444333223647
2024-08-09 00:00:00+00:00,2024-08,0,0.5516084866066927,0.7191444333223647
2024-08-09 00:00:00+00:00,2024-08,1,0.5516084866066927,0.7191444333223647
2024-08-09 00:00:00+00:00,2024-08,0,0.5516084866066927,0.7191444333223647
2024-08-09 00:00:00+00:00,2024-08,0,0.5516084866066927,0.7191444333223647
2024-08-13 00:00:00+00:00,2024-08,0,0.5458544637145171,0.5614255950801037
2024-08-13 00:00:00+00:00,2024-08,0,0.5458544637145171,0.5614255950801037
2024-08-13 00:00:00+00:00,2024-08,0,0.5458544637145171,0.5614255950801037
2024-08-13 00:00:00+00:00,2024-08,0,0.5458544637145171,0.5614255950801037
2024-08-13 00:00:00+00:00,2024-08,0,0.5458544637145171,0.5614255950801037
2024-08-13 00:00:00+00:00,2024-08,0,0.5458544637145171,0.5614255950801037
2024-08-14 00:00:00+00:00,2024-08,1,0.43059572537492935,0.5058880194590081
2024-08-14 00:00:00+00:00,2024-08,0,0.43059572537492935,0.5058880194590081
2024-08-14 00:00:00+00:00,2024-08,0,0.43059572537492935,0.5058880194590081
2024-08-14 00:00:00+00:00,2024-08,0,0.43059572537492935,0.5058880194590081
2024-08-14 00:00:00+00:00,2024-08,1,0.43059572537492935,0.5058880194590081
2024-08-14 00:00:00+00:00,2024-08,1,0.43059572537492935,0.5058880194590081
2024-08-14 00:00:00+00:00,2024-08,0,0.43059572537492935,0.5058880194590081
2024-08-14 00:00:00+00:00,2024-08,0,0.43059572537492935,0.5058880194590081
2024-08-15 00:00:00+00:00,2024-08,0,0.5301786006757947,0.4013758327886572
2024-08-15 00:00:00+00:00,2024-08,1,0.5301786006757947,0.4013758327886572
2024-08-15 00:00:00+00:00,2024-08,0,0.5301786006757947,0.4013758327886572
2024-08-19 00:00:00+00:00,2024-08,1,0.47328279030934606,0.3538643539857889
2024-08-19 00:00:00+00:00,2024-08,0,0.47328279030934606,0.3538643539857889
2024-08-19 00:00:00+00:00,2024-08,0,0.47328279030934606,0.3538643539857889
2024-08-19 00:00:00+00:00,2024-08,0,0.47328279030934606,0.3538643539857889
2024-08-21 00:00:00+00:00,2024-08,0,0.5229302716133162,0.5109493923381345
2024-08-21 00:00:00+00:00,2024-08,0,0.5229302716133162,0.5109493923381345
2024-08-21 00:00:00+00:00,2024-08,0,0.5229302716133162,0.5109493923381345
2024-08-21 00:00:00+00:00,2024-08,0,0.5229302716133162,0.5109493923381345
2024-08-21 00:00:00+00:00,2024-08,0,0.5229302716133162,0.5109493923381345
2024-08-21 00:00:00+00:00,2024-08,0,0.5229302716133162,0.5109493923381345
2024-08-21 00:00:00+00:00,2024-08,0,0.5229302716133162,0.5109493923381345
2024-08-21 00:00:00+00:00,2024-08,0,0.5229302716133162,0.5109493923381345
2024-08-29 00:00:00+00:00,2024-08,0,0.5560352454824657,0.6756280856306263
2024-08-29 00:00:00+00:00,2024-08,0,0.5560352454824657,0.6756280856306263
2024-08-29 00:00:00+00:00,2024-08,1,0.5560352454824657,0.6756280856306263
2024-08-29 00:00:00+00:00,2024-08,1,0.5560352454824657,0.6756280856306263
2024-08-29 00:00:00+00:00,2024-08,0,0.5560352454824657,0.6756280856306263
2024-08-30 00:00:00+00:00,2024-08,0,0.5193414687890245,0.5701809858657099
2024-08-30 00:00:00+00:00,2024-08,0,0.5193414687890245,0.5701809858657099
2024-08-30 00:00:00+00:00,2024-08,0,0.5193414687890245,0.5701809858657099
2024-08-30 00:00:00+00:00,2024-08,0,0.5193414687890245,0.5701809858657099
2024-08-30 00:00:00+00:00,2024-08,0,0.5193414687890245,0.5701809858657099
2024-08-30 00:00:00+00:00,2024-08,0,0.5193414687890245,0.5701809858657099
2024-08-30 00:00:00+00:00,2024-08,0,0.5193414687890245,0.5701809858657099
2024-08-30 00:00:00+00:00,2024-08,0,0.4333055067793423,0.38013022133353236
2024-08-30 00:00:00+00:00,2024-08,0,0.4333055067793423,0.38013022133353236
2024-08-30 00:00:00+00:00,2024-08,0,0.4333055067793423,0.38013022133353236
2024-08-30 00:00:00+00:00,2024-08,1,0.4333055067793423,0.38013022133353236
2024-08-30 00:00:00+00:00,2024-08,0,0.4333055067793423,0.38013022133353236
2024-08-30 00:00:00+00:00,2024-08,0,0.4333055067793423,0.38013022133353236
2024-08-30 00:00:00+00:00,2024-08,0,0.4333055067793423,0.38013022133353236
2024-08-30 00:00:00+00:00,2024-08,0,0.4333055067793423,0.38013022133353236
2024-09-09 00:00:00+00:00,2024-09,0,0.42136010283311454,0.45524942790121903
2024-09-09 00:00:00+00:00,2024-09,0,0.42136010283311454,0.45524942790121903
2024-09-09 00:00:00+00:00,2024-09,0,0.42136010283311454,0.45524942790121903
2024-09-09 00:00:00+00:00,2024-09,0,0.42136010283311454,0.45524942790121903
2024-09-09 00:00:00+00:00,2024-09,1,0.42136010283311454,0.45524942790121903
2024-09-09 00:00:00+00:00,2024-09,1,0.42136010283311454,0.45524942790121903
2024-09-09 00:00:00+00:00,2024-09,0,0.527867750265409,0.5177505593102112
2024-09-09 00:00:00+00:00,2024-09,0,0.527867750265409,0.5177505593102112
2024-09-09 00:00:00+00:00,2024-09,0,0.527867750265409,0.5177505593102112
2024-09-09 00:00:00+00:00,2024-09,0,0.527867750265409,0.5177505593102112
2024-09-09 00:00:00+00:00,2024-09,0,0.527867750265409,0.5177505593102112
2024-09-09 00:00:00+00:00,2024-09,0,0.527867750265409,0.5177505593102112
2024-09-09 00:00:00+00:00,2024-09,0,0.527867750265409,0.5177505593102112
2024-09-10 00:00:00+00:00,2024-09,0,0.34472219590259506,0.45480842661239246
2024-09-10 00:00:00+00:00,2024-09,0,0.34472219590259506,0.45480842661239246
2024-09-10 00:00:00+00:00,2024-09,0,0.34472219590259506,0.45480842661239246
2024-09-10 00:00:00+00:00,2024-09,0,0.34472219590259506,0.45480842661239246
2024-09-10 00:00:00+00:00,2024-09,0,0.34472219590259506,0.45480842661239246
2024-09-10 00:00:00+00:00,2024-09,0,0.34472219590259506,0.45480842661239246
2024-09-10 00:00:00+00:00,2024-09,0,0.34472219590259506,0.45480842661239246
2024-09-10 00:00:00+00:00,2024-09,0,0.34472219590259506,0.45480842661239246
2024-09-10 00:00:00+00:00,2024-09,1,0.3524896793455097,0.47395384901977444
2024-09-10 00:00:00+00:00,2024-09,0,0.3524896793455097,0.47395384901977444
2024-09-10 00:00:00+00:00,2024-09,0,0.3524896793455097,0.47395384901977444
2024-09-10 00:00:00+00:00,2024-09,0,0.3524896793455097,0.47395384901977444
2024-09-10 00:00:00+00:00,2024-09,0,0.3524896793455097,0.47395384901977444
2024-09-10 00:00:00+00:00,2024-09,1,0.3524896793455097,0.47395384901977444
2024-09-10 00:00:00+00:00,2024-09,0,0.3524896793455097,0.47395384901977444
2024-09-10 00:00:00+00:00,2024-09,1,0.3524896793455097,0.47395384901977444
2024-09-11 00:00:00+00:00,2024-09,0,0.5006634864519458,0.5220115817370286
2024-09-11 00:00:00+00:00,2024-09,0,0.5006634864519458,0.5220115817370286
2024-09-11 00:00:00+00:00,2024-09,0,0.5006634864519458,0.5220115817370286
2024-09-11 00:00:00+00:00,2024-09,0,0.5006634864519458,0.5220115817370286
2024-09-11 00:00:00+00:00,2024-09,0,0.5006634864519458,0.5220115817370286
2024-09-11 00:00:00+00:00,2024-09,0,0.5006634864519458,0.5220115817370286
2024-09-11 00:00:00+00:00,2024-09,0,0.5006634864519458,0.5220115817370286
2024-09-12 00:00:00+00:00,2024-09,0,0.36046932944641125,0.35300741908758027
2024-09-12 00:00:00+00:00,2024-09,0,0.36046932944641125,0.35300741908758027
2024-09-12 00:00:00+00:00,2024-09,0,0.36046932944641125,0.35300741908758027
2024-09-12 00:00:00+00:00,2024-09,0,0.36046932944641125,0.35300741908758027
2024-09-12 00:00:00+00:00,2024-09,0,0.36046932944641125,0.35300741908758027
2024-09-16 00:00:00+00:00,2024-09,0,0.4891223511309319,0.4556469290771678
2024-09-16 00:00:00+00:00,2024-09,1,0.4891223511309319,0.4556469290771678
2024-09-16 00:00:00+00:00,2024-09,0,0.4891223511309319,0.4556469290771678
2024-09-20 00:00:00+00:00,2024-09,1,0.3141680186908228,0.393086311298285
2024-09-20 00:00:00+00:00,2024-09,1,0.3141680186908228,0.393086311298285
2024-09-20 00:00:00+00:00,2024-09,0,0.3141680186908228,0.393086311298285
2024-09-20 00:00:00+00:00,2024-09,0,0.3141680186908228,0.393086311298285
2024-09-20 00:00:00+00:00,2024-09,0,0.3141680186908228,0.393086311298285
2024-09-20 00:00:00+00:00,2024-09,0,0.3141680186908228,0.393086311298285
2024-09-20 00:00:00+00:00,2024-09,0,0.3141680186908228,0.393086311298285
2024-09-23 00:00:00+00:00,2024-09,0,0.4943110586980291,0.5621793714159803
2024-09-23 00:00:00+00:00,2024-09,0,0.4943110586980291,0.5621793714159803
2024-09-23 00:00:00+00:00,2024-09,0,0.4943110586980291,0.5621793714159803
2024-09-23 00:00:00+00:00,2024-09,0,0.4943110586980291,0.5621793714159803
2024-09-23 00:00:00+00:00,2024-09,0,0.4943110586980291,0.5621793714159803
2024-09-23 00:00:00+00:00,2024-09,0,0.4943110586980291,0.5621793714159803
2024-09-23 00:00:00+00:00,2024-09,0,0.4943110586980291,0.5621793714159803
2024-09-25 00:00:00+00:00,2024-09,1,0.4892193567280412,0.47494187639518276
2024-09-25 00:00:00+00:00,2024-09,1,0.4892193567280412,0.47494187639518276
2024-09-25 00:00:00+00:00,2024-09,0,0.4892193567280412,0.47494187639518276
2024-09-25 00:00:00+00:00,2024-09,0,0.4892193567280412,0.47494187639518276
2024-09-25 00:00:00+00:00,2024-09,0,0.4892193567280412,0.47494187639518276
2024-09-25 00:00:00+00:00,2024-09,0,0.48898962877124486,0.49911686434088914
2024-09-25 00:00:00+00:00,2024-09,0,0.48898962877124486,0.49911686434088914
2024-09-25 00:00:00+00:00,2024-09,0,0.48898962877124486,0.49911686434088914
2024-09-25 00:00:00+00:00,2024-09,0,0.48898962877124486,0.49911686434088914
2024-09-25 00:00:00+00:00,2024-09,0,0.48898962877124486,0.49911686434088914
2024-10-07 00:00:00+00:00,2024-10,0,0.48504354206494554,0.34920637620176476
2024-10-09 00:00:00+00:00,2024-10,0,0.52259589159431,0.562992079084902
2024-10-09 00:00:00+00:00,2024-10,0,0.52259589159431,0.562992079084902
2024-10-09 00:00:00+00:00,2024-10,1,0.52259589159431,0.562992079084902
2024-10-09 00:00:00+00:00,2024-10,0,0.52259589159431,0.562992079084902
2024-10-09 00:00:00+00:00,2024-10,0,0.52259589159431,0.562992079084902
2024-10-09 00:00:00+00:00,2024-10,0,0.52259589159431,0.562992079084902
2024-10-09 00:00:00+00:00,2024-10,0,0.52259589159431,0.562992079084902
2024-10-17 00:00:00+00:00,2024-10,0,0.5279812344898697,0.5259164667807668
2024-10-17 00:00:00+00:00,2024-10,0,0.5279812344898697,0.5259164667807668
2024-10-17 00:00:00+00:00,2024-10,0,0.5279812344898697,0.5259164667807668
2024-10-17 00:00:00+00:00,2024-10,0,0.5279812344898697,0.5259164667807668
2024-10-17 00:00:00+00:00,2024-10,1,0.5279812344898697,0.5259164667807668
2024-10-17 00:00:00+00:00,2024-10,0,0.5279812344898697,0.5259164667807668
2024-10-17 00:00:00+00:00,2024-10,0,0.5279812344898697,0.5259164667807668
2024-10-22 00:00:00+00:00,2024-10,0,0.4388139282701626,0.570595181168137
2024-10-22 00:00:00+00:00,2024-10,0,0.4388139282701626,0.570595181168137
2024-10-22 00:00:00+00:00,2024-10,0,0.4388139282701626,0.570595181168137
2024-10-22 00:00:00+00:00,2024-10,0,0.4388139282701626,0.570595181168137
2024-10-22 00:00:00+00:00,2024-10,0,0.4388139282701626,0.570595181168137
2024-10-22 00:00:00+00:00,2024-10,0,0.4388139282701626,0.570595181168137
2024-10-28 00:00:00+00:00,2024-10,0,0.46938734880669053,0.43321831401953886
2024-10-28 00:00:00+00:00,2024-10,0,0.46938734880669053,0.43321831401953886
2024-10-28 00:00:00+00:00,2024-10,0,0.46938734880669053,0.43321831401953886
2024-10-28 00:00:00+00:00,2024-10,0,0.46938734880669053,0.43321831401953886
2024-10-28 00:00:00+00:00,2024-10,0,0.46938734880669053,0.43321831401953886
2024-10-28 00:00:00+00:00,2024-10,0,0.46938734880669053,0.43321831401953886
2024-10-28 00:00:00+00:00,2024-10,0,0.46938734880669053,0.43321831401953886
2024-10-28 00:00:00+00:00,2024-10,0,0.46938734880669053,0.43321831401953886
2024-10-29 00:00:00+00:00,2024-10,0,0.4052330961224714,0.43812901117776454
2024-10-29 00:00:00+00:00,2024-10,0,0.4052330961224714,0.43812901117776454
2024-10-29 00:00:00+00:00,2024-10,0,0.4052330961224714,0.43812901117776454
2024-10-29 00:00:00+00:00,2024-10,0,0.47057227955199965,0.5210109203266347
2024-10-29 00:00:00+00:00,2024-10,1,0.47057227955199965,0.5210109203266347
2024-10-29 00:00:00+00:00,2024-10,0,0.47057227955199965,0.5210109203266347
2024-10-30 00:00:00+00:00,2024-10,0,0.42489464504586344,0.31830114289733363
2024-10-30 00:00:00+00:00,2024-10,0,0.42489464504586344,0.31830114289733363
2024-10-30 00:00:00+00:00,2024-10,0,0.42489464504586344,0.31830114289733363
2024-10-30 00:00:00+00:00,2024-10,0,0.42489464504586344,0.31830114289733363
2024-10-30 00:00:00+00:00,2024-10,0,0.42489464504586344,0.31830114289733363
2024-10-30 00:00:00+00:00,2024-10,0,0.42489464504586344,0.31830114289733363
2024-10-30 00:00:00+00:00,2024-10,0,0.42489464504586344,0.31830114289733363
2024-10-30 00:00:00+00:00,2024-10,0,0.42489464504586344,0.31830114289733363
2024-11-01 00:00:00+00:00,2024-11,1,0.5080878703418442,0.4830961411471081
2024-11-01 00:00:00+00:00,2024-11,0,0.5080878703418442,0.4830961411471081
2024-11-01 00:00:00+00:00,2024-11,0,0.5080878703418442,0.4830961411471081
2024-11-01 00:00:00+00:00,2024-11,0,0.5080878703418442,0.4830961411471081
2024-11-01 00:00:00+00:00,2024-11,0,0.5080878703418442,0.4830961411471081
2024-11-01 00:00:00+00:00,2024-11,0,0.5080878703418442,0.4830961411471081
2024-11-06 00:00:00+00:00,2024-11,1,0.5495007861929632,0.5144533346299702
2024-11-06 00:00:00+00:00,2024-11,0,0.5495007861929632,0.5144533346299702
2024-11-06 00:00:00+00:00,2024-11,0,0.5495007861929632,0.5144533346299702
2024-11-06 00:00:00+00:00,2024-11,0,0.5495007861929632,0.5144533346299702
2024-11-06 00:00:00+00:00,2024-11,0,0.5495007861929632,0.5144533346299702
2024-11-06 00:00:00+00:00,2024-11,0,0.5495007861929632,0.5144533346299702
2024-11-11 00:00:00+00:00,2024-11,1,0.5799912247246938,0.625202593708546
2024-11-11 00:00:00+00:00,2024-11,0,0.5799912247246938,0.625202593708546
2024-11-11 00:00:00+00:00,2024-11,0,0.5799912247246938,0.625202593708546
2024-11-11 00:00:00+00:00,2024-11,0,0.5799912247246938,0.625202593708546
2024-11-11 00:00:00+00:00,2024-11,0,0.5799912247246938,0.625202593708546
2024-11-11 00:00:00+00:00,2024-11,0,0.5799912247246938,0.625202593708546
2024-11-19 00:00:00+00:00,2024-11,0,0.6005088969027715,0.4567109517463976
2024-11-19 00:00:00+00:00,2024-11,0,0.6005088969027715,0.4567109517463976
2024-11-19 00:00:00+00:00,2024-11,1,0.6005088969027715,0.4567109517463976
2024-11-19 00:00:00+00:00,2024-11,0,0.6005088969027715,0.4567109517463976
2024-11-19 00:00:00+00:00,2024-11,0,0.6005088969027715,0.4567109517463976
2024-11-20 00:00:00+00:00,2024-11,1,0.45686989344017365,0.5355153773644729
2024-11-20 00:00:00+00:00,2024-11,0,0.45686989344017365,0.5355153773644729
2024-11-20 00:00:00+00:00,2024-11,1,0.45686989344017365,0.5355153773644729
2024-11-20 00:00:00+00:00,2024-11,0,0.45686989344017365,0.5355153773644729
2024-11-20 00:00:00+00:00,2024-11,0,0.45686989344017365,0.5355153773644729
2024-11-20 00:00:00+00:00,2024-11,0,0.45686989344017365,0.5355153773644729
2024-11-20 00:00:00+00:00,2024-11,0,0.5039091908326647,0.3950079475824783
2024-11-20 00:00:00+00:00,2024-11,1,0.5039091908326647,0.3950079475824783
2024-11-20 00:00:00+00:00,2024-11,0,0.5039091908326647,0.3950079475824783
2024-11-21 00:00:00+00:00,2024-11,0,0.40560750856831423,0.4772142781626695
2024-11-21 00:00:00+00:00,2024-11,0,0.40560750856831423,0.4772142781626695
2024-11-21 00:00:00+00:00,2024-11,1,0.40560750856831423,0.4772142781626695
2024-11-21 00:00:00+00:00,2024-11,0,0.40560750856831423,0.4772142781626695
2024-11-21 00:00:00+00:00,2024-11,0,0.40560750856831423,0.4772142781626695
2024-11-22 00:00:00+00:00,2024-11,0,0.3455195007615161,0.5435142281065624
2024-11-26 00:00:00+00:00,2024-11,0,0.4665188430362742,0.2043811744018682
2024-11-26 00:00:00+00:00,2024-11,0,0.4665188430362742,0.2043811744018682
2024-11-26 00:00:00+00:00,2024-11,0,0.4665188430362742,0.2043811744018682
2024-11-26 00:00:00+00:00,2024-11,0,0.4665188430362742,0.2043811744018682
2024-11-26 00:00:00+00:00,2024-11,0,0.4665188430362742,0.2043811744018682
2024-11-26 00:00:00+00:00,2024-11,0,0.4665188430362742,0.2043811744018682
2024-11-26 00:00:00+00:00,2024-11,0,0.4665188430362742,0.2043811744018682
2024-11-26 00:00:00+00:00,2024-11,0,0.4665188430362742,0.2043811744018682
2024-12-02 00:00:00+00:00,2024-12,0,0.49439720788110175,0.39049613763934343
2024-12-02 00:00:00+00:00,2024-12,0,0.49439720788110175,0.39049613763934343
2024-12-02 00:00:00+00:00,2024-12,0,0.49439720788110175,0.39049613763934343
2024-12-02 00:00:00+00:00,2024-12,0,0.49439720788110175,0.39049613763934343
2024-12-02 00:00:00+00:00,2024-12,0,0.49439720788110175,0.39049613763934343
2024-12-02 00:00:00+00:00,2024-12,0,0.49439720788110175,0.39049613763934343
2024-12-02 00:00:00+00:00,2024-12,0,0.49439720788110175,0.39049613763934343
2024-12-02 00:00:00+00:00,2024-12,1,0.49439720788110175,0.39049613763934343
2024-12-05 00:00:00+00:00,2024-12,1,0.43318807723965536,0.45957625685751485
2024-12-05 00:00:00+00:00,2024-12,1,0.43318807723965536,0.45957625685751485
2024-12-05 00:00:00+00:00,2024-12,0,0.43318807723965536,0.45957625685751485
2024-12-05 00:00:00+00:00,2024-12,0,0.43318807723965536,0.45957625685751485
2024-12-05 00:00:00+00:00,2024-12,0,0.43318807723965536,0.45957625685751485
2024-12-05 00:00:00+00:00,2024-12,0,0.43318807723965536,0.45957625685751485
2024-12-05 00:00:00+00:00,2024-12,0,0.43318807723965536,0.45957625685751485
2024-12-05 00:00:00+00:00,2024-12,0,0.4922861088718077,0.602957759259588
2024-12-05 00:00:00+00:00,2024-12,1,0.4922861088718077,0.602957759259588
2024-12-05 00:00:00+00:00,2024-12,0,0.4922861088718077,0.602957759259588
2024-12-05 00:00:00+00:00,2024-12,0,0.4922861088718077,0.602957759259588
2024-12-05 00:00:00+00:00,2024-12,0,0.4922861088718077,0.602957759259588
2024-12-10 00:00:00+00:00,2024-12,1,0.48811139211479454,0.40785271675712054
2024-12-10 00:00:00+00:00,2024-12,0,0.48811139211479454,0.40785271675712054
2024-12-10 00:00:00+00:00,2024-12,0,0.48811139211479454,0.40785271675712054
2024-12-10 00:00:00+00:00,2024-12,0,0.48811139211479454,0.40785271675712054
2024-12-10 00:00:00+00:00,2024-12,1,0.48811139211479454,0.40785271675712054
2024-12-10 00:00:00+00:00,2024-12,0,0.48811139211479454,0.40785271675712054
2024-12-10 00:00:00+00:00,2024-12,0,0.48811139211479454,0.40785271675712054
2024-12-10 00:00:00+00:00,2024-12,0,0.48811139211479454,0.40785271675712054
2024-12-13 00:00:00+00:00,2024-12,1,0.4654233458765323,0.4254356767343332
2024-12-13 00:00:00+00:00,2024-12,1,0.4654233458765323,0.4254356767343332
2024-12-13 00:00:00+00:00,2024-12,0,0.4654233458765323,0.4254356767343332
2024-12-13 00:00:00+00:00,2024-12,0,0.4654233458765323,0.4254356767343332
2024-12-13 00:00:00+00:00,2024-12,0,0.4654233458765323,0.4254356767343332
2024-12-13 00:00:00+00:00,2024-12,0,0.4654233458765323,0.4254356767343332
2024-12-13 00:00:00+00:00,2024-12,0,0.4654233458765323,0.4254356767343332
2024-12-16 00:00:00+00:00,2024-12,0,0.6022109909132144,0.5708619113842898
2024-12-16 00:00:00+00:00,2024-12,0,0.6022109909132144,0.5708619113842898
2024-12-16 00:00:00+00:00,2024-12,0,0.6022109909132144,0.5708619113842898
2024-12-16 00:00:00+00:00,2024-12,0,0.6022109909132144,0.5708619113842898
2024-12-16 00:00:00+00:00,2024-12,0,0.6022109909132144,0.5708619113842898
2024-12-17 00:00:00+00:00,2024-12,1,0.5028440667131457,0.5337140066029001
2024-12-17 00:00:00+00:00,2024-12,0,0.5028440667131457,0.5337140066029001
2024-12-17 00:00:00+00:00,2024-12,0,0.5028440667131457,0.5337140066029001
2024-12-17 00:00:00+00:00,2024-12,0,0.5028440667131457,0.5337140066029001
2024-12-17 00:00:00+00:00,2024-12,0,0.5028440667131457,0.5337140066029001
2024-12-17 00:00:00+00:00,2024-12,0,0.5028440667131457,0.5337140066029001
2024-12-18 00:00:00+00:00,2024-12,0,0.4410014916916203,0.6650634274108445
2024-12-18 00:00:00+00:00,2024-12,0,0.4410014916916203,0.6650634274108445
2024-12-18 00:00:00+00:00,2024-12,0,0.4410014916916203,0.6650634274108445
2024-12-18 00:00:00+00:00,2024-12,0,0.4410014916916203,0.6650634274108445
2024-12-18 00:00:00+00:00,2024-12,0,0.4410014916916203,0.6650634274108445
2024-12-18 00:00:00+00:00,2024-12,0,0.4410014916916203,0.6650634274108445
2024-12-18 00:00:00+00:00,2024-12,0,0.4410014916916203,0.6650634274108445
2024-01-05 00:00:00+00:00,2024-01,0,0.47897062104631916,0.47547724305922406
2024-01-05 00:00:00+00:00,2024-01,0,0.47897062104631916,0.47547724305922406
2024-01-05 00:00:00+00:00,2024-01,0,0.47897062104631916,0.47547724305922406
2024-01-05 00:00:00+00:00,2024-01,0,0.47897062104631916,0.47547724305922406
2024-01-05 00:00:00+00:00,2024-01,0,0.47897062104631916,0.47547724305922406
2024-01-05 00:00:00+00:00,2024-01,0,0.47897062104631916,0.47547724305922406
2024-01-05 00:00:00+00:00,2024-01,0,0.47897062104631916,0.47547724305922406
2024-01-05 00:00:00+00:00,2024-01,0,0.47897062104631916,0.47547724305922406
2024-01-11 00:00:00+00:00,2024-01,0,0.36221896731687575,0.4632641392974942
2024-01-11 00:00:00+00:00,2024-01,0,0.36221896731687575,0.4632641392974942
2024-01-11 00:00:00+00:00,2024-01,0,0.36221896731687575,0.4632641392974942
2024-01-11 00:00:00+00:00,2024-01,0,0.36221896731687575,0.4632641392974942
2024-01-11 00:00:00+00:00,2024-01,0,0.36221896731687575,0.4632641392974942
2024-01-11 00:00:00+00:00,2024-01,0,0.36221896731687575,0.4632641392974942
2024-01-11 00:00:00+00:00,2024-01,0,0.36221896731687575,0.4632641392974942
2024-01-11 00:00:00+00:00,2024-01,0,0.36221896731687575,0.4632641392974942
2024-01-22 00:00:00+00:00,2024-01,0,0.5031717612430144,0.5346204577246686
2024-01-22 00:00:00+00:00,2024-01,0,0.5031717612430144,0.5346204577246686
2024-01-22 00:00:00+00:00,2024-01,0,0.5031717612430144,0.5346204577246686
2024-01-22 00:00:00+00:00,2024-01,0,0.5031717612430144,0.5346204577246686
2024-01-22 00:00:00+00:00,2024-01,0,0.5031717612430144,0.5346204577246686
2024-01-22 00:00:00+00:00,2024-01,0,0.5031717612430144,0.5346204577246686
2024-01-22 00:00:00+00:00,2024-01,0,0.5031717612430144,0.5346204577246686
2024-01-30 00:00:00+00:00,2024-01,0,0.5043131757303817,0.6156654379748842
2024-01-30 00:00:00+00:00,2024-01,1,0.5043131757303817,0.6156654379748842
2024-01-30 00:00:00+00:00,2024-01,0,0.5043131757303817,0.6156654379748842
2024-02-05 00:00:00+00:00,2024-02,0,0.49569368934060326,0.5267398450507825
2024-02-05 00:00:00+00:00,2024-02,1,0.49569368934060326,0.5267398450507825
2024-02-05 00:00:00+00:00,2024-02,1,0.49569368934060326,0.5267398450507825
2024-02-05 00:00:00+00:00,2024-02,0,0.49569368934060326,0.5267398450507825
2024-02-05 00:00:00+00:00,2024-02,0,0.49569368934060326,0.5267398450507825
2024-02-05 00:00:00+00:00,2024-02,0,0.49569368934060326,0.5267398450507825
2024-02-05 00:00:00+00:00,2024-02,0,0.49569368934060326,0.5267398450507825
2024-02-05 00:00:00+00:00,2024-02,0,0.5114614560160511,0.4308166837291223
2024-02-05 00:00:00+00:00,2024-02,0,0.5114614560160511,0.4308166837291223
2024-02-05 00:00:00+00:00,2024-02,0,0.5114614560160511,0.4308166837291223
2024-02-05 00:00:00+00:00,2024-02,0,0.5114614560160511,0.4308166837291223
2024-02-05 00:00:00+00:00,2024-02,1,0.5114614560160511,0.4308166837291223
2024-02-05 00:00:00+00:00,2024-02,0,0.5114614560160511,0.4308166837291223
2024-02-05 00:00:00+00:00,2024-02,0,0.5114614560160511,0.4308166837291223
2024-02-05 00:00:00+00:00,2024-02,0,0.5114614560160511,0.4308166837291223
2024-02-16 00:00:00+00:00,2024-02,0,0.5138452309865911,0.5439224301731818
2024-02-16 00:00:00+00:00,2024-02,0,0.5138452309865911,0.5439224301731818
2024-02-16 00:00:00+00:00,2024-02,0,0.5138452309865911,0.5439224301731818
2024-02-16 00:00:00+00:00,2024-02,0,0.5138452309865911,0.5439224301731818
2024-02-16 00:00:00+00:00,2024-02,1,0.5138452309865911,0.5439224301731818
2024-02-16 00:00:00+00:00,2024-02,0,0.5138452309865911,0.5439224301731818
2024-02-19 00:00:00+00:00,2024-02,1,0.5088183484509243,0.49518483738359553
2024-02-19 00:00:00+00:00,2024-02,1,0.5088183484509243,0.49518483738359553
2024-02-19 00:00:00+00:00,2024-02,0,0.5088183484509243,0.49518483738359553
2024-02-19 00:00:00+00:00,2024-02,1,0.5088183484509243,0.49518483738359553
2024-02-19 00:00:00+00:00,2024-02,0,0.5088183484509243,0.49518483738359553
2024-02-22 00:00:00+00:00,2024-02,0,0.4905190649384023,0.4813711607803229
2024-02-22 00:00:00+00:00,2024-02,0,0.4905190649384023,0.4813711607803229
2024-02-22 00:00:00+00:00,2024-02,0,0.4905190649384023,0.4813711607803229
2024-03-04 00:00:00+00:00,2024-03,0,0.46558744964838844,0.5485829803824626
2024-03-04 00:00:00+00:00,2024-03,1,0.46558744964838844,0.5485829803824626
2024-03-04 00:00:00+00:00,2024-03,0,0.46558744964838844,0.5485829803824626
2024-03-04 00:00:00+00:00,2024-03,0,0.46558744964838844,0.5485829803824626
2024-03-04 00:00:00+00:00,2024-03,1,0.46558744964838844,0.5485829803824626
2024-03-04 00:00:00+00:00,2024-03,0,0.46558744964838844,0.5485829803824626
2024-03-04 00:00:00+00:00,2024-03,0,0.46558744964838844,0.5485829803824626
2024-03-04 00:00:00+00:00,2024-03,0,0.46558744964838844,0.5485829803824626
2024-03-05 00:00:00+00:00,2024-03,0,0.4512820395557802,0.38828626139807365
2024-03-05 00:00:00+00:00,2024-03,0,0.4512820395557802,0.38828626139807365
2024-03-05 00:00:00+00:00,2024-03,0,0.4512820395557802,0.38828626139807365
2024-03-05 00:00:00+00:00,2024-03,1,0.4512820395557802,0.38828626139807365
2024-03-05 00:00:00+00:00,2024-03,0,0.4512820395557802,0.38828626139807365
2024-03-05 00:00:00+00:00,2024-03,0,0.4512820395557802,0.38828626139807365
2024-03-05 00:00:00+00:00,2024-03,0,0.4512820395557802,0.38828626139807365
2024-03-05 00:00:00+00:00,2024-03,0,0.47240138182372216,0.5152865596368545
2024-03-05 00:00:00+00:00,2024-03,1,0.47240138182372216,0.5152865596368545
2024-03-05 00:00:00+00:00,2024-03,0,0.47240138182372216,0.5152865596368545
2024-03-05 00:00:00+00:00,2024-03,1,0.47240138182372216,0.5152865596368545
2024-03-05 00:00:00+00:00,2024-03,0,0.47240138182372216,0.5152865596368545
2024-03-05 00:00:00+00:00,2024-03,0,0.47240138182372216,0.5152865596368545
2024-03-13 00:00:00+00:00,2024-03,0,0.5056900935169707,0.5062123848085539
2024-03-13 00:00:00+00:00,2024-03,0,0.5056900935169707,0.5062123848085539
2024-03-13 00:00:00+00:00,2024-03,0,0.5056900935169707,0.5062123848085539
2024-03-13 00:00:00+00:00,2024-03,0,0.5056900935169707,0.5062123848085539
2024-03-13 00:00:00+00:00,2024-03,0,0.5056900935169707,0.5062123848085539
2024-03-13 00:00:00+00:00,2024-03,0,0.5056900935169707,0.5062123848085539
2024-03-18 00:00:00+00:00,2024-03,0,0.4609638007600158,0.36367773852174684
2024-03-18 00:00:00+00:00,2024-03,0,0.4609638007600158,0.36367773852174684
2024-03-18 00:00:00+00:00,2024-03,0,0.4609638007600158,0.36367773852174684
2024-03-18 00:00:00+00:00,2024-03,0,0.4609638007600158,0.36367773852174684
2024-03-18 00:00:00+00:00,2024-03,0,0.4609638007600158,0.36367773852174684
2024-03-18 00:00:00+00:00,2024-03,0,0.4609638007600158,0.36367773852174684
2024-03-18 00:00:00+00:00,2024-03,0,0.5284782939679668,0.527915481099666
2024-03-18 00:00:00+00:00,2024-03,0,0.5284782939679668,0.527915481099666
2024-03-18 00:00:00+00:00,2024-03,0,0.5284782939679668,0.527915481099666
2024-03-18 00:00:00+00:00,2024-03,0,0.5284782939679668,0.527915481099666
2024-03-18 00:00:00+00:00,2024-03,0,0.5284782939679668,0.527915481099666
2024-03-18 00:00:00+00:00,2024-03,0,0.5284782939679668,0.527915481099666
2024-03-18 00:00:00+00:00,2024-03,0,0.5044578285649794,0.40976640556881805
2024-03-18 00:00:00+00:00,2024-03,0,0.5044578285649794,0.40976640556881805
2024-03-18 00:00:00+00:00,2024-03,0,0.5044578285649794,0.40976640556881805
2024-03-18 00:00:00+00:00,2024-03,0,0.5044578285649794,0.40976640556881805
2024-03-18 00:00:00+00:00,2024-03,0,0.5044578285649794,0.40976640556881805
2024-03-18 00:00:00+00:00,2024-03,0,0.5044578285649794,0.40976640556881805
2024-03-18 00:00:00+00:00,2024-03,0,0.5044578285649794,0.40976640556881805
2024-03-18 00:00:00+00:00,2024-03,0,0.47485512230672366,0.4976491132105505
2024-03-18 00:00:00+00:00,2024-03,0,0.47485512230672366,0.4976491132105505
2024-03-18 00:00:00+00:00,2024-03,0,0.47485512230672366,0.4976491132105505
2024-03-18 00:00:00+00:00,2024-03,0,0.47485512230672366,0.4976491132105505
2024-03-18 00:00:00+00:00,2024-03,0,0.47485512230672366,0.4976491132105505
2024-03-18 00:00:00+00:00,2024-03,0,0.47485512230672366,0.4976491132105505
2024-03-20 00:00:00+00:00,2024-03,1,0.525953717200806,0.49693359458940217
2024-03-20 00:00:00+00:00,2024-03,0,0.525953717200806,0.49693359458940217
2024-03-20 00:00:00+00:00,2024-03,0,0.525953717200806,0.49693359458940217
2024-03-20 00:00:00+00:00,2024-03,0,0.525953717200806,0.49693359458940217
2024-03-20 00:00:00+00:00,2024-03,0,0.525953717200806,0.49693359458940217
2024-03-20 00:00:00+00:00,2024-03,0,0.525953717200806,0.49693359458940217
2024-03-20 00:00:00+00:00,2024-03,0,0.525953717200806,0.49693359458940217
2024-04-02 00:00:00+00:00,2024-04,0,0.5137883257078312,0.5605143613073729
2024-04-02 00:00:00+00:00,2024-04,0,0.5137883257078312,0.5605143613073729
2024-04-02 00:00:00+00:00,2024-04,0,0.5137883257078312,0.5605143613073729
2024-04-02 00:00:00+00:00,2024-04,1,0.5137883257078312,0.5605143613073729
2024-04-02 00:00:00+00:00,2024-04,0,0.5137883257078312,0.5605143613073729
2024-04-02 00:00:00+00:00,2024-04,0,0.5137883257078312,0.5605143613073729
2024-04-02 00:00:00+00:00,2024-04,0,0.5137883257078312,0.5605143613073729
2024-04-02 00:00:00+00:00,2024-04,1,0.5553105856071117,0.5577309899943893
2024-04-02 00:00:00+00:00,2024-04,1,0.5553105856071117,0.5577309899943893
2024-04-02 00:00:00+00:00,2024-04,0,0.5553105856071117,0.5577309899943893
2024-04-02 00:00:00+00:00,2024-04,0,0.5553105856071117,0.5577309899943893
2024-04-02 00:00:00+00:00,2024-04,0,0.5553105856071117,0.5577309899943893
2024-04-04 00:00:00+00:00,2024-04,0,0.4795251089683747,0.549334050464951
2024-04-04 00:00:00+00:00,2024-04,0,0.4795251089683747,0.549334050464951
2024-04-04 00:00:00+00:00,2024-04,0,0.4795251089683747,0.549334050464951
2024-04-04 00:00:00+00:00,2024-04,0,0.4795251089683747,0.549334050464951
2024-04-04 00:00:00+00:00,2024-04,0,0.4795251089683747,0.549334050464951
2024-04-05 00:00:00+00:00,2024-04,0,0.5204044858508075,0.46111057318167475
2024-04-05 00:00:00+00:00,2024-04,0,0.5204044858508075,0.46111057318167475
2024-04-05 00:00:00+00:00,2024-04,0,0.5204044858508075,0.46111057318167475
2024-04-08 00:00:00+00:00,2024-04,0,0.5112051545046826,0.5038317891669494
2024-04-11 00:00:00+00:00,2024-04,0,0.5573422474738823,0.5218170817151316
2024-04-11 00:00:00+00:00,2024-04,1,0.5573422474738823,0.5218170817151316
2024-04-11 00:00:00+00:00,2024-04,0,0.5573422474738823,0.5218170817151316
2024-04-15 00:00:00+00:00,2024-04,0,0.4727597070424897,0.5946565923789635
2024-04-15 00:00:00+00:00,2024-04,0,0.4727597070424897,0.5946565923789635
2024-04-15 00:00:00+00:00,2024-04,0,0.4727597070424897,0.5946565923789635
2024-04-19 00:00:00+00:00,2024-04,0,0.5310555688488213,0.5023969683520781
2024-04-19 00:00:00+00:00,2024-04,0,0.5310555688488213,0.5023969683520781
2024-04-19 00:00:00+00:00,2024-04,0,0.5310555688488213,0.5023969683520781
2024-04-19 00:00:00+00:00,2024-04,1,0.5310555688488213,0.5023969683520781
2024-04-19 00:00:00+00:00,2024-04,0,0.5310555688488213,0.5023969683520781
2024-04-19 00:00:00+00:00,2024-04,0,0.5310555688488213,0.5023969683520781
2024-04-19 00:00:00+00:00,2024-04,0,0.5310555688488213,0.5023969683520781
2024-04-23 00:00:00+00:00,2024-04,0,0.385147234188333,0.3843103391386545
2024-04-23 00:00:00+00:00,2024-04,0,0.385147234188333,0.3843103391386545
2024-04-23 00:00:00+00:00,2024-04,1,0.385147234188333,0.3843103391386545
2024-04-23 00:00:00+00:00,2024-04,0,0.385147234188333,0.3843103391386545
2024-04-23 00:00:00+00:00,2024-04,0,0.385147234188333,0.3843103391386545
2024-04-23 00:00:00+00:00,2024-04,0,0.385147234188333,0.3843103391386545
2024-04-23 00:00:00+00:00,2024-04,0,0.385147234188333,0.3843103391386545
2024-04-23 00:00:00+00:00,2024-04,0,0.385147234188333,0.3843103391386545
2024-04-23 00:00:00+00:00,2024-04,0,0.5396798440359994,0.4051530292090308
2024-04-23 00:00:00+00:00,2024-04,0,0.5396798440359994,0.4051530292090308
2024-04-23 00:00:00+00:00,2024-04,0,0.5396798440359994,0.4051530292090308
2024-04-23 00:00:00+00:00,2024-04,0,0.5396798440359994,0.4051530292090308
2024-04-23 00:00:00+00:00,2024-04,0,0.5396798440359994,0.4051530292090308
2024-04-23 00:00:00+00:00,2024-04,0,0.4338540158728173,0.44657136514539786
2024-04-23 00:00:00+00:00,2024-04,0,0.4338540158728173,0.44657136514539786
2024-04-23 00:00:00+00:00,2024-04,1,0.4338540158728173,0.44657136514539786
2024-04-23 00:00:00+00:00,2024-04,0,0.4338540158728173,0.44657136514539786
2024-04-23 00:00:00+00:00,2024-04,1,0.4338540158728173,0.44657136514539786
2024-04-23 00:00:00+00:00,2024-04,0,0.4338540158728173,0.44657136514539786
2024-04-23 00:00:00+00:00,2024-04,0,0.4338540158728173,0.44657136514539786
2024-04-23 00:00:00+00:00,2024-04,0,0.4338540158728173,0.44657136514539786
2024-04-23 00:00:00+00:00,2024-04,0,0.5703955080020016,0.522924885418983
2024-04-23 00:00:00+00:00,2024-04,0,0.5703955080020016,0.522924885418983
2024-04-23 00:00:00+00:00,2024-04,0,0.5703955080020016,0.522924885418983
2024-04-23 00:00:00+00:00,2024-04,1,0.5703955080020016,0.522924885418983
2024-04-23 00:00:00+00:00,2024-04,0,0.5703955080020016,0.522924885418983
2024-04-23 00:00:00+00:00,2024-04,0,0.5703955080020016,0.522924885418983
2024-04-23 00:00:00+00:00,2024-04,0,0.5703955080020016,0.522924885418983
2024-04-25 00:00:00+00:00,2024-04,0,0.5468450881783155,0.5725271690825569
2024-04-25 00:00:00+00:00,2024-04,1,0.5468450881783155,0.5725271690825569
2024-04-25 00:00:00+00:00,2024-04,0,0.5468450881783155,0.5725271690825569
2024-04-25 00:00:00+00:00,2024-04,0,0.5468450881783155,0.5725271690825569
2024-04-25 00:00:00+00:00,2024-04,1,0.5468450881783155,0.5725271690825569
2024-04-25 00:00:00+00:00,2024-04,0,0.5468450881783155,0.5725271690825569
2024-05-01 00:00:00+00:00,2024-05,1,0.48714773354363183,0.6033717394042455
2024-05-07 00:00:00+00:00,2024-05,0,0.4746158685125749,0.5237745186963937
2024-05-07 00:00:00+00:00,2024-05,0,0.4746158685125749,0.5237745186963937
2024-05-07 00:00:00+00:00,2024-05,0,0.4746158685125749,0.5237745186963937
2024-05-07 00:00:00+00:00,2024-05,0,0.4746158685125749,0.5237745186963937
2024-05-07 00:00:00+00:00,2024-05,0,0.4746158685125749,0.5237745186963937
2024-05-07 00:00:00+00:00,2024-05,0,0.4746158685125749,0.5237745186963937
2024-05-07 00:00:00+00:00,2024-05,0,0.4746158685125749,0.5237745186963937
2024-05-07 00:00:00+00:00,2024-05,0,0.37300701855773427,0.39702648231705795
2024-05-07 00:00:00+00:00,2024-05,1,0.37300701855773427,0.39702648231705795
2024-05-07 00:00:00+00:00,2024-05,0,0.37300701855773427,0.39702648231705795
2024-05-07 00:00:00+00:00,2024-05,0,0.37300701855773427,0.39702648231705795
2024-05-07 00:00:00+00:00,2024-05,1,0.37300701855773427,0.39702648231705795
2024-05-07 00:00:00+00:00,2024-05,0,0.37300701855773427,0.39702648231705795
2024-05-08 00:00:00+00:00,2024-05,0,0.5294474276592047,0.44120367538953403
2024-05-08 00:00:00+00:00,2024-05,1,0.5294474276592047,0.44120367538953403
2024-05-08 00:00:00+00:00,2024-05,0,0.5294474276592047,0.44120367538953403
2024-05-08 00:00:00+00:00,2024-05,0,0.5294474276592047,0.44120367538953403
2024-05-08 00:00:00+00:00,2024-05,1,0.5294474276592047,0.44120367538953403
2024-05-08 00:00:00+00:00,2024-05,0,0.5294474276592047,0.44120367538953403
2024-05-08 00:00:00+00:00,2024-05,1,0.5432523849698881,0.5884043998751332
2024-05-08 00:00:00+00:00,2024-05,0,0.5432523849698881,0.5884043998751332
2024-05-13 00:00:00+00:00,2024-05,1,0.5211442487372301,0.4751782785399215
2024-05-13 00:00:00+00:00,2024-05,0,0.5211442487372301,0.4751782785399215
2024-05-13 00:00:00+00:00,2024-05,1,0.5211442487372301,0.4751782785399215
2024-05-13 00:00:00+00:00,2024-05,0,0.4900725304151981,0.45709777920911504
2024-05-13 00:00:00+00:00,2024-05,0,0.4900725304151981,0.45709777920911504
2024-05-13 00:00:00+00:00,2024-05,0,0.4900725304151981,0.45709777920911504
2024-05-13 00:00:00+00:00,2024-05,0,0.4900725304151981,0.45709777920911504
2024-05-13 00:00:00+00:00,2024-05,0,0.4900725304151981,0.45709777920911504
2024-05-13 00:00:00+00:00,2024-05,0,0.4900725304151981,0.45709777920911504
2024-05-13 00:00:00+00:00,2024-05,0,0.4900725304151981,0.45709777920911504
2024-05-15 00:00:00+00:00,2024-05,0,0.5304112535981386,0.43785884697850397
2024-05-15 00:00:00+00:00,2024-05,0,0.5304112535981386,0.43785884697850397
2024-05-15 00:00:00+00:00,2024-05,0,0.5304112535981386,0.43785884697850397
2024-05-15 00:00:00+00:00,2024-05,1,0.5304112535981386,0.43785884697850397
2024-05-15 00:00:00+00:00,2024-05,0,0.5304112535981386,0.43785884697850397
2024-05-15 00:00:00+00:00,2024-05,0,0.5304112535981386,0.43785884697850397
2024-05-15 00:00:00+00:00,2024-05,0,0.5304112535981386,0.43785884697850397
2024-05-17 00:00:00+00:00,2024-05,0,0.5375447460124605,0.5760268810327912
2024-05-17 00:00:00+00:00,2024-05,0,0.5375447460124605,0.5760268810327912
2024-05-17 00:00:00+00:00,2024-05,0,0.5375447460124605,0.5760268810327912
2024-05-21 00:00:00+00:00,2024-05,0,0.41366211312002726,0.4697107955616022
2024-05-21 00:00:00+00:00,2024-05,0,0.41366211312002726,0.4697107955616022
2024-05-21 00:00:00+00:00,2024-05,0,0.41366211312002726,0.4697107955616022
2024-05-21 00:00:00+00:00,2024-05,0,0.41366211312002726,0.4697107955616022
2024-05-21 00:00:00+00:00,2024-05,0,0.41366211312002726,0.4697107955616022
2024-05-21 00:00:00+00:00,2024-05,0,0.41366211312002726,0.4697107955616022
2024-05-21 00:00:00+00:00,2024-05,0,0.5018864390369618,0.4701264221668459
2024-05-21 00:00:00+00:00,2024-05,0,0.5018864390369618,0.4701264221668459
2024-05-22 00:00:00+00:00,2024-05,0,0.4673649608101648,0.4739274279955539
2024-05-22 00:00:00+00:00,2024-05,0,0.4673649608101648,0.4739274279955539
2024-05-22 00:00:00+00:00,2024-05,0,0.4673649608101648,0.4739274279955539
2024-05-22 00:00:00+00:00,2024-05,0,0.4673649608101648,0.4739274279955539
2024-05-22 00:00:00+00:00,2024-05,0,0.4673649608101648,0.4739274279955539
2024-05-22 00:00:00+00:00,2024-05,0,0.4673649608101648,0.4739274279955539
2024-05-22 00:00:00+00:00,2024-05,0,0.4673649608101648,0.4739274279955539
2024-05-31 00:00:00+00:00,2024-05,1,0.43746467467030364,0.6295694362887392
2024-05-31 00:00:00+00:00,2024-05,0,0.43746467467030364,0.6295694362887392
2024-05-31 00:00:00+00:00,2024-05,0,0.43746467467030364,0.6295694362887392
2024-05-31 00:00:00+00:00,2024-05,0,0.43746467467030364,0.6295694362887392
2024-05-31 00:00:00+00:00,2024-05,0,0.43746467467030364,0.6295694362887392
2024-06-04 00:00:00+00:00,2024-06,0,0.5141691437634519,0.5007887540927028
2024-06-04 00:00:00+00:00,2024-06,0,0.5141691437634519,0.5007887540927028
2024-06-04 00:00:00+00:00,2024-06,0,0.5141691437634519,0.5007887540927028
2024-06-04 00:00:00+00:00,2024-06,0,0.5141691437634519,0.5007887540927028
2024-06-04 00:00:00+00:00,2024-06,0,0.5141691437634519,0.5007887540927028
2024-06-04 00:00:00+00:00,2024-06,0,0.5141691437634519,0.5007887540927028
2024-06-04 00:00:00+00:00,2024-06,0,0.5141691437634519,0.5007887540927028
2024-06-14 00:00:00+00:00,2024-06,0,0.45055605617963534,0.4733289418419762
2024-06-14 00:00:00+00:00,2024-06,0,0.45055605617963534,0.4733289418419762
2024-06-14 00:00:00+00:00,2024-06,1,0.45055605617963534,0.4733289418419762
2024-06-14 00:00:00+00:00,2024-06,1,0.45055605617963534,0.4733289418419762
2024-06-14 00:00:00+00:00,2024-06,1,0.45055605617963534,0.4733289418419762
2024-06-14 00:00:00+00:00,2024-06,0,0.45055605617963534,0.4733289418419762
2024-06-14 00:00:00+00:00,2024-06,0,0.45055605617963534,0.4733289418419762
2024-06-14 00:00:00+00:00,2024-06,0,0.45055605617963534,0.4733289418419762
2024-06-14 00:00:00+00:00,2024-06,0,0.44272637636667045,0.5040032718638155
2024-06-14 00:00:00+00:00,2024-06,0,0.44272637636667045,0.5040032718638155
2024-06-14 00:00:00+00:00,2024-06,0,0.44272637636667045,0.5040032718638155
2024-06-14 00:00:00+00:00,2024-06,0,0.44272637636667045,0.5040032718638155
2024-06-14 00:00:00+00:00,2024-06,1,0.44272637636667045,0.5040032718638155
2024-06-14 00:00:00+00:00,2024-06,0,0.44272637636667045,0.5040032718638155
2024-06-14 00:00:00+00:00,2024-06,0,0.6022149048725123,0.6326311616434556
2024-06-14 00:00:00+00:00,2024-06,0,0.6022149048725123,0.6326311616434556
2024-06-14 00:00:00+00:00,2024-06,0,0.6022149048725123,0.6326311616434556
2024-06-14 00:00:00+00:00,2024-06,0,0.6022149048725123,0.6326311616434556
2024-06-14 00:00:00+00:00,2024-06,0,0.6022149048725123,0.6326311616434556
2024-06-14 00:00:00+00:00,2024-06,0,0.6022149048725123,0.6326311616434556
2024-06-14 00:00:00+00:00,2024-06,0,0.525299919963278,0.39285173597785816
2024-06-14 00:00:00+00:00,2024-06,0,0.525299919963278,0.39285173597785816
2024-06-14 00:00:00+00:00,2024-06,0,0.525299919963278,0.39285173597785816
2024-06-14 00:00:00+00:00,2024-06,0,0.525299919963278,0.39285173597785816
2024-06-14 00:00:00+00:00,2024-06,0,0.525299919963278,0.39285173597785816
2024-06-14 00:00:00+00:00,2024-06,0,0.525299919963278,0.39285173597785816
2024-06-14 00:00:00+00:00,2024-06,0,0.525299919963278,0.39285173597785816
2024-06-14 00:00:00+00:00,2024-06,0,0.525299919963278,0.39285173597785816
2024-06-17 00:00:00+00:00,2024-06,0,0.5090137482458764,0.4988583505543523
2024-06-17 00:00:00+00:00,2024-06,0,0.5090137482458764,0.4988583505543523
2024-06-17 00:00:00+00:00,2024-06,0,0.5090137482458764,0.4988583505543523
2024-06-21 00:00:00+00:00,2024-06,0,0.5551553622634632,0.6605362592550097
2024-06-21 00:00:00+00:00,2024-06,0,0.5551553622634632,0.6605362592550097
2024-06-21 00:00:00+00:00,2024-06,0,0.5551553622634632,0.6605362592550097
2024-06-21 00:00:00+00:00,2024-06,0,0.5551553622634632,0.6605362592550097
2024-06-21 00:00:00+00:00,2024-06,0,0.5551553622634632,0.6605362592550097
2024-06-21 00:00:00+00:00,2024-06,0,0.5551553622634632,0.6605362592550097
2024-06-21 00:00:00+00:00,2024-06,0,0.5551553622634632,0.6605362592550097
2024-06-25 00:00:00+00:00,2024-06,0,0.48535326306308846,0.6073931014756893
2024-06-25 00:00:00+00:00,2024-06,0,0.48535326306308846,0.6073931014756893
2024-06-25 00:00:00+00:00,2024-06,0,0.48535326306308846,0.6073931014756893
2024-06-25 00:00:00+00:00,2024-06,1,0.48535326306308846,0.6073931014756893
2024-06-25 00:00:00+00:00,2024-06,0,0.48535326306308846,0.6073931014756893
2024-06-25 00:00:00+00:00,2024-06,0,0.48535326306308846,0.6073931014756893
2024-06-25 00:00:00+00:00,2024-06,0,0.4961772479506163,0.4588863551894593
2024-06-25 00:00:00+00:00,2024-06,1,0.4961772479506163,0.4588863551894593
2024-06-25 00:00:00+00:00,2024-06,0,0.4961772479506163,0.4588863551894593
2024-06-27 00:00:00+00:00,2024-06,0,0.49470511609766765,0.42255951037018563
2024-06-27 00:00:00+00:00,2024-06,0,0.49470511609766765,0.42255951037018563
2024-06-27 00:00:00+00:00,2024-06,0,0.49470511609766765,0.42255951037018563
2024-06-27 00:00:00+00:00,2024-06,0,0.49470511609766765,0.42255951037018563
2024-06-27 00:00:00+00:00,2024-06,0,0.49470511609766765,0.42255951037018563
2024-06-27 00:00:00+00:00,2024-06,0,0.49470511609766765,0.42255951037018563
2024-06-27 00:00:00+00:00,2024-06,0,0.49470511609766765,0.42255951037018563
2024-07-18 00:00:00+00:00,2024-07,1,0.47912687039209256,0.421583450770436
2024-07-18 00:00:00+00:00,2024-07,0,0.47912687039209256,0.421583450770436
2024-07-18 00:00:00+00:00,2024-07,0,0.47912687039209256,0.421583450770436
2024-07-18 00:00:00+00:00,2024-07,0,0.47912687039209256,0.421583450770436
2024-07-31 00:00:00+00:00,2024-07,0,0.4766550633273031,0.4169152701561695
2024-07-31 00:00:00+00:00,2024-07,0,0.4766550633273031,0.4169152701561695
2024-07-31 00:00:00+00:00,2024-07,0,0.4766550633273031,0.4169152701561695
2024-07-31 00:00:00+00:00,2024-07,0,0.4766550633273031,0.4169152701561695
2024-07-31 00:00:00+00:00,2024-07,1,0.4766550633273031,0.4169152701561695
2024-07-31 00:00:00+00:00,2024-07,0,0.4766550633273031,0.4169152701561695
2024-07-31 00:00:00+00:00,2024-07,0,0.4766550633273031,0.4169152701561695
2024-08-07 00:00:00+00:00,2024-08,0,0.41209594108835934,0.42041306765846487
2024-08-07 00:00:00+00:00,2024-08,0,0.41209594108835934,0.42041306765846487
2024-08-07 00:00:00+00:00,2024-08,0,0.41209594108835934,0.42041306765846487
2024-08-07 00:00:00+00:00,2024-08,1,0.41209594108835934,0.42041306765846487
2024-08-07 00:00:00+00:00,2024-08,0,0.41209594108835934,0.42041306765846487
2024-08-07 00:00:00+00:00,2024-08,0,0.41209594108835934,0.42041306765846487
2024-08-07 00:00:00+00:00,2024-08,0,0.41209594108835934,0.42041306765846487
2024-08-07 00:00:00+00:00,2024-08,0,0.41209594108835934,0.42041306765846487
2024-08-13 00:00:00+00:00,2024-08,0,0.4612258092809316,0.5259603898925445
2024-08-13 00:00:00+00:00,2024-08,0,0.4612258092809316,0.5259603898925445
2024-08-13 00:00:00+00:00,2024-08,0,0.4612258092809316,0.5259603898925445
2024-08-13 00:00:00+00:00,2024-08,1,0.4612258092809316,0.5259603898925445
2024-08-13 00:00:00+00:00,2024-08,0,0.4612258092809316,0.5259603898925445
2024-08-13 00:00:00+00:00,2024-08,0,0.4612258092809316,0.5259603898925445
2024-08-13 00:00:00+00:00,2024-08,0,0.4612258092809316,0.5259603898925445
2024-08-13 00:00:00+00:00,2024-08,0,0.4612258092809316,0.5259603898925445
2024-08-16 00:00:00+00:00,2024-08,0,0.4057362426781121,0.2547828417085196
2024-08-16 00:00:00+00:00,2024-08,0,0.4057362426781121,0.2547828417085196
2024-08-16 00:00:00+00:00,2024-08,0,0.4057362426781121,0.2547828417085196
2024-08-16 00:00:00+00:00,2024-08,1,0.4057362426781121,0.2547828417085196
2024-08-16 00:00:00+00:00,2024-08,0,0.4057362426781121,0.2547828417085196
2024-08-16 00:00:00+00:00,2024-08,0,0.4057362426781121,0.2547828417085196
2024-08-16 00:00:00+00:00,2024-08,0,0.4057362426781121,0.2547828417085196
2024-08-16 00:00:00+00:00,2024-08,0,0.4057362426781121,0.2547828417085196
2024-08-23 00:00:00+00:00,2024-08,1,0.39582361731474563,0.24584585181814633
2024-08-23 00:00:00+00:00,2024-08,0,0.39582361731474563,0.24584585181814633
2024-08-23 00:00:00+00:00,2024-08,0,0.39582361731474563,0.24584585181814633
2024-08-23 00:00:00+00:00,2024-08,0,0.39582361731474563,0.24584585181814633
2024-08-23 00:00:00+00:00,2024-08,0,0.39582361731474563,0.24584585181814633
2024-08-23 00:00:00+00:00,2024-08,0,0.39582361731474563,0.24584585181814633
2024-08-23 00:00:00+00:00,2024-08,0,0.39582361731474563,0.24584585181814633
2024-08-28 00:00:00+00:00,2024-08,0,0.45405534975597905,0.34297710606382775
2024-08-28 00:00:00+00:00,2024-08,0,0.45405534975597905,0.34297710606382775
2024-08-28 00:00:00+00:00,2024-08,0,0.45405534975597905,0.34297710606382775
2024-08-28 00:00:00+00:00,2024-08,0,0.45405534975597905,0.34297710606382775
2024-08-28 00:00:00+00:00,2024-08,0,0.45405534975597905,0.34297710606382775
2024-08-28 00:00:00+00:00,2024-08,0,0.45405534975597905,0.34297710606382775
2024-08-28 00:00:00+00:00,2024-08,1,0.45405534975597905,0.34297710606382775
2024-08-28 00:00:00+00:00,2024-08,0,0.45405534975597905,0.34297710606382775
2024-09-02 00:00:00+00:00,2024-09,0,0.4567206444071537,0.49591485063898905
2024-09-02 00:00:00+00:00,2024-09,0,0.4567206444071537,0.49591485063898905
2024-09-02 00:00:00+00:00,2024-09,0,0.4567206444071537,0.49591485063898905
2024-09-02 00:00:00+00:00,2024-09,0,0.4567206444071537,0.49591485063898905
2024-09-02 00:00:00+00:00,2024-09,0,0.4567206444071537,0.49591485063898905
2024-09-10 00:00:00+00:00,2024-09,0,0.4519997464681295,0.34761585468793754
2024-09-10 00:00:00+00:00,2024-09,0,0.4519997464681295,0.34761585468793754
2024-09-10 00:00:00+00:00,2024-09,0,0.4519997464681295,0.34761585468793754
2024-09-10 00:00:00+00:00,2024-09,0,0.4519997464681295,0.34761585468793754
2024-09-10 00:00:00+00:00,2024-09,1,0.4519997464681295,0.34761585468793754
2024-09-10 00:00:00+00:00,2024-09,0,0.4519997464681295,0.34761585468793754
2024-09-18 00:00:00+00:00,2024-09,0,0.5380274044880531,0.5541704139172051
2024-09-18 00:00:00+00:00,2024-09,0,0.5380274044880531,0.5541704139172051
2024-09-18 00:00:00+00:00,2024-09,1,0.5380274044880531,0.5541704139172051
2024-09-18 00:00:00+00:00,2024-09,0,0.5380274044880531,0.5541704139172051
2024-09-18 00:00:00+00:00,2024-09,1,0.5380274044880531,0.5541704139172051
2024-09-18 00:00:00+00:00,2024-09,0,0.5380274044880531,0.5541704139172051
2024-09-18 00:00:00+00:00,2024-09,0,0.5380274044880531,0.5541704139172051
2024-09-18 00:00:00+00:00,2024-09,0,0.5380274044880531,0.5541704139172051
2024-09-18 00:00:00+00:00,2024-09,1,0.4514786511894494,0.3951058918629603
2024-09-18 00:00:00+00:00,2024-09,1,0.4514786511894494,0.3951058918629603
2024-09-18 00:00:00+00:00,2024-09,0,0.4514786511894494,0.3951058918629603
2024-09-18 00:00:00+00:00,2024-09,0,0.4514786511894494,0.3951058918629603
2024-09-18 00:00:00+00:00,2024-09,0,0.4514786511894494,0.3951058918629603
2024-09-18 00:00:00+00:00,2024-09,0,0.4514786511894494,0.3951058918629603
2024-09-18 00:00:00+00:00,2024-09,0,0.4514786511894494,0.3951058918629603
2024-09-19 00:00:00+00:00,2024-09,1,0.39597541893045174,0.44882227917636924
2024-09-19 00:00:00+00:00,2024-09,0,0.39597541893045174,0.44882227917636924
2024-09-19 00:00:00+00:00,2024-09,0,0.39597541893045174,0.44882227917636924
2024-09-19 00:00:00+00:00,2024-09,0,0.39597541893045174,0.44882227917636924
2024-09-19 00:00:00+00:00,2024-09,1,0.39597541893045174,0.44882227917636924
2024-09-19 00:00:00+00:00,2024-09,0,0.39597541893045174,0.44882227917636924
2024-09-25 00:00:00+00:00,2024-09,0,0.4701099648312554,0.48329222307909464
2024-09-25 00:00:00+00:00,2024-09,0,0.4701099648312554,0.48329222307909464
2024-09-25 00:00:00+00:00,2024-09,0,0.4701099648312554,0.48329222307909464
2024-09-25 00:00:00+00:00,2024-09,1,0.4701099648312554,0.48329222307909464
2024-09-25 00:00:00+00:00,2024-09,1,0.4701099648312554,0.48329222307909464
2024-09-25 00:00:00+00:00,2024-09,0,0.4701099648312554,0.48329222307909464
2024-09-25 00:00:00+00:00,2024-09,0,0.4701099648312554,0.48329222307909464
2024-10-01 00:00:00+00:00,2024-10,0,0.5875601498694665,0.5272031564009051
2024-10-01 00:00:00+00:00,2024-10,0,0.5875601498694665,0.5272031564009051
2024-10-01 00:00:00+00:00,2024-10,0,0.5875601498694665,0.5272031564009051
2024-10-01 00:00:00+00:00,2024-10,0,0.5875601498694665,0.5272031564009051
2024-10-01 00:00:00+00:00,2024-10,0,0.5875601498694665,0.5272031564009051
2024-10-01 00:00:00+00:00,2024-10,0,0.5875601498694665,0.5272031564009051
2024-10-01 00:00:00+00:00,2024-10,0,0.6009836198275306,0.4822572530900348
2024-10-01 00:00:00+00:00,2024-10,0,0.6009836198275306,0.4822572530900348
2024-10-01 00:00:00+00:00,2024-10,0,0.6009836198275306,0.4822572530900348
2024-10-09 00:00:00+00:00,2024-10,1,0.5513484747991702,0.5870826634318742
2024-10-09 00:00:00+00:00,2024-10,1,0.5513484747991702,0.5870826634318742
2024-10-09 00:00:00+00:00,2024-10,0,0.5513484747991702,0.5870826634318742
2024-10-09 00:00:00+00:00,2024-10,0,0.5513484747991702,0.5870826634318742
2024-10-09 00:00:00+00:00,2024-10,0,0.5513484747991702,0.5870826634318742
2024-10-09 00:00:00+00:00,2024-10,0,0.5513484747991702,0.5870826634318742
2024-10-10 00:00:00+00:00,2024-10,1,0.3755760043006048,0.3081466396664943
2024-10-10 00:00:00+00:00,2024-10,1,0.3755760043006048,0.3081466396664943
2024-10-10 00:00:00+00:00,2024-10,0,0.3755760043006048,0.3081466396664943
2024-10-10 00:00:00+00:00,2024-10,0,0.3755760043006048,0.3081466396664943
2024-10-10 00:00:00+00:00,2024-10,0,0.3755760043006048,0.3081466396664943
2024-10-10 00:00:00+00:00,2024-10,0,0.3755760043006048,0.3081466396664943
2024-10-10 00:00:00+00:00,2024-10,0,0.3755760043006048,0.3081466396664943
2024-10-10 00:00:00+00:00,2024-10,1,0.5249501504718441,0.45272606641886864
2024-10-10 00:00:00+00:00,2024-10,0,0.5249501504718441,0.45272606641886864
2024-10-10 00:00:00+00:00,2024-10,0,0.5249501504718441,0.45272606641886864
2024-10-10 00:00:00+00:00,2024-10,0,0.5249501504718441,0.45272606641886864
2024-10-10 00:00:00+00:00,2024-10,1,0.5249501504718441,0.45272606641886864
2024-10-10 00:00:00+00:00,2024-10,0,0.5249501504718441,0.45272606641886864
2024-10-10 00:00:00+00:00,2024-10,0,0.5839906376159021,0.4814107619984157
2024-10-10 00:00:00+00:00,2024-10,0,0.5839906376159021,0.4814107619984157
2024-10-10 00:00:00+00:00,2024-10,0,0.5839906376159021,0.4814107619984157
2024-10-10 00:00:00+00:00,2024-10,0,0.5839906376159021,0.4814107619984157
2024-10-10 00:00:00+00:00,2024-10,0,0.5839906376159021,0.4814107619984157
2024-10-10 00:00:00+00:00,2024-10,0,0.5839906376159021,0.4814107619984157
2024-10-10 00:00:00+00:00,2024-10,0,0.44453289006768454,0.5695205778347202
2024-10-10 00:00:00+00:00,2024-10,0,0.44453289006768454,0.5695205778347202
2024-10-10 00:00:00+00:00,2024-10,0,0.44453289006768454,0.5695205778347202
2024-10-10 00:00:00+00:00,2024-10,0,0.44453289006768454,0.5695205778347202
2024-10-10 00:00:00+00:00,2024-10,0,0.44453289006768454,0.5695205778347202
2024-10-18 00:00:00+00:00,2024-10,0,0.4672307799548709,0.4113084055852387
2024-10-18 00:00:00+00:00,2024-10,0,0.4672307799548709,0.4113084055852387
2024-10-18 00:00:00+00:00,2024-10,0,0.4672307799548709,0.4113084055852387
2024-10-18 00:00:00+00:00,2024-10,0,0.4672307799548709,0.4113084055852387
2024-10-18 00:00:00+00:00,2024-10,0,0.4672307799548709,0.4113084055852387
2024-10-18 00:00:00+00:00,2024-10,0,0.5856002982045364,0.6400485877696741
2024-10-18 00:00:00+00:00,2024-10,0,0.5856002982045364,0.6400485877696741
2024-10-18 00:00:00+00:00,2024-10,0,0.5856002982045364,0.6400485877696741
2024-10-18 00:00:00+00:00,2024-10,0,0.5856002982045364,0.6400485877696741
2024-10-18 00:00:00+00:00,2024-10,0,0.5856002982045364,0.6400485877696741
2024-10-18 00:00:00+00:00,2024-10,0,0.5856002982045364,0.6400485877696741
2024-10-21 00:00:00+00:00,2024-10,0,0.4554590608197628,0.5028970100854115
2024-10-21 00:00:00+00:00,2024-10,0,0.4554590608197628,0.5028970100854115
2024-10-21 00:00:00+00:00,2024-10,0,0.4554590608197628,0.5028970100854115
2024-10-21 00:00:00+00:00,2024-10,0,0.46187096035133096,0.42772642639679725
2024-10-21 00:00:00+00:00,2024-10,0,0.46187096035133096,0.42772642639679725
2024-10-21 00:00:00+00:00,2024-10,0,0.46187096035133096,0.42772642639679725
2024-10-21 00:00:00+00:00,2024-10,0,0.3607054660312959,0.33103236959142784
2024-10-21 00:00:00+00:00,2024-10,1,0.3607054660312959,0.33103236959142784
2024-10-21 00:00:00+00:00,2024-10,0,0.3607054660312959,0.33103236959142784
2024-10-21 00:00:00+00:00,2024-10,0,0.3607054660312959,0.33103236959142784
2024-10-21 00:00:00+00:00,2024-10,0,0.3607054660312959,0.33103236959142784
2024-10-21 00:00:00+00:00,2024-10,0,0.3607054660312959,0.33103236959142784
2024-10-21 00:00:00+00:00,2024-10,0,0.3607054660312959,0.33103236959142784
2024-10-21 00:00:00+00:00,2024-10,0,0.3607054660312959,0.33103236959142784
2024-10-22 00:00:00+00:00,2024-10,1,0.5794032468085726,0.6153747604722506
2024-10-22 00:00:00+00:00,2024-10,1,0.5794032468085726,0.6153747604722506
2024-10-22 00:00:00+00:00,2024-10,0,0.5794032468085726,0.6153747604722506
2024-10-22 00:00:00+00:00,2024-10,0,0.5794032468085726,0.6153747604722506
2024-10-22 00:00:00+00:00,2024-10,0,0.5794032468085726,0.6153747604722506
2024-10-22 00:00:00+00:00,2024-10,0,0.5794032468085726,0.6153747604722506
2024-10-22 00:00:00+00:00,2024-10,0,0.4238834283406672,0.54664893460022
2024-10-22 00:00:00+00:00,2024-10,0,0.4238834283406672,0.54664893460022
2024-10-22 00:00:00+00:00,2024-10,0,0.4238834283406672,0.54664893460022
2024-10-22 00:00:00+00:00,2024-10,0,0.4238834283406672,0.54664893460022
2024-10-22 00:00:00+00:00,2024-10,0,0.4238834283406672,0.54664893460022
2024-10-22 00:00:00+00:00,2024-10,0,0.4238834283406672,0.54664893460022
2024-10-22 00:00:00+00:00,2024-10,0,0.4238834283406672,0.54664893460022
2024-10-22 00:00:00+00:00,2024-10,0,0.4238834283406672,0.54664893460022
2024-10-28 00:00:00+00:00,2024-10,0,0.3856330039670634,0.3606676889025296
2024-10-28 00:00:00+00:00,2024-10,0,0.3856330039670634,0.3606676889025296
2024-10-28 00:00:00+00:00,2024-10,0,0.3856330039670634,0.3606676889025296
2024-10-28 00:00:00+00:00,2024-10,0,0.3856330039670634,0.3606676889025296
2024-10-28 00:00:00+00:00,2024-10,0,0.3856330039670634,0.3606676889025296
2024-10-31 00:00:00+00:00,2024-10,1,0.4312779697812619,0.4439421778679155
2024-10-31 00:00:00+00:00,2024-10,1,0.4312779697812619,0.4439421778679155
2024-10-31 00:00:00+00:00,2024-10,0,0.4312779697812619,0.4439421778679155
2024-10-31 00:00:00+00:00,2024-10,0,0.4312779697812619,0.4439421778679155
2024-10-31 00:00:00+00:00,2024-10,0,0.4312779697812619,0.4439421778679155
2024-10-31 00:00:00+00:00,2024-10,0,0.4312779697812619,0.4439421778679155
2024-10-31 00:00:00+00:00,2024-10,0,0.4312779697812619,0.4439421778679155
2024-11-06 00:00:00+00:00,2024-11,0,0.35548892515944436,0.3673515549421684
2024-11-06 00:00:00+00:00,2024-11,0,0.35548892515944436,0.3673515549421684
2024-11-06 00:00:00+00:00,2024-11,1,0.35548892515944436,0.3673515549421684
2024-11-06 00:00:00+00:00,2024-11,0,0.35548892515944436,0.3673515549421684
2024-11-06 00:00:00+00:00,2024-11,0,0.35548892515944436,0.3673515549421684
2024-11-14 00:00:00+00:00,2024-11,0,0.46654066796716903,0.5256251429344445
2024-11-14 00:00:00+00:00,2024-11,0,0.46654066796716903,0.5256251429344445
2024-11-14 00:00:00+00:00,2024-11,0,0.46654066796716903,0.5256251429344445
2024-11-14 00:00:00+00:00,2024-11,0,0.46654066796716903,0.5256251429344445
2024-11-14 00:00:00+00:00,2024-11,0,0.46654066796716903,0.5256251429344445
2024-11-14 00:00:00+00:00,2024-11,0,0.46654066796716903,0.5256251429344445
2024-11-14 00:00:00+00:00,2024-11,0,0.46654066796716903,0.5256251429344445
2024-11-14 00:00:00+00:00,2024-11,0,0.46654066796716903,0.5256251429344445
2024-11-21 00:00:00+00:00,2024-11,0,0.48263268603791437,0.4765728769415424
2024-11-21 00:00:00+00:00,2024-11,0,0.48263268603791437,0.4765728769415424
2024-11-21 00:00:00+00:00,2024-11,1,0.48263268603791437,0.4765728769415424
2024-11-21 00:00:00+00:00,2024-11,0,0.48263268603791437,0.4765728769415424
2024-11-21 00:00:00+00:00,2024-11,0,0.48263268603791437,0.4765728769415424
2024-11-21 00:00:00+00:00,2024-11,0,0.38158097799931157,0.4948141306234301
2024-11-21 00:00:00+00:00,2024-11,0,0.38158097799931157,0.4948141306234301
2024-11-21 00:00:00+00:00,2024-11,0,0.38158097799931157,0.4948141306234301
2024-11-21 00:00:00+00:00,2024-11,0,0.38158097799931157,0.4948141306234301
2024-11-21 00:00:00+00:00,2024-11,0,0.38158097799931157,0.4948141306234301
2024-11-21 00:00:00+00:00,2024-11,0,0.38158097799931157,0.4948141306234301
2024-11-21 00:00:00+00:00,2024-11,0,0.38158097799931157,0.4948141306234301
2024-11-21 00:00:00+00:00,2024-11,0,0.38158097799931157,0.4948141306234301
2024-11-27 00:00:00+00:00,2024-11,1,0.42205808440370746,0.4075880130260149
2024-11-27 00:00:00+00:00,2024-11,1,0.42205808440370746,0.4075880130260149
2024-11-27 00:00:00+00:00,2024-11,0,0.42205808440370746,0.4075880130260149
2024-11-27 00:00:00+00:00,2024-11,0,0.42205808440370746,0.4075880130260149
2024-11-27 00:00:00+00:00,2024-11,0,0.42205808440370746,0.4075880130260149
2024-11-27 00:00:00+00:00,2024-11,0,0.42205808440370746,0.4075880130260149
2024-11-27 00:00:00+00:00,2024-11,0,0.42205808440370746,0.4075880130260149
2024-11-28 00:00:00+00:00,2024-11,0,0.6114403435843399,0.4940822192669068
2024-11-28 00:00:00+00:00,2024-11,0,0.6114403435843399,0.4940822192669068
2024-11-28 00:00:00+00:00,2024-11,0,0.6114403435843399,0.4940822192669068
2024-11-28 00:00:00+00:00,2024-11,0,0.6114403435843399,0.4940822192669068
2024-11-28 00:00:00+00:00,2024-11,0,0.6114403435843399,0.4940822192669068
2024-11-28 00:00:00+00:00,2024-11,0,0.6114403435843399,0.4940822192669068
2024-11-28 00:00:00+00:00,2024-11,0,0.6114403435843399,0.4940822192669068
2024-12-02 00:00:00+00:00,2024-12,0,0.4936526779428479,0.33969868589868146
2024-12-02 00:00:00+00:00,2024-12,0,0.4936526779428479,0.33969868589868146
2024-12-02 00:00:00+00:00,2024-12,0,0.4936526779428479,0.33969868589868146
2024-12-02 00:00:00+00:00,2024-12,0,0.4936526779428479,0.33969868589868146
2024-12-02 00:00:00+00:00,2024-12,0,0.4936526779428479,0.33969868589868146
2024-12-02 00:00:00+00:00,2024-12,0,0.4936526779428479,0.33969868589868146
2024-12-09 00:00:00+00:00,2024-12,1,0.4128078177561418,0.5072609581772398
2024-12-09 00:00:00+00:00,2024-12,0,0.4128078177561418,0.5072609581772398
2024-12-09 00:00:00+00:00,2024-12,0,0.4128078177561418,0.5072609581772398
2024-12-09 00:00:00+00:00,2024-12,0,0.4128078177561418,0.5072609581772398
2024-12-09 00:00:00+00:00,2024-12,0,0.48477356761553236,0.405736779409903
2024-12-09 00:00:00+00:00,2024-12,0,0.48477356761553236,0.405736779409903
2024-12-09 00:00:00+00:00,2024-12,0,0.48477356761553236,0.405736779409903
2024-12-10 00:00:00+00:00,2024-12,0,0.5065792727788678,0.4500938414646998
2024-12-10 00:00:00+00:00,2024-12,0,0.5065792727788678,0.4500938414646998
2024-12-10 00:00:00+00:00,2024-12,0,0.5065792727788678,0.4500938318967664
2024-12-10 00:00:00+00:00,2024-12,0,0.5065792727788678,0.4500938318967664
2024-12-10 00:00:00+00:00,2024-12,0,0.5065792727788678,0.4500938414646998
2024-12-10 00:00:00+00:00,2024-12,0,0.5065792727788678,0.4500938414646998
2024-12-10 00:00:00+00:00,2024-12,1,0.5065792727788678,0.4500938318967664
2024-12-11 00:00:00+00:00,2024-12,0,0.4412561157731041,0.5836702935187303
2024-12-13 00:00:00+00:00,2024-12,0,0.5153121759808572,0.4870707134547995
2024-12-13 00:00:00+00:00,2024-12,0,0.5153121759808572,0.4870707134547995
2024-12-13 00:00:00+00:00,2024-12,1,0.5153121759808572,0.4870707134547995
2024-12-13 00:00:00+00:00,2024-12,0,0.49001559475204115,0.40064284785079324
2024-12-13 00:00:00+00:00,2024-12,0,0.49001559475204115,0.40064284785079324
2024-12-13 00:00:00+00:00,2024-12,0,0.49001559475204115,0.40064284785079324
2024-12-17 00:00:00+00:00,2024-12,1,0.4465038758184983,0.4868455444467652
2024-12-17 00:00:00+00:00,2024-12,0,0.4465038758184983,0.4868455444467652
2024-12-17 00:00:00+00:00,2024-12,0,0.4465038758184983,0.4868455444467652
2024-12-17 00:00:00+00:00,2024-12,0,0.4465038758184983,0.4868455444467652
2024-12-17 00:00:00+00:00,2024-12,0,0.41002153133343605,0.482632438672419
2024-12-17 00:00:00+00:00,2024-12,0,0.41002153133343605,0.482632438672419
2024-12-17 00:00:00+00:00,2024-12,0,0.41002153133343605,0.482632438672419
2024-12-17 00:00:00+00:00,2024-12,0,0.41002153133343605,0.482632438672419
2024-12-17 00:00:00+00:00,2024-12,0,0.41002153133343605,0.482632438672419
2024-12-17 00:00:00+00:00,2024-12,0,0.41002153133343605,0.482632438672419
2024-12-17 00:00:00+00:00,2024-12,0,0.41002153133343605,0.482632438672419
2024-12-17 00:00:00+00:00,2024-12,0,0.41002153133343605,0.482632438672419
2024-12-19 00:00:00+00:00,2024-12,0,0.5348943639936415,0.5639482734355786
2024-12-19 00:00:00+00:00,2024-12,0,0.5348943639936415,0.5639482734355786
2024-12-19 00:00:00+00:00,2024-12,0,0.5348943639936415,0.5639482734355786
2024-12-19 00:00:00+00:00,2024-12,0,0.5348943639936415,0.5639482734355786
2024-12-19 00:00:00+00:00,2024-12,0,0.5348943639936415,0.5639482734355786
2024-12-19 00:00:00+00:00,2024-12,0,0.5348943639936415,0.5639482734355786
2024-12-19 00:00:00+00:00,2024-12,0,0.5348943639936415,0.5639482734355786
2024-12-19 00:00:00+00:00,2024-12,1,0.4700201773587375,0.553275351167123
2024-12-19 00:00:00+00:00,2024-12,1,0.4700201773587375,0.553275351167123
2024-12-19 00:00:00+00:00,2024-12,0,0.4700201773587375,0.553275351167123
2024-12-19 00:00:00+00:00,2024-12,0,0.4700201773587375,0.553275351167123
2024-12-19 00:00:00+00:00,2024-12,0,0.4700201773587375,0.553275351167123
2024-12-19 00:00:00+00:00,2024-12,0,0.4700201773587375,0.553275351167123
2024-12-19 00:00:00+00:00,2024-12,0,0.4700201773587375,0.553275351167123
2024-01-04 00:00:00+00:00,2024-01,0,0.4804391670059828,0.5129226643664069
2024-01-04 00:00:00+00:00,2024-01,0,0.4804391670059828,0.5129226643664069
2024-01-04 00:00:00+00:00,2024-01,0,0.4804391670059828,0.5129226643664069
2024-01-05 00:00:00+00:00,2024-01,0,0.39016888831864943,0.4489329828584189
2024-01-05 00:00:00+00:00,2024-01,0,0.39016888831864943,0.4489329828584189
2024-01-05 00:00:00+00:00,2024-01,0,0.39016888831864943,0.4489329828584189
2024-01-05 00:00:00+00:00,2024-01,0,0.39016888831864943,0.4489329828584189
2024-01-05 00:00:00+00:00,2024-01,0,0.39016888831864943,0.4489329828584189
2024-01-05 00:00:00+00:00,2024-01,0,0.39016888831864943,0.4489329828584189
2024-01-19 00:00:00+00:00,2024-01,1,0.44019985022708097,0.5500334769892772
2024-01-19 00:00:00+00:00,2024-01,0,0.44019985022708097,0.5500334769892772
2024-01-19 00:00:00+00:00,2024-01,0,0.44019985022708097,0.5500334769892772
2024-01-19 00:00:00+00:00,2024-01,0,0.44019985022708097,0.5500334769892772
2024-01-19 00:00:00+00:00,2024-01,1,0.44019985022708097,0.5500334769892772
2024-01-19 00:00:00+00:00,2024-01,0,0.44019985022708097,0.5500334769892772
2024-01-19 00:00:00+00:00,2024-01,0,0.44019985022708097,0.5500334769892772
2024-01-19 00:00:00+00:00,2024-01,0,0.44019985022708097,0.5500334769892772
2024-02-09 00:00:00+00:00,2024-02,0,0.4657776074873681,0.4814729945727149
2024-02-09 00:00:00+00:00,2024-02,1,0.4657776074873681,0.4814729945727149
2024-02-09 00:00:00+00:00,2024-02,0,0.4657776074873681,0.4814729945727149
2024-02-09 00:00:00+00:00,2024-02,0,0.4657776074873681,0.4814729945727149
2024-02-09 00:00:00+00:00,2024-02,0,0.4657776074873681,0.4814729945727149
2024-02-09 00:00:00+00:00,2024-02,0,0.4657776074873681,0.4814729945727149
2024-03-13 00:00:00+00:00,2024-03,0,0.4860977593832141,0.42949759436967055
2024-03-13 00:00:00+00:00,2024-03,0,0.4860977593832141,0.42949759436967055
2024-03-13 00:00:00+00:00,2024-03,0,0.4860977593832141,0.42949759436967055
2024-03-13 00:00:00+00:00,2024-03,0,0.4860977593832141,0.42949759436967055
2024-03-13 00:00:00+00:00,2024-03,0,0.4860977593832141,0.42949759436967055
2024-03-13 00:00:00+00:00,2024-03,0,0.4860977593832141,0.42949759436967055
2024-03-13 00:00:00+00:00,2024-03,0,0.4860977593832141,0.42949759436967055
2024-04-02 00:00:00+00:00,2024-04,0,0.3973968517960225,0.4531009597766056
2024-04-02 00:00:00+00:00,2024-04,0,0.3973968517960225,0.4531009597766056
2024-04-02 00:00:00+00:00,2024-04,0,0.3973968517960225,0.4531009597766056
2024-04-02 00:00:00+00:00,2024-04,0,0.3973968517960225,0.4531009597766056
2024-04-02 00:00:00+00:00,2024-04,0,0.3973968517960225,0.4531009597766056
2024-06-17 00:00:00+00:00,2024-06,0,0.4546127643740244,0.5250401696096105
2024-06-17 00:00:00+00:00,2024-06,0,0.4546127643740244,0.5250401696096105
2024-06-17 00:00:00+00:00,2024-06,0,0.4546127643740244,0.5250401696096105
2024-06-17 00:00:00+00:00,2024-06,0,0.4546127643740244,0.5250401696096105
2024-06-17 00:00:00+00:00,2024-06,0,0.4546127643740244,0.5250401696096105
2024-06-17 00:00:00+00:00,2024-06,0,0.4546127643740244,0.5250401696096105
2024-06-17 00:00:00+00:00,2024-06,0,0.4546127643740244,0.5250401696096105
2024-07-22 00:00:00+00:00,2024-07,0,0.36075968060337277,0.4196120233251639
2024-07-22 00:00:00+00:00,2024-07,0,0.36075968060337277,0.4196120233251639
2024-07-22 00:00:00+00:00,2024-07,0,0.36075968060337277,0.4196120233251639
2024-07-22 00:00:00+00:00,2024-07,1,0.36075968060337277,0.4196120233251639
2024-07-22 00:00:00+00:00,2024-07,0,0.36075968060337277,0.4196120233251639
2024-07-24 00:00:00+00:00,2024-07,0,0.4538512082306841,0.45263162736588003
2024-07-24 00:00:00+00:00,2024-07,0,0.4538512082306841,0.45263162736588003
2024-07-24 00:00:00+00:00,2024-07,0,0.4538512082306841,0.45263162736588003
2024-07-24 00:00:00+00:00,2024-07,0,0.4538512082306841,0.45263162736588003
2024-07-24 00:00:00+00:00,2024-07,0,0.4538512082306841,0.45263162736588003
2024-07-24 00:00:00+00:00,2024-07,0,0.4538512082306841,0.45263162736588003
2024-08-23 00:00:00+00:00,2024-08,0,0.4668304230746141,0.3050292158555298
2024-08-23 00:00:00+00:00,2024-08,0,0.4668304230746141,0.3050292158555298
2024-08-23 00:00:00+00:00,2024-08,0,0.4668304230746141,0.3050292158555298
2024-08-23 00:00:00+00:00,2024-08,0,0.4668304230746141,0.3050292158555298
2024-08-23 00:00:00+00:00,2024-08,0,0.4668304230746141,0.3050292158555298
2024-08-23 00:00:00+00:00,2024-08,0,0.4668304230746141,0.3050292158555298
2024-08-23 00:00:00+00:00,2024-08,0,0.4668304230746141,0.3050292158555298
2024-08-23 00:00:00+00:00,2024-08,0,0.4668304230746141,0.3050292158555298
2024-09-10 00:00:00+00:00,2024-09,0,0.5670493045099829,0.5885283321451413
2024-09-10 00:00:00+00:00,2024-09,0,0.5670493045099829,0.5885283321451413
2024-09-10 00:00:00+00:00,2024-09,0,0.5670493045099829,0.5885283321451413
2024-09-10 00:00:00+00:00,2024-09,0,0.5670493045099829,0.5885283321451413
2024-09-10 00:00:00+00:00,2024-09,0,0.5670493045099829,0.5885283321451413
2024-09-10 00:00:00+00:00,2024-09,0,0.5670493045099829,0.5885283321451413
2024-09-10 00:00:00+00:00,2024-09,0,0.5670493045099829,0.5885283321451413
2024-10-17 00:00:00+00:00,2024-10,0,0.5069169821188111,0.5381972069437589
2024-10-17 00:00:00+00:00,2024-10,0,0.5069169821188111,0.5381972069437589
2024-10-17 00:00:00+00:00,2024-10,1,0.5069169821188111,0.5381972069437589
2024-10-17 00:00:00+00:00,2024-10,0,0.5069169821188111,0.5381972069437589
2024-10-17 00:00:00+00:00,2024-10,0,0.5069169821188111,0.5381972069437589
2024-10-17 00:00:00+00:00,2024-10,0,0.5069169821188111,0.5381972069437589
2024-10-17 00:00:00+00:00,2024-10,0,0.5069169821188111,0.5381972069437589
2024-11-04 00:00:00+00:00,2024-11,0,0.6335906156909933,0.5862115136500878
2024-11-04 00:00:00+00:00,2024-11,0,0.6335906156909933,0.5862115136500878
2024-11-04 00:00:00+00:00,2024-11,0,0.6335906156909933,0.5862115136500878
2024-11-04 00:00:00+00:00,2024-11,0,0.6335906156909933,0.5862115136500878
2024-11-04 00:00:00+00:00,2024-11,0,0.6335906156909933,0.5862115136500878
2024-11-04 00:00:00+00:00,2024-11,0,0.6335906156909933,0.5862115136500878
2024-11-04 00:00:00+00:00,2024-11,0,0.6335906156909933,0.5862115136500878
2024-11-04 00:00:00+00:00,2024-11,0,0.6335906156909933,0.5862115136500878
2024-12-04 00:00:00+00:00,2024-12,0,0.5793369126424134,0.5404517216713058
2024-12-04 00:00:00+00:00,2024-12,0,0.5793369126424134,0.5404517216713058
2024-12-04 00:00:00+00:00,2024-12,1,0.5793369126424134,0.5404517216713058
2024-12-04 00:00:00+00:00,2024-12,0,0.5793369126424134,0.5404517216713058
2024-12-04 00:00:00+00:00,2024-12,0,0.5793369126424134,0.5404517216713058
2024-12-04 00:00:00+00:00,2024-12,0,0.5793369126424134,0.5404517216713058
2025-01-08 00:00:00+00:00,2025-01,0,0.5580851754976235,0.6528456923552806
2025-01-08 00:00:00+00:00,2025-01,0,0.5580851754976235,0.6528456923552806
2025-01-08 00:00:00+00:00,2025-01,0,0.5580851754976235,0.6528456923552806
2025-01-08 00:00:00+00:00,2025-01,0,0.5580851754976235,0.6528456923552806
2025-01-08 00:00:00+00:00,2025-01,0,0.5580851754976235,0.6528456923552806
2025-01-08 00:00:00+00:00,2025-01,1,0.4125793176031941,0.32594210098157195
2025-01-08 00:00:00+00:00,2025-01,0,0.4125793176031941,0.32594210098157195
2025-01-08 00:00:00+00:00,2025-01,0,0.4125793176031941,0.32594210098157195
2025-01-08 00:00:00+00:00,2025-01,0,0.4125793176031941,0.32594210098157195
2025-01-08 00:00:00+00:00,2025-01,0,0.4125793176031941,0.32594210098157195
2025-01-08 00:00:00+00:00,2025-01,0,0.4125793176031941,0.32594210098157195
2025-01-08 00:00:00+00:00,2025-01,0,0.4125793176031941,0.32594210098157195
2025-01-08 00:00:00+00:00,2025-01,1,0.5687814400425399,0.6632537849411121
2025-01-08 00:00:00+00:00,2025-01,0,0.5687814400425399,0.6632537849411121
2025-01-08 00:00:00+00:00,2025-01,0,0.5687814400425399,0.6632537849411121
2025-01-08 00:00:00+00:00,2025-01,0,0.5687814400425399,0.6632537849411121
2025-01-08 00:00:00+00:00,2025-01,0,0.5687814400425399,0.6632537849411121
2025-01-08 00:00:00+00:00,2025-01,0,0.5687814400425399,0.6632537849411121
2025-01-08 00:00:00+00:00,2025-01,0,0.5687814400425399,0.6632537849411121
2025-01-08 00:00:00+00:00,2025-01,0,0.5846617402136102,0.49437152445665067
2025-01-08 00:00:00+00:00,2025-01,0,0.5846617402136102,0.49437152445665067
2025-01-08 00:00:00+00:00,2025-01,0,0.5846617402136102,0.49437152445665067
2025-01-08 00:00:00+00:00,2025-01,0,0.5846617402136102,0.49437152445665067
2025-01-08 00:00:00+00:00,2025-01,0,0.5846617402136102,0.49437152445665067
2025-01-08 00:00:00+00:00,2025-01,0,0.5846617402136102,0.49437152445665067
2025-01-08 00:00:00+00:00,2025-01,0,0.5846617402136102,0.49437152445665067
2025-01-08 00:00:00+00:00,2025-01,0,0.5846617402136102,0.49437152445665067
2025-01-08 00:00:00+00:00,2025-01,0,0.602795012389076,0.5855053936139855
2025-01-08 00:00:00+00:00,2025-01,0,0.602795012389076,0.5855053936139855
2025-01-08 00:00:00+00:00,2025-01,0,0.602795012389076,0.5855053936139855
2025-01-08 00:00:00+00:00,2025-01,0,0.602795012389076,0.5855053936139855
2025-01-08 00:00:00+00:00,2025-01,0,0.602795012389076,0.5855053936139855
2025-01-15 00:00:00+00:00,2025-01,0,0.5516425489554233,0.45516894575953243
2025-01-15 00:00:00+00:00,2025-01,0,0.5516425489554233,0.45516894575953243
2025-01-15 00:00:00+00:00,2025-01,0,0.5516425489554233,0.45516894575953243
2025-01-15 00:00:00+00:00,2025-01,0,0.5516425489554233,0.45516894575953243
2025-01-15 00:00:00+00:00,2025-01,0,0.5516425489554233,0.45516894575953243
2025-01-16 00:00:00+00:00,2025-01,1,0.39502388935464905,0.417578120944526
2025-01-16 00:00:00+00:00,2025-01,0,0.39502388935464905,0.417578120944526
2025-01-16 00:00:00+00:00,2025-01,0,0.39502388935464905,0.417578120944526
2025-01-16 00:00:00+00:00,2025-01,0,0.39502388935464905,0.417578120944526
2025-01-16 00:00:00+00:00,2025-01,0,0.39502388935464905,0.417578120944526
2025-01-16 00:00:00+00:00,2025-01,0,0.39502388935464905,0.417578120944526
2025-01-16 00:00:00+00:00,2025-01,0,0.39502388935464905,0.417578120944526
2025-01-16 00:00:00+00:00,2025-01,0,0.5155657854634879,0.425530148191364
2025-01-16 00:00:00+00:00,2025-01,0,0.5155657854634879,0.425530148191364
2025-01-16 00:00:00+00:00,2025-01,0,0.5155657854634879,0.425530148191364
2025-01-16 00:00:00+00:00,2025-01,0,0.49010090857590183,0.3503556285994306
2025-01-16 00:00:00+00:00,2025-01,0,0.49010090857590183,0.3503556285994306
2025-01-16 00:00:00+00:00,2025-01,0,0.49010090857590183,0.35035555516377054
2025-01-16 00:00:00+00:00,2025-01,1,0.49010090857590183,0.3503556285994306
2025-01-16 00:00:00+00:00,2025-01,0,0.49010090857590183,0.35035555516377054
2025-01-16 00:00:00+00:00,2025-01,0,0.49010090857590183,0.35035555516377054
2025-01-16 00:00:00+00:00,2025-01,0,0.49010090857590183,0.35035555516377054
2025-01-20 00:00:00+00:00,2025-01,0,0.4839926516446755,0.6348906823058719
2025-01-20 00:00:00+00:00,2025-01,0,0.4839926516446755,0.6348906823058719
2025-01-20 00:00:00+00:00,2025-01,0,0.4839926516446755,0.6348906823058719
2025-01-20 00:00:00+00:00,2025-01,0,0.4839926516446755,0.6348906823058719
2025-01-20 00:00:00+00:00,2025-01,0,0.4839926516446755,0.6348906823058719
2025-01-20 00:00:00+00:00,2025-01,0,0.49494394204921593,0.550399874039776
2025-01-20 00:00:00+00:00,2025-01,1,0.49494394204921593,0.550399874039776
2025-01-20 00:00:00+00:00,2025-01,0,0.49494394204921593,0.550399874039776
2025-01-20 00:00:00+00:00,2025-01,0,0.49494394204921593,0.550399874039776
2025-01-20 00:00:00+00:00,2025-01,0,0.49494394204921593,0.550399874039776
2025-01-20 00:00:00+00:00,2025-01,0,0.49548638071741,0.5338319555639194
2025-01-20 00:00:00+00:00,2025-01,0,0.49548638071741,0.5338319555639194
2025-01-20 00:00:00+00:00,2025-01,0,0.49548638071741,0.5338319555639194
2025-01-20 00:00:00+00:00,2025-01,0,0.49548638071741,0.5338319555639194
2025-01-20 00:00:00+00:00,2025-01,0,0.49548638071741,0.5338319555639194
2025-01-20 00:00:00+00:00,2025-01,0,0.49548638071741,0.5338319555639194
2025-01-20 00:00:00+00:00,2025-01,0,0.49548638071741,0.5338319555639194
2025-01-22 00:00:00+00:00,2025-01,0,0.49144274841026,0.5249250978510109
2025-01-22 00:00:00+00:00,2025-01,0,0.49144274841026,0.5249250978510109
2025-01-22 00:00:00+00:00,2025-01,0,0.49144274841026,0.5249250978510109
2025-01-22 00:00:00+00:00,2025-01,0,0.49144274841026,0.5249250978510109
2025-01-22 00:00:00+00:00,2025-01,0,0.49144274841026,0.5249250978510109
2025-01-22 00:00:00+00:00,2025-01,0,0.49144274841026,0.5249250978510109
2025-01-22 00:00:00+00:00,2025-01,0,0.49144274841026,0.5249250978510109
2025-01-22 00:00:00+00:00,2025-01,0,0.5294882090517523,0.5609600250236817
2025-01-22 00:00:00+00:00,2025-01,0,0.5294882090517523,0.5609600250236817
2025-01-22 00:00:00+00:00,2025-01,0,0.5294882090517523,0.5609600250236817
2025-01-22 00:00:00+00:00,2025-01,0,0.5294882090517523,0.5609600063008988
2025-01-22 00:00:00+00:00,2025-01,0,0.5294882090517523,0.5609600063008988
2025-01-22 00:00:00+00:00,2025-01,0,0.5294882090517523,0.5609600063008988
2025-01-22 00:00:00+00:00,2025-01,0,0.5294882090517523,0.5609600250236817
2025-01-24 00:00:00+00:00,2025-01,0,0.5426764662355084,0.5786490380651576
2025-01-24 00:00:00+00:00,2025-01,1,0.5426764662355084,0.5786490380651576
2025-01-24 00:00:00+00:00,2025-01,0,0.5426764662355084,0.5786490380651576
2025-01-24 00:00:00+00:00,2025-01,0,0.5426764662355084,0.5786490380651576
2025-01-24 00:00:00+00:00,2025-01,0,0.5426764662355084,0.5786490380651576
2025-01-24 00:00:00+00:00,2025-01,0,0.5426764662355084,0.5786490380651576
2025-01-24 00:00:00+00:00,2025-01,1,0.5426764662355084,0.5786490380651576
2025-01-24 00:00:00+00:00,2025-01,0,0.4436824190510813,0.47342257717886116
2025-01-24 00:00:00+00:00,2025-01,0,0.4436824190510813,0.47342257717886116
2025-01-24 00:00:00+00:00,2025-01,0,0.4436824190510813,0.47342257717886116
2025-01-24 00:00:00+00:00,2025-01,0,0.4436824190510813,0.47342257717886116
2025-01-24 00:00:00+00:00,2025-01,0,0.5114344399392153,0.5480238981297997
2025-01-24 00:00:00+00:00,2025-01,0,0.5114344399392153,0.5480238981297997
2025-01-27 00:00:00+00:00,2025-01,0,0.41112825222676147,0.5371624599203423
2025-01-27 00:00:00+00:00,2025-01,0,0.41112825222676147,0.5371624599203423
2025-01-27 00:00:00+00:00,2025-01,0,0.41112825222676147,0.5371624599203423
2025-01-27 00:00:00+00:00,2025-01,0,0.41112825222676147,0.5371624599203423
2025-01-27 00:00:00+00:00,2025-01,0,0.41112825222676147,0.5371624599203423
2025-01-27 00:00:00+00:00,2025-01,0,0.41112825222676147,0.5371624599203423
2025-01-27 00:00:00+00:00,2025-01,0,0.41112825222676147,0.5371624599203423
2025-01-28 00:00:00+00:00,2025-01,1,0.4418131447696721,0.47054396009193183
2025-01-28 00:00:00+00:00,2025-01,0,0.4418131447696721,0.47054396009193183
2025-01-28 00:00:00+00:00,2025-01,0,0.4418131447696721,0.47054396009193183
2025-01-28 00:00:00+00:00,2025-01,0,0.4418131447696721,0.47054396009193183
2025-01-28 00:00:00+00:00,2025-01,0,0.4418131447696721,0.47054396009193183
2025-01-28 00:00:00+00:00,2025-01,0,0.4418131447696721,0.47054396009193183
2025-01-28 00:00:00+00:00,2025-01,0,0.4418131447696721,0.47054396009193183
2025-01-28 00:00:00+00:00,2025-01,1,0.57527941349183,0.6571345876069817
2025-01-28 00:00:00+00:00,2025-01,0,0.57527941349183,0.6571345876069817
2025-01-28 00:00:00+00:00,2025-01,0,0.57527941349183,0.6571345876069817
2025-01-28 00:00:00+00:00,2025-01,0,0.57527941349183,0.6571345876069817
2025-01-28 00:00:00+00:00,2025-01,0,0.57527941349183,0.6571345876069817
2025-01-30 00:00:00+00:00,2025-01,0,0.5513234905085624,0.5448063597774033
2025-01-30 00:00:00+00:00,2025-01,0,0.5513234905085624,0.5448063597774033
2025-01-30 00:00:00+00:00,2025-01,0,0.5513234905085624,0.5448063597774033
2025-01-30 00:00:00+00:00,2025-01,0,0.5513234905085624,0.5448063597774033
2025-01-30 00:00:00+00:00,2025-01,0,0.5513234905085624,0.5448063597774033
2025-01-30 00:00:00+00:00,2025-01,0,0.5513234905085624,0.5448063597774033
2025-01-30 00:00:00+00:00,2025-01,0,0.5513234905085624,0.5448063597774033
2025-01-30 00:00:00+00:00,2025-01,0,0.46920458390254666,0.5545184672054555
2025-01-30 00:00:00+00:00,2025-01,0,0.46920458390254666,0.5545184672054555
2025-01-30 00:00:00+00:00,2025-01,1,0.46920458390254666,0.5545184672054555
2025-01-30 00:00:00+00:00,2025-01,0,0.46920458390254666,0.5545184672054555
2025-01-30 00:00:00+00:00,2025-01,0,0.46920458390254666,0.5545184672054555
2025-01-30 00:00:00+00:00,2025-01,0,0.46920458390254666,0.5545184672054555
2025-01-30 00:00:00+00:00,2025-01,0,0.46920458390254666,0.5545184672054555
2025-01-31 00:00:00+00:00,2025-01,1,0.5859484256981924,0.44287996110885763
2025-01-31 00:00:00+00:00,2025-01,0,0.5859484256981924,0.44287996110885763
2025-01-31 00:00:00+00:00,2025-01,0,0.5859484256981924,0.44287996110885763
2025-01-31 00:00:00+00:00,2025-01,0,0.5859484256981924,0.44287996110885763
2025-01-31 00:00:00+00:00,2025-01,1,0.5859484256981924,0.44287996110885763
2025-01-31 00:00:00+00:00,2025-01,0,0.5859484256981924,0.44287996110885763
2025-02-07 00:00:00+00:00,2025-02,0,0.4884595939170753,0.439956319916413
2025-02-07 00:00:00+00:00,2025-02,0,0.4884595939170753,0.439956319916413
2025-02-07 00:00:00+00:00,2025-02,0,0.4884595939170753,0.439956319916413
2025-02-07 00:00:00+00:00,2025-02,0,0.4884595939170753,0.439956319916413
2025-02-07 00:00:00+00:00,2025-02,0,0.4884595939170753,0.439956319916413
2025-02-07 00:00:00+00:00,2025-02,0,0.4884595939170753,0.439956319916413
2025-02-07 00:00:00+00:00,2025-02,0,0.4884595939170753,0.439956319916413
2025-02-07 00:00:00+00:00,2025-02,0,0.4884595939170753,0.439956319916413
2025-02-07 00:00:00+00:00,2025-02,0,0.4777842439782785,0.5293427696946624
2025-02-07 00:00:00+00:00,2025-02,0,0.4777842439782785,0.5293427696946624
2025-02-07 00:00:00+00:00,2025-02,1,0.4777842439782785,0.5293427696946624
2025-02-07 00:00:00+00:00,2025-02,0,0.498757097456033,0.5778088323566777
2025-02-07 00:00:00+00:00,2025-02,0,0.498757097456033,0.5778088323566777
2025-02-07 00:00:00+00:00,2025-02,0,0.498757097456033,0.5778088323566777
2025-02-07 00:00:00+00:00,2025-02,0,0.498757097456033,0.5778088323566777
2025-02-07 00:00:00+00:00,2025-02,0,0.498757097456033,0.5778088323566777
2025-02-07 00:00:00+00:00,2025-02,0,0.498757097456033,0.5778088323566777
2025-02-11 00:00:00+00:00,2025-02,1,0.5550732315504406,0.6179123408089208
2025-02-11 00:00:00+00:00,2025-02,0,0.5550732315504406,0.6179123408089208
2025-02-11 00:00:00+00:00,2025-02,0,0.5550732315504406,0.6179123408089208
2025-02-11 00:00:00+00:00,2025-02,0,0.5550732315504406,0.6179123408089208
2025-02-11 00:00:00+00:00,2025-02,0,0.5550732315504406,0.6179123408089208
2025-02-19 00:00:00+00:00,2025-02,0,0.4373259726734899,0.4649413159139199
2025-02-19 00:00:00+00:00,2025-02,0,0.4373259726734899,0.4649413159139199
2025-02-19 00:00:00+00:00,2025-02,0,0.4373259726734899,0.4649413159139199
2025-02-19 00:00:00+00:00,2025-02,1,0.4373259726734899,0.4649413159139199
2025-02-19 00:00:00+00:00,2025-02,1,0.4373259726734899,0.4649413159139199
2025-02-19 00:00:00+00:00,2025-02,1,0.4373259726734899,0.4649413159139199
2025-02-19 00:00:00+00:00,2025-02,0,0.4373259726734899,0.4649413159139199
2025-02-19 00:00:00+00:00,2025-02,0,0.4373259726734899,0.4649413159139199
2025-02-19 00:00:00+00:00,2025-02,0,0.47220335383921086,0.40139415984091964
2025-02-19 00:00:00+00:00,2025-02,0,0.47220335383921086,0.40139415984091964
2025-02-19 00:00:00+00:00,2025-02,0,0.47220335383921086,0.40139415984091964
2025-02-19 00:00:00+00:00,2025-02,1,0.47220335383921086,0.40139415984091964
2025-02-19 00:00:00+00:00,2025-02,0,0.47220335383921086,0.40139415984091964
2025-02-19 00:00:00+00:00,2025-02,1,0.47220335383921086,0.40139415984091964
2025-02-19 00:00:00+00:00,2025-02,0,0.47220335383921086,0.40139415984091964
2025-02-19 00:00:00+00:00,2025-02,0,0.47220335383921086,0.40139415984091964
2025-02-19 00:00:00+00:00,2025-02,0,0.4833909567002866,0.5356439139146956
2025-02-19 00:00:00+00:00,2025-02,0,0.4833909567002866,0.5356439139146956
2025-02-19 00:00:00+00:00,2025-02,0,0.4833909567002866,0.5356439139146956
2025-02-19 00:00:00+00:00,2025-02,0,0.4833909567002866,0.5356439139146956
2025-02-19 00:00:00+00:00,2025-02,0,0.4833909567002866,0.5356439139146956
2025-02-19 00:00:00+00:00,2025-02,0,0.4833909567002866,0.5356439139146956
2025-02-19 00:00:00+00:00,2025-02,0,0.4833909567002866,0.5356439139146956
2025-02-19 00:00:00+00:00,2025-02,0,0.39156829063198917,0.4932043049255729
2025-02-19 00:00:00+00:00,2025-02,1,0.39156829063198917,0.4932043049255729
2025-02-19 00:00:00+00:00,2025-02,1,0.39156829063198917,0.4932043049255729
2025-02-19 00:00:00+00:00,2025-02,1,0.39156829063198917,0.4932043049255729
2025-02-19 00:00:00+00:00,2025-02,0,0.39156829063198917,0.4932043049255729
2025-02-19 00:00:00+00:00,2025-02,0,0.42060861919140297,0.3843015727487516
2025-02-19 00:00:00+00:00,2025-02,0,0.42060861919140297,0.3843015727487516
2025-02-19 00:00:00+00:00,2025-02,0,0.42060861919140297,0.3843015727487516
2025-02-19 00:00:00+00:00,2025-02,0,0.42060861919140297,0.3843015727487516
2025-02-19 00:00:00+00:00,2025-02,0,0.42060861919140297,0.3843015727487516
2025-02-19 00:00:00+00:00,2025-02,0,0.42060861919140297,0.3843015727487516
2025-02-19 00:00:00+00:00,2025-02,0,0.42060861919140297,0.3843015727487516
2025-02-21 00:00:00+00:00,2025-02,0,0.4780542138178012,0.532510965314304
2025-02-21 00:00:00+00:00,2025-02,0,0.4780542138178012,0.532510965314304
2025-02-21 00:00:00+00:00,2025-02,0,0.4780542138178012,0.532510965314304
2025-02-21 00:00:00+00:00,2025-02,0,0.4780542138178012,0.532510965314304
2025-02-21 00:00:00+00:00,2025-02,0,0.4780542138178012,0.532510965314304
2025-02-21 00:00:00+00:00,2025-02,0,0.4780542138178012,0.532510965314304
2025-02-24 00:00:00+00:00,2025-02,1,0.414175219884844,0.3698179259029976
2025-02-24 00:00:00+00:00,2025-02,0,0.414175219884844,0.3698179259029976
2025-02-24 00:00:00+00:00,2025-02,0,0.414175219884844,0.3698179259029976
2025-02-24 00:00:00+00:00,2025-02,0,0.414175219884844,0.3698179259029976
2025-02-24 00:00:00+00:00,2025-02,0,0.414175219884844,0.3698179259029976
2025-02-24 00:00:00+00:00,2025-02,0,0.414175219884844,0.3698179259029976
2025-02-24 00:00:00+00:00,2025-02,0,0.414175219884844,0.3698179259029976
2025-02-24 00:00:00+00:00,2025-02,0,0.414175219884844,0.3698179259029976
2025-02-26 00:00:00+00:00,2025-02,1,0.5473490478033982,0.670419690798858
2025-02-26 00:00:00+00:00,2025-02,0,0.5473490478033982,0.670419690798858
2025-02-26 00:00:00+00:00,2025-02,0,0.5473490478033982,0.670419690798858
2025-02-26 00:00:00+00:00,2025-02,0,0.5473490478033982,0.670419690798858
2025-02-26 00:00:00+00:00,2025-02,0,0.5473490478033982,0.670419690798858
2025-02-26 00:00:00+00:00,2025-02,0,0.519982270068125,0.5461004353598293
2025-02-26 00:00:00+00:00,2025-02,0,0.519982270068125,0.5461004353598293
2025-02-26 00:00:00+00:00,2025-02,1,0.519982270068125,0.5461004353598293
2025-02-26 00:00:00+00:00,2025-02,0,0.519982270068125,0.5461004353598293
2025-02-26 00:00:00+00:00,2025-02,0,0.519982270068125,0.5461004353598293
2025-02-26 00:00:00+00:00,2025-02,0,0.519982270068125,0.5461004353598293
2025-02-26 00:00:00+00:00,2025-02,0,0.519982270068125,0.5461004353598293
2025-02-26 00:00:00+00:00,2025-02,0,0.519982270068125,0.5461004353598293
2025-03-04 00:00:00+00:00,2025-03,0,0.3704677430754909,0.3055659555565629
2025-03-04 00:00:00+00:00,2025-03,1,0.3704677430754909,0.3055659555565629
2025-03-04 00:00:00+00:00,2025-03,0,0.3704677430754909,0.3055659555565629
2025-03-04 00:00:00+00:00,2025-03,0,0.3704677430754909,0.3055659555565629
2025-03-04 00:00:00+00:00,2025-03,0,0.3704677430754909,0.3055659555565629
2025-03-14 00:00:00+00:00,2025-03,0,0.4705829322129926,0.43739787040438194
2025-03-14 00:00:00+00:00,2025-03,0,0.4705829322129926,0.43739787040438194
2025-03-14 00:00:00+00:00,2025-03,0,0.4705829322129926,0.43739787040438194
2025-03-14 00:00:00+00:00,2025-03,0,0.4705829322129926,0.43739787040438194
2025-03-14 00:00:00+00:00,2025-03,0,0.4705829322129926,0.43739787040438194
2025-03-14 00:00:00+00:00,2025-03,1,0.4705829322129926,0.43739787040438194
2025-03-18 00:00:00+00:00,2025-03,0,0.23287801747031087,0.5425228793275569
2025-03-18 00:00:00+00:00,2025-03,0,0.23287801747031087,0.5425228793275569
2025-03-18 00:00:00+00:00,2025-03,0,0.23287801747031087,0.5425228793275569
2025-03-18 00:00:00+00:00,2025-03,0,0.23287801747031087,0.5425228793275569
2025-03-18 00:00:00+00:00,2025-03,0,0.23287801747031087,0.5425228793275569
2025-03-18 00:00:00+00:00,2025-03,0,0.23287801747031087,0.5425228793275569
2025-03-18 00:00:00+00:00,2025-03,0,0.23287801747031087,0.5425228793275569
2025-03-18 00:00:00+00:00,2025-03,0,0.23287801747031087,0.5425228793275569
2025-03-19 00:00:00+00:00,2025-03,0,0.4048672889421133,0.435186804901379
2025-03-19 00:00:00+00:00,2025-03,0,0.4048672889421133,0.435186804901379
2025-03-19 00:00:00+00:00,2025-03,0,0.4048672889421133,0.435186804901379
2025-03-19 00:00:00+00:00,2025-03,0,0.4048672889421133,0.435186804901379
2025-03-19 00:00:00+00:00,2025-03,0,0.4048672889421133,0.435186804901379
2025-03-19 00:00:00+00:00,2025-03,0,0.4048672889421133,0.435186804901379
2025-03-24 00:00:00+00:00,2025-03,0,0.5376964158946025,0.6109357583879552
2025-03-24 00:00:00+00:00,2025-03,0,0.5376964158946025,0.6109357583879552
2025-03-24 00:00:00+00:00,2025-03,0,0.5376964158946025,0.6109357583879552
2025-03-24 00:00:00+00:00,2025-03,0,0.5376964158946025,0.6109357583879552
2025-03-24 00:00:00+00:00,2025-03,0,0.5376964158946025,0.6109357583879552
2025-03-24 00:00:00+00:00,2025-03,0,0.5376964158946025,0.6109357583879552
2025-03-24 00:00:00+00:00,2025-03,0,0.5376964158946025,0.6109357583879552
2025-03-24 00:00:00+00:00,2025-03,0,0.49730588429348144,0.5716285270511837
2025-03-24 00:00:00+00:00,2025-03,0,0.49730588429348144,0.5716285270511837
2025-03-24 00:00:00+00:00,2025-03,0,0.49730588429348144,0.5716285270511837
2025-03-24 00:00:00+00:00,2025-03,0,0.49730588429348144,0.5716285270511837
2025-03-24 00:00:00+00:00,2025-03,0,0.49730588429348144,0.5716285270511837
2025-03-24 00:00:00+00:00,2025-03,1,0.49730588429348144,0.5716285270511837
2025-03-24 00:00:00+00:00,2025-03,0,0.4840778902392594,0.5619465930025681
2025-03-24 00:00:00+00:00,2025-03,0,0.4840778902392594,0.5619465930025681
2025-03-24 00:00:00+00:00,2025-03,1,0.4840778902392594,0.5619465930025681
2025-03-24 00:00:00+00:00,2025-03,0,0.4796211471467793,0.4207997299302181
2025-03-24 00:00:00+00:00,2025-03,1,0.4796211471467793,0.4207997299302181
2025-03-24 00:00:00+00:00,2025-03,0,0.4796211471467793,0.4207997299302181
2025-03-24 00:00:00+00:00,2025-03,0,0.4796211471467793,0.4207997299302181
2025-03-24 00:00:00+00:00,2025-03,0,0.4796211471467793,0.4207997299302181
2025-03-26 00:00:00+00:00,2025-03,0,0.611724694641037,0.6486252179277885
2025-03-26 00:00:00+00:00,2025-03,0,0.611724694641037,0.6486252179277885
2025-03-26 00:00:00+00:00,2025-03,1,0.611724694641037,0.6486252179277885
2025-03-26 00:00:00+00:00,2025-03,1,0.611724694641037,0.6486252179277885
2025-03-26 00:00:00+00:00,2025-03,0,0.611724694641037,0.6486252179277885
2025-04-01 00:00:00+00:00,2025-04,0,0.5080212017207428,0.512343062172075
2025-04-01 00:00:00+00:00,2025-04,0,0.5080212017207428,0.512343062172075
2025-04-01 00:00:00+00:00,2025-04,0,0.5080212017207428,0.512343062172075
2025-04-01 00:00:00+00:00,2025-04,0,0.5080212017207428,0.512343062172075
2025-04-01 00:00:00+00:00,2025-04,0,0.5080212017207428,0.512343062172075
2025-04-28 00:00:00+00:00,2025-04,0,0.5536642516378374,0.5259695828126466
2025-04-28 00:00:00+00:00,2025-04,0,0.5536642516378374,0.5259695828126466
2025-04-28 00:00:00+00:00,2025-04,0,0.5052421950844214,0.5378724898553344
2025-04-28 00:00:00+00:00,2025-04,0,0.5052421950844214,0.5378724898553344
2025-04-28 00:00:00+00:00,2025-04,0,0.5052421950844214,0.5378724898553344
2025-04-28 00:00:00+00:00,2025-04,0,0.5052421950844214,0.5378724898553344
2025-04-28 00:00:00+00:00,2025-04,0,0.5052421950844214,0.5378724898553344
2025-04-29 00:00:00+00:00,2025-04,0,0.5035110738483337,0.5127591627460264
2025-04-29 00:00:00+00:00,2025-04,0,0.5035110738483337,0.5127591627460264
2025-04-29 00:00:00+00:00,2025-04,0,0.5035110738483337,0.5127591627460264
2025-04-29 00:00:00+00:00,2025-04,0,0.5035110738483337,0.5127591627460264
2025-04-29 00:00:00+00:00,2025-04,0,0.5035110738483337,0.5127591627460264
2025-04-29 00:00:00+00:00,2025-04,0,0.5035110738483337,0.5127591627460264
2025-04-29 00:00:00+00:00,2025-04,0,0.5035110738483337,0.5127591627460264
2025-05-08 00:00:00+00:00,2025-05,0,0.3873434792129341,0.4346306800095264
2025-05-08 00:00:00+00:00,2025-05,0,0.3873434792129341,0.4346306800095264
2025-05-08 00:00:00+00:00,2025-05,0,0.3873434792129341,0.4346306800095264
2025-05-08 00:00:00+00:00,2025-05,1,0.3873434792129341,0.4346306800095264
2025-05-08 00:00:00+00:00,2025-05,0,0.3873434792129341,0.4346306800095264
2025-05-08 00:00:00+00:00,2025-05,0,0.3873434792129341,0.4346306800095264
2025-05-08 00:00:00+00:00,2025-05,0,0.3873434792129341,0.4346306800095264
2025-05-08 00:00:00+00:00,2025-05,0,0.3873434792129341,0.4346306800095264
2025-05-19 00:00:00+00:00,2025-05,0,0.5560240148496978,0.548317374661521
2025-05-19 00:00:00+00:00,2025-05,0,0.5560240148496978,0.548317374661521
2025-05-19 00:00:00+00:00,2025-05,0,0.5560240148496978,0.548317374661521
2025-05-19 00:00:00+00:00,2025-05,0,0.5560240148496978,0.548317374661521
2025-05-19 00:00:00+00:00,2025-05,0,0.5560240148496978,0.548317374661521
2025-05-19 00:00:00+00:00,2025-05,0,0.5560240148496978,0.548317374661521
2025-05-19 00:00:00+00:00,2025-05,0,0.6093399731752228,0.6306215741189708
2025-05-19 00:00:00+00:00,2025-05,0,0.6093399731752228,0.6306215741189708
2025-05-19 00:00:00+00:00,2025-05,0,0.6093399731752228,0.6306215741189708
2025-05-19 00:00:00+00:00,2025-05,0,0.6093399731752228,0.6306215741189708
2025-05-19 00:00:00+00:00,2025-05,0,0.6093399731752228,0.6306215741189708
2025-05-19 00:00:00+00:00,2025-05,0,0.6093399731752228,0.6306215741189708
2025-05-19 00:00:00+00:00,2025-05,0,0.6093399731752228,0.6306215741189708
2025-05-19 00:00:00+00:00,2025-05,0,0.46752533770779986,0.48902623468198103
2025-05-19 00:00:00+00:00,2025-05,0,0.46752533770779986,0.48902623468198103
2025-05-19 00:00:00+00:00,2025-05,0,0.46752533770779986,0.48902623468198103
2025-05-20 00:00:00+00:00,2025-05,0,0.6289495599801783,0.7294222310709775
2025-05-20 00:00:00+00:00,2025-05,0,0.6289495599801783,0.7294222310709775
2025-05-20 00:00:00+00:00,2025-05,0,0.6289495599801783,0.7294222310709775
2025-05-20 00:00:00+00:00,2025-05,0,0.6289495599801783,0.7294222310709775
2025-05-20 00:00:00+00:00,2025-05,0,0.6289495599801783,0.7294222310709775
2025-05-20 00:00:00+00:00,2025-05,0,0.6289495599801783,0.7294222310709775
2025-05-20 00:00:00+00:00,2025-05,0,0.6289495599801783,0.7294222310709775
2025-05-20 00:00:00+00:00,2025-05,0,0.6289981476407938,0.6303084851749957
2025-05-20 00:00:00+00:00,2025-05,0,0.6289981476407938,0.6303084851749957
2025-05-20 00:00:00+00:00,2025-05,0,0.6289981476407938,0.6303084851749957
2025-05-20 00:00:00+00:00,2025-05,0,0.6289981476407938,0.6303084851749957
2025-05-20 00:00:00+00:00,2025-05,0,0.6289981476407938,0.6303084851749957
2025-05-20 00:00:00+00:00,2025-05,0,0.6289981476407938,0.6303084851749957
2025-05-21 00:00:00+00:00,2025-05,0,0.6483691815385986,0.601665137662559
2025-05-21 00:00:00+00:00,2025-05,0,0.6483691815385986,0.601665137662559
2025-05-21 00:00:00+00:00,2025-05,0,0.6483691815385986,0.601665137662559
2025-05-21 00:00:00+00:00,2025-05,0,0.6483691815385986,0.601665137662559
2025-05-21 00:00:00+00:00,2025-05,0,0.6483691815385986,0.601665137662559
2025-05-21 00:00:00+00:00,2025-05,0,0.6483691815385986,0.601665137662559
2025-05-21 00:00:00+00:00,2025-05,0,0.6822483543341956,0.6369708743445462
2025-05-21 00:00:00+00:00,2025-05,0,0.6822483543341956,0.6369708743445462
2025-05-21 00:00:00+00:00,2025-05,0,0.6822483543341956,0.6369708743445462
2025-05-21 00:00:00+00:00,2025-05,0,0.6822483543341956,0.6369708743445462
2025-05-21 00:00:00+00:00,2025-05,0,0.6822483543341956,0.6369708743445462
2025-05-21 00:00:00+00:00,2025-05,0,0.6822483543341956,0.6369708743445462
2025-05-21 00:00:00+00:00,2025-05,0,0.6822483543341956,0.6369708743445462
2025-05-21 00:00:00+00:00,2025-05,0,0.581827231436593,0.5120839253957082
2025-05-21 00:00:00+00:00,2025-05,0,0.581827231436593,0.5120839253957082
2025-05-21 00:00:00+00:00,2025-05,0,0.581827231436593,0.5120839253957082
2025-05-22 00:00:00+00:00,2025-05,0,0.48410287803828794,0.5902778629610067
2025-05-22 00:00:00+00:00,2025-05,0,0.48410287803828794,0.5902778629610067
2025-05-22 00:00:00+00:00,2025-05,0,0.48410287803828794,0.5902778629610067
2025-05-23 00:00:00+00:00,2025-05,0,0.5081527594083285,0.5139383109822213
2025-05-23 00:00:00+00:00,2025-05,1,0.5081527594083285,0.5139383109822213
2025-05-23 00:00:00+00:00,2025-05,1,0.5081527594083285,0.5139383109822213
2025-05-23 00:00:00+00:00,2025-05,0,0.5081527594083285,0.5139383109822213
2025-05-23 00:00:00+00:00,2025-05,1,0.5081527594083285,0.5139383109822213
2025-05-23 00:00:00+00:00,2025-05,1,0.5081527594083285,0.5139383109822213
2025-05-23 00:00:00+00:00,2025-05,0,0.5081527594083285,0.5139383109822213
2025-05-28 00:00:00+00:00,2025-05,0,0.6217931430255487,0.5900329238224032
2025-05-28 00:00:00+00:00,2025-05,0,0.6217931430255487,0.5900329238224032
2025-05-28 00:00:00+00:00,2025-05,0,0.6217931430255487,0.5900329238224032
2025-05-28 00:00:00+00:00,2025-05,0,0.6217931430255487,0.5900329238224032
2025-05-28 00:00:00+00:00,2025-05,0,0.6217931430255487,0.5900329238224032
2025-05-28 00:00:00+00:00,2025-05,0,0.6217931430255487,0.5900329238224032
2025-05-28 00:00:00+00:00,2025-05,0,0.6217931430255487,0.5900329238224032
2025-05-28 00:00:00+00:00,2025-05,0,0.385971695801459,0.4631364390656391
2025-05-28 00:00:00+00:00,2025-05,0,0.385971695801459,0.4631364390656391
2025-05-28 00:00:00+00:00,2025-05,0,0.385971695801459,0.4631364390656391
2025-05-28 00:00:00+00:00,2025-05,1,0.385971695801459,0.4631364390656391
2025-05-28 00:00:00+00:00,2025-05,0,0.385971695801459,0.4631364390656391
2025-05-28 00:00:00+00:00,2025-05,0,0.385971695801459,0.4631364390656391
2025-05-28 00:00:00+00:00,2025-05,0,0.385971695801459,0.4631364390656391
2025-05-28 00:00:00+00:00,2025-05,0,0.385971695801459,0.4631364390656391
2025-06-04 00:00:00+00:00,2025-06,0,0.34132796349770855,0.43557092214370047
2025-06-04 00:00:00+00:00,2025-06,0,0.34132796349770855,0.43557092214370047
2025-06-04 00:00:00+00:00,2025-06,0,0.34132796349770855,0.43557092214370047
2025-06-04 00:00:00+00:00,2025-06,0,0.34132796349770855,0.43557092214370047
2025-06-04 00:00:00+00:00,2025-06,0,0.34132796349770855,0.43557092214370047
2025-06-04 00:00:00+00:00,2025-06,0,0.34132796349770855,0.43557092214370047
2025-06-04 00:00:00+00:00,2025-06,0,0.34132796349770855,0.43557092214370047
2025-06-04 00:00:00+00:00,2025-06,0,0.4164598665960987,0.27364987748846564
2025-06-04 00:00:00+00:00,2025-06,0,0.4164598665960987,0.27364987748846564
2025-06-04 00:00:00+00:00,2025-06,0,0.4164598665960987,0.27364987748846564
2025-06-04 00:00:00+00:00,2025-06,0,0.4164598665960987,0.27364987748846564
2025-06-04 00:00:00+00:00,2025-06,0,0.4164598665960987,0.27364987748846564
2025-06-04 00:00:00+00:00,2025-06,0,0.4164598665960987,0.27364987748846564
2025-06-04 00:00:00+00:00,2025-06,0,0.4164598665960987,0.27364987748846564
2025-06-04 00:00:00+00:00,2025-06,0,0.25613479001854195,0.37000817739168734
2025-06-04 00:00:00+00:00,2025-06,0,0.25613479001854195,0.37000817739168734
2025-06-04 00:00:00+00:00,2025-06,0,0.25613479001854195,0.37000817739168734
2025-06-04 00:00:00+00:00,2025-06,0,0.27188082660927815,0.41093241107175926
2025-06-04 00:00:00+00:00,2025-06,0,0.27188082660927815,0.41093241107175926
2025-06-04 00:00:00+00:00,2025-06,0,0.27188082660927815,0.41093241107175926
2025-06-04 00:00:00+00:00,2025-06,0,0.27158118407655485,0.34639541362581017
2025-06-04 00:00:00+00:00,2025-06,0,0.27158118407655485,0.34639541362581017
2025-06-04 00:00:00+00:00,2025-06,0,0.27158118407655485,0.34639541362581017
2025-06-04 00:00:00+00:00,2025-06,0,0.27158118407655485,0.34639541362581017
2025-06-04 00:00:00+00:00,2025-06,0,0.27158118407655485,0.34639541362581017
2025-06-04 00:00:00+00:00,2025-06,0,0.27158118407655485,0.34639541362581017
2025-06-04 00:00:00+00:00,2025-06,0,0.27158118407655485,0.34639541362581017
2025-06-04 00:00:00+00:00,2025-06,0,0.2634825215284967,0.3310614401711726
2025-06-04 00:00:00+00:00,2025-06,0,0.2634825215284967,0.3310614401711726
2025-06-04 00:00:00+00:00,2025-06,0,0.2634825215284967,0.3310614401711726
2025-06-04 00:00:00+00:00,2025-06,0,0.2634825215284967,0.3310614401711726
2025-06-04 00:00:00+00:00,2025-06,0,0.2634825215284967,0.3310614401711726
2025-06-04 00:00:00+00:00,2025-06,0,0.2634825215284967,0.3310614401711726
2025-06-04 00:00:00+00:00,2025-06,0,0.2634825215284967,0.3310614401711726
2025-06-04 00:00:00+00:00,2025-06,0,0.26780202384819646,0.2885799220009302
2025-06-04 00:00:00+00:00,2025-06,0,0.26780202384819646,0.2885799220009302
2025-06-04 00:00:00+00:00,2025-06,0,0.26780202384819646,0.2885799220009302
2025-06-04 00:00:00+00:00,2025-06,0,0.26780202384819646,0.2885799220009302
2025-06-04 00:00:00+00:00,2025-06,0,0.26780202384819646,0.2885799220009302
2025-06-04 00:00:00+00:00,2025-06,0,0.26780202384819646,0.2885799220009302
2025-06-04 00:00:00+00:00,2025-06,0,0.26780202384819646,0.2885799220009302
2025-06-04 00:00:00+00:00,2025-06,0,0.26624125543821686,0.37339405287950833
2025-06-04 00:00:00+00:00,2025-06,0,0.26624125543821686,0.37339405287950833
2025-06-04 00:00:00+00:00,2025-06,0,0.26624125543821686,0.37339405287950833
2025-06-04 00:00:00+00:00,2025-06,0,0.26624125543821686,0.37339405287950833
2025-06-04 00:00:00+00:00,2025-06,0,0.26624125543821686,0.37339405287950833
2025-06-04 00:00:00+00:00,2025-06,0,0.26624125543821686,0.37339405287950833
2025-06-04 00:00:00+00:00,2025-06,0,0.26624125543821686,0.37339405287950833
2025-06-04 00:00:00+00:00,2025-06,0,0.26817942793715793,0.3646320751681332
2025-06-04 00:00:00+00:00,2025-06,0,0.26817942793715793,0.3646320751681332
2025-06-04 00:00:00+00:00,2025-06,0,0.26817942793715793,0.3646320751681332
2025-06-04 00:00:00+00:00,2025-06,0,0.26817942793715793,0.3646320751681332
2025-06-04 00:00:00+00:00,2025-06,0,0.26817942793715793,0.3646320751681332
2025-06-04 00:00:00+00:00,2025-06,0,0.26817942793715793,0.3646320751681332
2025-06-04 00:00:00+00:00,2025-06,0,0.26817942793715793,0.3646320751681332
2025-06-04 00:00:00+00:00,2025-06,0,0.2587301736465956,0.32783008409572956
2025-06-04 00:00:00+00:00,2025-06,0,0.2587301736465956,0.32783008409572956
2025-06-04 00:00:00+00:00,2025-06,0,0.2587301736465956,0.32783008409572956
2025-06-04 00:00:00+00:00,2025-06,0,0.2587301736465956,0.32783008409572956
2025-06-04 00:00:00+00:00,2025-06,0,0.2587301736465956,0.32783008409572956
2025-06-04 00:00:00+00:00,2025-06,0,0.2587301736465956,0.32783008409572956
2025-06-04 00:00:00+00:00,2025-06,0,0.2587301736465956,0.32783008409572956
2025-06-04 00:00:00+00:00,2025-06,0,0.26732477645278474,0.3255647750681882
2025-06-04 00:00:00+00:00,2025-06,0,0.26732477645278474,0.3255647750681882
2025-06-04 00:00:00+00:00,2025-06,0,0.26732477645278474,0.3255647750681882
2025-06-04 00:00:00+00:00,2025-06,0,0.26732477645278474,0.3255647750681882
2025-06-04 00:00:00+00:00,2025-06,0,0.26732477645278474,0.3255647750681882
2025-06-04 00:00:00+00:00,2025-06,0,0.26732477645278474,0.3255647750681882
2025-06-04 00:00:00+00:00,2025-06,0,0.26732477645278474,0.3255647750681882
2025-06-04 00:00:00+00:00,2025-06,0,0.2585386845521062,0.35014295972082377
2025-06-04 00:00:00+00:00,2025-06,0,0.2585386845521062,0.35014295972082377
2025-06-04 00:00:00+00:00,2025-06,0,0.2585386845521062,0.35014295972082377
2025-06-04 00:00:00+00:00,2025-06,0,0.2585386845521062,0.35014295972082377
2025-06-04 00:00:00+00:00,2025-06,0,0.2585386845521062,0.35014295972082377
2025-06-04 00:00:00+00:00,2025-06,0,0.2585386845521062,0.35014295972082377
2025-06-04 00:00:00+00:00,2025-06,0,0.2585386845521062,0.35014295972082377
2025-06-04 00:00:00+00:00,2025-06,0,0.4649106916009965,0.41928767631694425
2025-06-04 00:00:00+00:00,2025-06,0,0.4649106916009965,0.41928767631694425
2025-06-04 00:00:00+00:00,2025-06,0,0.4649106916009965,0.41928767631694425
2025-06-04 00:00:00+00:00,2025-06,0,0.4649106916009965,0.41928767631694425
2025-06-04 00:00:00+00:00,2025-06,0,0.4649106916009965,0.41928767631694425
2025-06-04 00:00:00+00:00,2025-06,0,0.4649106916009965,0.41928767631694425
2025-06-04 00:00:00+00:00,2025-06,0,0.4649106916009965,0.41928767631694425
2025-06-10 00:00:00+00:00,2025-06,0,0.5182615094188753,0.3812144933618592
2025-06-10 00:00:00+00:00,2025-06,0,0.5182615094188753,0.3812144933618592
2025-06-10 00:00:00+00:00,2025-06,0,0.5182615094188753,0.3812144933618592
2025-06-10 00:00:00+00:00,2025-06,0,0.5182615094188753,0.3812144933618592
2025-06-10 00:00:00+00:00,2025-06,0,0.5182615094188753,0.3812144933618592
2025-06-10 00:00:00+00:00,2025-06,0,0.5182615094188753,0.3812144933618592
2025-06-10 00:00:00+00:00,2025-06,0,0.5182615094188753,0.3812144933618592
2025-06-10 00:00:00+00:00,2025-06,0,0.5182615094188753,0.3812144933618592
2025-06-10 00:00:00+00:00,2025-06,0,0.42470053744427716,0.5591773004638887
2025-06-10 00:00:00+00:00,2025-06,0,0.42470053744427716,0.5591773004638887
2025-06-10 00:00:00+00:00,2025-06,0,0.42470053744427716,0.5591773004638887
2025-06-10 00:00:00+00:00,2025-06,1,0.42470053744427716,0.5591773004638887
2025-06-10 00:00:00+00:00,2025-06,0,0.42470053744427716,0.5591773004638887
2025-06-10 00:00:00+00:00,2025-06,0,0.42470053744427716,0.5591773004638887
2025-06-10 00:00:00+00:00,2025-06,0,0.42470053744427716,0.5591773004638887
2025-06-10 00:00:00+00:00,2025-06,0,0.42470053744427716,0.5591773004638887
2025-06-11 00:00:00+00:00,2025-06,0,0.44511415686574834,0.5174362408909621
2025-06-11 00:00:00+00:00,2025-06,0,0.44511415686574834,0.5174362408909621
2025-06-11 00:00:00+00:00,2025-06,0,0.44511415686574834,0.5174362408909621
2025-06-11 00:00:00+00:00,2025-06,0,0.46096197055389393,0.6102571651803024
2025-06-11 00:00:00+00:00,2025-06,0,0.46096197055389393,0.6102571651803024
2025-06-11 00:00:00+00:00,2025-06,0,0.46096197055389393,0.6102571651803024
2025-06-12 00:00:00+00:00,2025-06,0,0.509439123835743,0.5882750755242211
2025-06-12 00:00:00+00:00,2025-06,0,0.509439123835743,0.5882750755242211
2025-06-12 00:00:00+00:00,2025-06,0,0.509439123835743,0.5882750755242211
2025-06-12 00:00:00+00:00,2025-06,0,0.509439123835743,0.5882750755242211
2025-06-12 00:00:00+00:00,2025-06,0,0.509439123835743,0.5882750755242211
2025-06-12 00:00:00+00:00,2025-06,0,0.26949802986655075,0.32520453551238615
2025-06-12 00:00:00+00:00,2025-06,0,0.26949802986655075,0.32520453551238615
2025-06-12 00:00:00+00:00,2025-06,0,0.26949802986655075,0.32520453551238615
2025-06-12 00:00:00+00:00,2025-06,0,0.26949802986655075,0.32520453551238615
2025-06-12 00:00:00+00:00,2025-06,0,0.26949802986655075,0.32520453551238615
2025-06-12 00:00:00+00:00,2025-06,0,0.26949802986655075,0.32520453551238615
2025-06-12 00:00:00+00:00,2025-06,0,0.26949802986655075,0.32520453551238615
2025-06-12 00:00:00+00:00,2025-06,0,0.5638129241326372,0.5200876477252584
2025-06-12 00:00:00+00:00,2025-06,0,0.5638129241326372,0.5200876477252584
2025-06-12 00:00:00+00:00,2025-06,0,0.5638129241326372,0.5200876477252584
2025-06-12 00:00:00+00:00,2025-06,0,0.5638129241326372,0.5200876477252584
2025-06-12 00:00:00+00:00,2025-06,0,0.5638129241326372,0.5200876477252584
2025-06-12 00:00:00+00:00,2025-06,0,0.5638129241326372,0.5200876477252584
2025-06-12 00:00:00+00:00,2025-06,0,0.5638129241326372,0.5200876477252584
2025-06-12 00:00:00+00:00,2025-06,0,0.5638129241326372,0.5200876477252584
2025-06-12 00:00:00+00:00,2025-06,0,0.382121461358687,0.5142494514015369
2025-06-12 00:00:00+00:00,2025-06,0,0.382121461358687,0.5142494514015369
2025-06-12 00:00:00+00:00,2025-06,0,0.382121461358687,0.5142494514015369
2025-06-12 00:00:00+00:00,2025-06,0,0.382121461358687,0.5142494514015369
2025-06-12 00:00:00+00:00,2025-06,0,0.382121461358687,0.5142494514015369
2025-06-12 00:00:00+00:00,2025-06,0,0.382121461358687,0.5142494514015369
2025-06-12 00:00:00+00:00,2025-06,0,0.382121461358687,0.5142494514015369
2025-06-12 00:00:00+00:00,2025-06,0,0.44374788633219303,0.28943644443420086
2025-06-12 00:00:00+00:00,2025-06,0,0.44374788633219303,0.28943644443420086
2025-06-12 00:00:00+00:00,2025-06,0,0.44374788633219303,0.28943644443420086
2025-06-12 00:00:00+00:00,2025-06,0,0.44374788633219303,0.28943644443420086
2025-06-12 00:00:00+00:00,2025-06,0,0.44374788633219303,0.28943644443420086
2025-06-12 00:00:00+00:00,2025-06,0,0.44374788633219303,0.28943644443420086
2025-06-12 00:00:00+00:00,2025-06,0,0.44374788633219303,0.28943644443420086
2025-06-12 00:00:00+00:00,2025-06,0,0.5417410632091825,0.5329176129047202
2025-06-12 00:00:00+00:00,2025-06,0,0.5417410632091825,0.5329176129047202
2025-06-12 00:00:00+00:00,2025-06,0,0.5417410632091825,0.5329176129047202
2025-06-12 00:00:00+00:00,2025-06,0,0.5417410632091825,0.5329176129047202
2025-06-12 00:00:00+00:00,2025-06,0,0.5417410632091825,0.5329176129047202
2025-06-12 00:00:00+00:00,2025-06,0,0.5417410632091825,0.5329176129047202
2025-06-12 00:00:00+00:00,2025-06,0,0.5417410632091825,0.5329176129047202
2025-06-12 00:00:00+00:00,2025-06,0,0.5067823608151141,0.3150359171210037
2025-06-12 00:00:00+00:00,2025-06,0,0.5067823608151141,0.3150359171210037
2025-06-12 00:00:00+00:00,2025-06,0,0.5067823608151141,0.3150359171210037
2025-06-12 00:00:00+00:00,2025-06,0,0.5067823608151141,0.3150359171210037
2025-06-12 00:00:00+00:00,2025-06,1,0.5067823608151141,0.3150359171210037
2025-06-12 00:00:00+00:00,2025-06,1,0.5067823608151141,0.3150359171210037
2025-06-13 00:00:00+00:00,2025-06,0,0.37365573730879437,0.3544825994841677
2025-06-13 00:00:00+00:00,2025-06,0,0.37365573730879437,0.3544825994841677
2025-06-13 00:00:00+00:00,2025-06,0,0.37365573730879437,0.3544825994841677
2025-06-13 00:00:00+00:00,2025-06,0,0.37365573730879437,0.3544825994841677
2025-06-13 00:00:00+00:00,2025-06,0,0.37365573730879437,0.3544825994841677
2025-06-13 00:00:00+00:00,2025-06,0,0.37365573730879437,0.3544825994841677
2025-06-13 00:00:00+00:00,2025-06,0,0.37365573730879437,0.3544825994841677
2025-06-13 00:00:00+00:00,2025-06,0,0.37365573730879437,0.3544825994841677
2025-06-13 00:00:00+00:00,2025-06,0,0.4825650992311415,0.6308172171094626
2025-06-13 00:00:00+00:00,2025-06,0,0.4825650992311415,0.6308172171094626
2025-06-13 00:00:00+00:00,2025-06,0,0.4825650992311415,0.6308172171094626
2025-06-13 00:00:00+00:00,2025-06,0,0.39350492152915567,0.6234061656636142
2025-06-13 00:00:00+00:00,2025-06,0,0.39350492152915567,0.6234061656636142
2025-06-13 00:00:00+00:00,2025-06,0,0.39350492152915567,0.6234061656636142
2025-06-13 00:00:00+00:00,2025-06,1,0.39350492152915567,0.6234061656636142
2025-06-13 00:00:00+00:00,2025-06,0,0.39350492152915567,0.6234061656636142
2025-06-13 00:00:00+00:00,2025-06,0,0.39350492152915567,0.6234061656636142
2025-06-13 00:00:00+00:00,2025-06,0,0.39350492152915567,0.6234061656636142
2025-06-13 00:00:00+00:00,2025-06,0,0.39350492152915567,0.6234061656636142
2025-06-16 00:00:00+00:00,2025-06,0,0.4204925888360817,0.5643388065071625
2025-06-16 00:00:00+00:00,2025-06,0,0.4204925888360817,0.5643388065071625
2025-06-16 00:00:00+00:00,2025-06,0,0.4204925888360817,0.5643388065071625
2025-06-16 00:00:00+00:00,2025-06,1,0.4204925888360817,0.5643387935962187
2025-06-16 00:00:00+00:00,2025-06,0,0.4204925888360817,0.5643387935962187
2025-06-16 00:00:00+00:00,2025-06,0,0.4204925888360817,0.5643387935962187
2025-06-16 00:00:00+00:00,2025-06,0,0.4204925888360817,0.5643387935962187
2025-06-16 00:00:00+00:00,2025-06,0,0.4204925888360817,0.5643387935962187
2025-06-25 00:00:00+00:00,2025-06,0,0.4585775849371238,0.40300122049137765
2025-06-25 00:00:00+00:00,2025-06,0,0.4585775849371238,0.40300122049137765
2025-06-25 00:00:00+00:00,2025-06,0,0.4585775849371238,0.40300122049137765
2025-06-25 00:00:00+00:00,2025-06,0,0.4585775849371238,0.40300122049137765
2025-06-25 00:00:00+00:00,2025-06,0,0.4585775849371238,0.40300122049137765
2025-06-25 00:00:00+00:00,2025-06,0,0.4585775849371238,0.40300122049137765
2025-06-25 00:00:00+00:00,2025-06,0,0.4585775849371238,0.40300122049137765
2025-06-25 00:00:00+00:00,2025-06,0,0.5080166419963513,0.5150316490369672
2025-06-25 00:00:00+00:00,2025-06,0,0.5080166419963513,0.5150316490369672
2025-06-25 00:00:00+00:00,2025-06,0,0.5178368308195196,0.5545737621994018
2025-06-25 00:00:00+00:00,2025-06,0,0.5178368308195196,0.5545737621994018
2025-06-25 00:00:00+00:00,2025-06,0,0.5178368308195196,0.5545737621994018
2025-06-25 00:00:00+00:00,2025-06,0,0.5178368308195196,0.5545737621994018
2025-06-25 00:00:00+00:00,2025-06,0,0.5178368308195196,0.5545737621994018
2025-06-25 00:00:00+00:00,2025-06,0,0.4851719333953097,0.4087645640451782
2025-06-25 00:00:00+00:00,2025-06,0,0.4851719333953097,0.4087645640451782
2025-06-25 00:00:00+00:00,2025-06,1,0.4851719333953097,0.4087645640451782
2025-06-27 00:00:00+00:00,2025-06,0,0.4437993196203662,0.3644884691356824
2025-06-27 00:00:00+00:00,2025-06,0,0.4437993196203662,0.3644884691356824
2025-06-27 00:00:00+00:00,2025-06,0,0.4437993196203662,0.3644884691356824
2025-06-27 00:00:00+00:00,2025-06,0,0.4437993196203662,0.3644884691356824
2025-06-27 00:00:00+00:00,2025-06,0,0.4437993196203662,0.3644884691356824
2025-07-01 00:00:00+00:00,2025-07,0,0.4690549129319899,0.442511758039513
2025-07-01 00:00:00+00:00,2025-07,0,0.4690549129319899,0.442511758039513
2025-07-01 00:00:00+00:00,2025-07,0,0.4690549129319899,0.442511758039513
2025-07-01 00:00:00+00:00,2025-07,1,0.4690549129319899,0.442511758039513
2025-07-01 00:00:00+00:00,2025-07,0,0.4690549129319899,0.442511758039513
2025-07-01 00:00:00+00:00,2025-07,0,0.4690549129319899,0.442511758039513
2025-07-01 00:00:00+00:00,2025-07,0,0.4690549129319899,0.442511758039513
2025-07-01 00:00:00+00:00,2025-07,0,0.4690549129319899,0.442511758039513
2025-07-01 00:00:00+00:00,2025-07,0,0.5056550843877649,0.5262345134699347
2025-07-01 00:00:00+00:00,2025-07,1,0.5056550843877649,0.5262345134699347
2025-07-01 00:00:00+00:00,2025-07,0,0.5056550843877649,0.5262345134699347
2025-07-01 00:00:00+00:00,2025-07,0,0.5056550843877649,0.5262345134699347
2025-07-01 00:00:00+00:00,2025-07,0,0.5056550843877649,0.5262345134699347
2025-07-01 00:00:00+00:00,2025-07,0,0.5056550843877649,0.5262345134699347
2025-07-01 00:00:00+00:00,2025-07,0,0.5056550843877649,0.5262345134699347
2025-07-03 00:00:00+00:00,2025-07,1,0.4890452312169793,0.43965507592155406
2025-07-03 00:00:00+00:00,2025-07,0,0.4890452312169793,0.43965507592155406
2025-07-03 00:00:00+00:00,2025-07,0,0.4890452312169793,0.43965507592155406
2025-07-03 00:00:00+00:00,2025-07,0,0.4890452312169793,0.43965507592155406
2025-07-03 00:00:00+00:00,2025-07,0,0.4890452312169793,0.43965507592155406
2025-07-03 00:00:00+00:00,2025-07,0,0.386610550616364,0.3509805225786699
2025-07-03 00:00:00+00:00,2025-07,0,0.386610550616364,0.3509805225786699
2025-07-03 00:00:00+00:00,2025-07,0,0.386610550616364,0.3509805225786699
2025-07-03 00:00:00+00:00,2025-07,0,0.386610550616364,0.3509805225786699
2025-07-03 00:00:00+00:00,2025-07,0,0.386610550616364,0.3509805225786699
2025-07-03 00:00:00+00:00,2025-07,0,0.386610550616364,0.3509805225786699
2025-07-03 00:00:00+00:00,2025-07,0,0.386610550616364,0.3509805225786699
2025-07-08 00:00:00+00:00,2025-07,0,0.5173526477446474,0.7072542144561283
2025-07-08 00:00:00+00:00,2025-07,0,0.5173526477446474,0.7072542144561283
2025-07-08 00:00:00+00:00,2025-07,0,0.5173526477446474,0.7072542144561283
2025-07-08 00:00:00+00:00,2025-07,0,0.5173526477446474,0.7072542144561283
2025-07-08 00:00:00+00:00,2025-07,0,0.5173526477446474,0.7072542144561283
2025-07-08 00:00:00+00:00,2025-07,0,0.5173526477446474,0.7072542144561283
2025-07-10 00:00:00+00:00,2025-07,0,0.49433410332712135,0.5930884189937552
2025-07-10 00:00:00+00:00,2025-07,0,0.49433410332712135,0.5930884189937552
2025-07-10 00:00:00+00:00,2025-07,0,0.49433410332712135,0.5930884189937552
2025-07-11 00:00:00+00:00,2025-07,0,0.47900144107148274,0.49573105296590003
2025-07-11 00:00:00+00:00,2025-07,0,0.47900144107148274,0.49573105296590003
2025-07-11 00:00:00+00:00,2025-07,0,0.47900144107148274,0.49573105296590003
2025-07-11 00:00:00+00:00,2025-07,0,0.47900144107148274,0.49573105296590003
2025-07-11 00:00:00+00:00,2025-07,0,0.47900144107148274,0.49573105296590003
2025-07-11 00:00:00+00:00,2025-07,0,0.47900144107148274,0.49573105296590003
2025-07-11 00:00:00+00:00,2025-07,0,0.47900144107148274,0.49573105296590003
2025-07-21 00:00:00+00:00,2025-07,0,0.49833197955160186,0.49892823159305477
2025-07-21 00:00:00+00:00,2025-07,0,0.49833197955160186,0.49892823159305477
2025-07-21 00:00:00+00:00,2025-07,1,0.49833197955160186,0.49892823159305477
2025-07-21 00:00:00+00:00,2025-07,0,0.49833197955160186,0.49892823159305477
2025-07-21 00:00:00+00:00,2025-07,0,0.49833197955160186,0.49892823159305477
2025-07-21 00:00:00+00:00,2025-07,0,0.49833197955160186,0.49892823159305477
2025-07-21 00:00:00+00:00,2025-07,0,0.49833197955160186,0.49892823159305477
2025-07-21 00:00:00+00:00,2025-07,0,0.49546359603166107,0.5264699706482967
2025-07-21 00:00:00+00:00,2025-07,0,0.49546359603166107,0.5264699706482967
2025-07-21 00:00:00+00:00,2025-07,0,0.49546359603166107,0.5264699706482967
2025-07-21 00:00:00+00:00,2025-07,0,0.49546359603166107,0.5264699706482967
2025-07-21 00:00:00+00:00,2025-07,0,0.49546359603166107,0.5264699706482967
2025-07-21 00:00:00+00:00,2025-07,0,0.49546359603166107,0.5264699706482967
2025-07-21 00:00:00+00:00,2025-07,0,0.49546359603166107,0.5264699706482967
2025-07-21 00:00:00+00:00,2025-07,0,0.49830321982529163,0.4630636115707811
2025-07-21 00:00:00+00:00,2025-07,0,0.49830321982529163,0.4630636115707811
2025-07-21 00:00:00+00:00,2025-07,0,0.49830321982529163,0.4630636115707811
2025-07-21 00:00:00+00:00,2025-07,0,0.49830321982529163,0.4630636115707811
2025-07-21 00:00:00+00:00,2025-07,0,0.49830321982529163,0.4630636115707811
2025-07-21 00:00:00+00:00,2025-07,0,0.49830321982529163,0.4630636115707811
2025-07-21 00:00:00+00:00,2025-07,0,0.49830321982529163,0.4630636115707811
2025-07-30 00:00:00+00:00,2025-07,0,0.38070397989187127,0.35342934600247994
2025-07-30 00:00:00+00:00,2025-07,0,0.38070397989187127,0.35342934600247994
2025-07-30 00:00:00+00:00,2025-07,0,0.38070397989187127,0.35342934600247994
2025-07-30 00:00:00+00:00,2025-07,0,0.38070397989187127,0.35342934600247994
2025-07-30 00:00:00+00:00,2025-07,0,0.38070397989187127,0.35342934600247994
2025-07-30 00:00:00+00:00,2025-07,0,0.38070397989187127,0.35342934600247994
2025-07-30 00:00:00+00:00,2025-07,0,0.38070397989187127,0.35342934600247994
2025-08-01 00:00:00+00:00,2025-08,0,0.5139308262033735,0.44586053741047316
2025-08-01 00:00:00+00:00,2025-08,0,0.5139308262033735,0.44586053741047316
2025-08-01 00:00:00+00:00,2025-08,0,0.5139308262033735,0.44586053741047316
2025-08-01 00:00:00+00:00,2025-08,0,0.5139308262033735,0.44586053741047316
2025-08-01 00:00:00+00:00,2025-08,0,0.5139308262033735,0.44586053741047316
2025-08-01 00:00:00+00:00,2025-08,0,0.5139308262033735,0.44586053741047316
2025-08-01 00:00:00+00:00,2025-08,0,0.5139308262033735,0.44586053741047316
2025-08-01 00:00:00+00:00,2025-08,0,0.5139308262033735,0.44586053741047316
2025-08-04 00:00:00+00:00,2025-08,0,0.5120649924817731,0.3958248779116168
2025-08-04 00:00:00+00:00,2025-08,0,0.5120649924817731,0.3958248779116168
2025-08-04 00:00:00+00:00,2025-08,0,0.5120649924817731,0.3958248779116168
2025-08-04 00:00:00+00:00,2025-08,0,0.5120649924817731,0.3958248779116168
2025-08-04 00:00:00+00:00,2025-08,1,0.5120649924817731,0.3958248779116168
2025-08-04 00:00:00+00:00,2025-08,0,0.5120649924817731,0.3958248779116168
2025-08-04 00:00:00+00:00,2025-08,0,0.5120649924817731,0.3958248779116168
2025-08-07 00:00:00+00:00,2025-08,0,0.494640889901556,0.5795904429815542
2025-08-07 00:00:00+00:00,2025-08,0,0.494640889901556,0.5795904429815542
2025-08-07 00:00:00+00:00,2025-08,1,0.494640889901556,0.5795904429815542
2025-08-07 00:00:00+00:00,2025-08,0,0.494640889901556,0.5795904429815542
2025-08-07 00:00:00+00:00,2025-08,0,0.494640889901556,0.5795904429815542
2025-08-07 00:00:00+00:00,2025-08,0,0.494640889901556,0.5795904429815542
2025-08-07 00:00:00+00:00,2025-08,0,0.494640889901556,0.5795904429815542
2025-08-08 00:00:00+00:00,2025-08,0,0.4953063267571354,0.49866963095094063
2025-08-08 00:00:00+00:00,2025-08,0,0.4953063267571354,0.49866963095094063
2025-08-08 00:00:00+00:00,2025-08,0,0.4953063267571354,0.49866963095094063
2025-08-19 00:00:00+00:00,2025-08,0,0.5517689835625714,0.5081426015111686
2025-08-19 00:00:00+00:00,2025-08,0,0.5517689835625714,0.5081426015111686
2025-08-19 00:00:00+00:00,2025-08,1,0.5517689835625714,0.5081426015111686
2025-08-19 00:00:00+00:00,2025-08,0,0.5517689835625714,0.5081426015111686
2025-08-19 00:00:00+00:00,2025-08,0,0.5517689835625714,0.5081426015111686
2025-08-19 00:00:00+00:00,2025-08,0,0.5517689835625714,0.5081426015111686
2025-08-19 00:00:00+00:00,2025-08,0,0.5517689835625714,0.5081426015111686
2025-08-19 00:00:00+00:00,2025-08,0,0.5037808517264724,0.4256867067488978
2025-08-19 00:00:00+00:00,2025-08,0,0.5037808517264724,0.4256867067488978
2025-08-19 00:00:00+00:00,2025-08,0,0.5037808517264724,0.4256867067488978
2025-08-21 00:00:00+00:00,2025-08,0,0.6185105205515044,0.5032858756893653
2025-08-21 00:00:00+00:00,2025-08,1,0.6185105205515044,0.5032858756893653
2025-08-21 00:00:00+00:00,2025-08,1,0.6185105205515044,0.5032858756893653
2025-08-21 00:00:00+00:00,2025-08,0,0.6185105205515044,0.5032858756893653
2025-08-21 00:00:00+00:00,2025-08,1,0.6185105205515044,0.5032858756893653
2025-08-21 00:00:00+00:00,2025-08,1,0.6185105205515044,0.5032858756893653
2025-08-21 00:00:00+00:00,2025-08,0,0.6185105205515044,0.5032858756893653
2025-08-25 00:00:00+00:00,2025-08,0,0.512231843039039,0.5577346648056716
2025-08-25 00:00:00+00:00,2025-08,0,0.512231843039039,0.5577346648056716
2025-08-25 00:00:00+00:00,2025-08,0,0.512231843039039,0.5577346648056716
2025-08-25 00:00:00+00:00,2025-08,0,0.512231843039039,0.5577346648056716
2025-08-25 00:00:00+00:00,2025-08,0,0.512231843039039,0.5577346648056716
2025-08-25 00:00:00+00:00,2025-08,0,0.41061307997883106,0.42997638813086786
2025-08-25 00:00:00+00:00,2025-08,0,0.41061307997883106,0.42997638813086786
2025-08-25 00:00:00+00:00,2025-08,0,0.41061307997883106,0.42997638813086786
2025-08-25 00:00:00+00:00,2025-08,0,0.41061307997883106,0.42997638813086786
2025-08-25 00:00:00+00:00,2025-08,0,0.41061307997883106,0.42997638813086786
2025-08-25 00:00:00+00:00,2025-08,0,0.604098727072124,0.48392768057778285
2025-08-25 00:00:00+00:00,2025-08,1,0.604098727072124,0.48392768057778285
2025-08-25 00:00:00+00:00,2025-08,1,0.604098727072124,0.48392768057778285
2025-08-25 00:00:00+00:00,2025-08,0,0.604098727072124,0.48392768057778285
2025-08-25 00:00:00+00:00,2025-08,1,0.604098727072124,0.48392768057778285
2025-08-25 00:00:00+00:00,2025-08,1,0.604098727072124,0.48392768057778285
2025-08-25 00:00:00+00:00,2025-08,0,0.604098727072124,0.48392768057778285
2025-08-27 00:00:00+00:00,2025-08,0,0.43462272547331215,0.34872875973668693
2025-08-27 00:00:00+00:00,2025-08,0,0.43462272547331215,0.34872875973668693
2025-08-27 00:00:00+00:00,2025-08,0,0.43462272547331215,0.34872875973668693
2025-08-27 00:00:00+00:00,2025-08,1,0.43462272547331215,0.34872875973668693
2025-08-27 00:00:00+00:00,2025-08,0,0.43462272547331215,0.34872875973668693
2025-08-27 00:00:00+00:00,2025-08,0,0.43462272547331215,0.34872875973668693
2025-08-27 00:00:00+00:00,2025-08,0,0.43462272547331215,0.34872875973668693
2025-08-27 00:00:00+00:00,2025-08,0,0.43462272547331215,0.34872875973668693
2025-08-27 00:00:00+00:00,2025-08,0,0.41625716775482713,0.3838111746795354
2025-08-27 00:00:00+00:00,2025-08,0,0.41625716775482713,0.3838111746795354
2025-08-27 00:00:00+00:00,2025-08,0,0.41625716775482713,0.3838111746795354
2025-08-27 00:00:00+00:00,2025-08,1,0.41625716775482713,0.3838111746795354
2025-08-27 00:00:00+00:00,2025-08,0,0.41625716775482713,0.3838111746795354
2025-08-27 00:00:00+00:00,2025-08,0,0.41625716775482713,0.3838111746795354
2025-08-27 00:00:00+00:00,2025-08,0,0.41625716775482713,0.3838111746795354
2025-08-27 00:00:00+00:00,2025-08,0,0.41625716775482713,0.3838111746795354
2025-08-28 00:00:00+00:00,2025-08,0,0.4383344188744424,0.3667755813970146
2025-08-28 00:00:00+00:00,2025-08,0,0.4383344188744424,0.3667755813970146
2025-08-28 00:00:00+00:00,2025-08,0,0.4383344188744424,0.3667755813970146
2025-08-28 00:00:00+00:00,2025-08,1,0.4383344188744424,0.3667755813970146
2025-08-28 00:00:00+00:00,2025-08,0,0.4383344188744424,0.3667755813970146
2025-08-28 00:00:00+00:00,2025-08,0,0.4383344188744424,0.3667755813970146
2025-08-28 00:00:00+00:00,2025-08,0,0.4383344188744424,0.3667755813970146
2025-09-15 00:00:00+00:00,2025-09,0,0.5236141595314294,0.5341064805982138
2025-09-15 00:00:00+00:00,2025-09,0,0.5236141595314294,0.5341064805982138
2025-09-15 00:00:00+00:00,2025-09,1,0.5236141595314294,0.5341064805982138
2025-09-15 00:00:00+00:00,2025-09,1,0.5236141595314294,0.5341064805982138
2025-09-15 00:00:00+00:00,2025-09,0,0.5236141595314294,0.5341064805982138
2025-09-15 00:00:00+00:00,2025-09,0,0.5236141595314294,0.5341064805982138
2025-09-15 00:00:00+00:00,2025-09,0,0.5236141595314294,0.5341064805982138
2025-09-15 00:00:00+00:00,2025-09,0,0.36881477929980694,0.38936584940132213
2025-09-15 00:00:00+00:00,2025-09,0,0.36881477929980694,0.38936584940132213
2025-09-15 00:00:00+00:00,2025-09,0,0.36881477929980694,0.38936584940132213
2025-09-15 00:00:00+00:00,2025-09,0,0.36881477929980694,0.38936584940132213
2025-09-15 00:00:00+00:00,2025-09,0,0.36881477929980694,0.38936584940132213
2025-09-15 00:00:00+00:00,2025-09,0,0.36881477929980694,0.38936584940132213
2025-09-15 00:00:00+00:00,2025-09,0,0.36881477929980694,0.38936584940132213
2025-09-15 00:00:00+00:00,2025-09,0,0.36881477929980694,0.38936584940132213
2025-09-16 00:00:00+00:00,2025-09,0,0.48529899112919445,0.4509936423677145
2025-09-16 00:00:00+00:00,2025-09,0,0.48529899112919445,0.4509936423677145
2025-09-16 00:00:00+00:00,2025-09,1,0.48529899112919445,0.4509936423677145
2025-09-16 00:00:00+00:00,2025-09,1,0.48529899112919445,0.4509936423677145
2025-09-16 00:00:00+00:00,2025-09,0,0.48529899112919445,0.4509936423677145
2025-09-16 00:00:00+00:00,2025-09,0,0.48529899112919445,0.4509936423677145
2025-09-16 00:00:00+00:00,2025-09,0,0.48529899112919445,0.4509936423677145
2025-09-24 00:00:00+00:00,2025-09,0,0.3388120044735253,0.3475611021527315
2025-09-24 00:00:00+00:00,2025-09,0,0.3388120044735253,0.3475611021527315
2025-09-24 00:00:00+00:00,2025-09,0,0.3388120044735253,0.3475611021527315
2025-09-24 00:00:00+00:00,2025-09,0,0.3388120044735253,0.3475611021527315
2025-09-24 00:00:00+00:00,2025-09,0,0.3388120044735253,0.3475611021527315
2025-09-24 00:00:00+00:00,2025-09,0,0.3388120044735253,0.3475611021527315
2025-09-26 00:00:00+00:00,2025-09,0,0.5776752250937023,0.5247194940134612
2025-09-26 00:00:00+00:00,2025-09,0,0.5776752250937023,0.5247194940134612
2025-09-26 00:00:00+00:00,2025-09,1,0.5776752250937023,0.5247194940134612
2025-09-26 00:00:00+00:00,2025-09,1,0.5776752250937023,0.5247194940134612
2025-09-26 00:00:00+00:00,2025-09,0,0.5776752250937023,0.5247194940134612
2025-09-26 00:00:00+00:00,2025-09,0,0.5776752250937023,0.5247194940134612
2025-09-26 00:00:00+00:00,2025-09,0,0.5776752250937023,0.5247194940134612
2025-10-02 00:00:00+00:00,2025-10,0,0.49650488465159504,0.5649454518710433
2025-10-02 00:00:00+00:00,2025-10,0,0.49650488465159504,0.5649454518710433
2025-10-02 00:00:00+00:00,2025-10,0,0.49650488465159504,0.5649454518710433
2025-10-02 00:00:00+00:00,2025-10,0,0.49650488465159504,0.5649454518710433
2025-10-02 00:00:00+00:00,2025-10,0,0.49650488465159504,0.5649454518710433
2025-11-19 00:00:00+00:00,2025-11,0,0.48535902634636874,0.5461465272433889
2025-11-19 00:00:00+00:00,2025-11,0,0.48535902634636874,0.5461465272433889
2025-11-19 00:00:00+00:00,2025-11,0,0.48535902634636874,0.5461465272433889
2025-11-19 00:00:00+00:00,2025-11,0,0.48535902634636874,0.5461465272433889
2025-11-19 00:00:00+00:00,2025-11,0,0.48535902634636874,0.5461465272433889
2025-11-19 00:00:00+00:00,2025-11,0,0.48535902634636874,0.5461465272433889
2025-11-19 00:00:00+00:00,2025-11,0,0.48535902634636874,0.5461465272433889
2025-11-21 00:00:00+00:00,2025-11,0,0.49302488493863,0.47283954996195304
2025-11-21 00:00:00+00:00,2025-11,1,0.49302488493863,0.47283954996195304
2025-11-21 00:00:00+00:00,2025-11,0,0.49302488493863,0.47283954996195304
2025-11-21 00:00:00+00:00,2025-11,0,0.49302488493863,0.47283954996195304
2025-11-21 00:00:00+00:00,2025-11,0,0.49302488493863,0.47283954996195304
2025-11-21 00:00:00+00:00,2025-11,0,0.49302488493863,0.47283954996195304
2025-11-21 00:00:00+00:00,2025-11,0,0.49302488493863,0.47283954996195304
2025-11-21 00:00:00+00:00,2025-11,0,0.5108314300857262,0.47621758478028475
2025-11-21 00:00:00+00:00,2025-11,0,0.5108314300857262,0.47621758478028475
2025-11-21 00:00:00+00:00,2025-11,0,0.5108314300857262,0.47621758478028475
2025-11-24 00:00:00+00:00,2025-11,0,0.41790900120598845,0.5257471637373227
2025-11-24 00:00:00+00:00,2025-11,0,0.41790900120598845,0.5257471637373227
2025-11-24 00:00:00+00:00,2025-11,0,0.41790900120598845,0.5257471637373227
2025-11-24 00:00:00+00:00,2025-11,0,0.41790900120598845,0.5257471637373227
2025-11-24 00:00:00+00:00,2025-11,0,0.41790900120598845,0.5257471637373227
2025-11-24 00:00:00+00:00,2025-11,0,0.41790900120598845,0.5257471637373227
2025-11-24 00:00:00+00:00,2025-11,0,0.41790900120598845,0.5257471637373227
2025-11-24 00:00:00+00:00,2025-11,0,0.41790900120598845,0.5257471637373227
2025-11-24 00:00:00+00:00,2025-11,0,0.4598987084327467,0.5016534452325278
2025-11-24 00:00:00+00:00,2025-11,0,0.4598987084327467,0.5016534452325278
2025-11-24 00:00:00+00:00,2025-11,0,0.4598987084327467,0.5016534452325278
2025-11-24 00:00:00+00:00,2025-11,0,0.4598987084327467,0.5016534452325278
2025-11-24 00:00:00+00:00,2025-11,0,0.4598987084327467,0.5016534452325278
2025-11-24 00:00:00+00:00,2025-11,0,0.4598987084327467,0.5016534452325278
2025-11-24 00:00:00+00:00,2025-11,0,0.4598987084327467,0.5016534452325278
2025-01-06 00:00:00+00:00,2025-01,0,0.47149715245938234,0.38368613041034616
2025-01-06 00:00:00+00:00,2025-01,0,0.47149715245938234,0.38368613041034616
2025-01-06 00:00:00+00:00,2025-01,0,0.47149715245938234,0.38368613041034616
2025-01-06 00:00:00+00:00,2025-01,0,0.47149715245938234,0.38368613041034616
2025-01-08 00:00:00+00:00,2025-01,0,0.5424806001633073,0.6754208001797893
2025-01-08 00:00:00+00:00,2025-01,0,0.5424806001633073,0.6754208001797893
2025-01-08 00:00:00+00:00,2025-01,0,0.5424806001633073,0.6754208001797893
2025-01-08 00:00:00+00:00,2025-01,0,0.5424806001633073,0.6754208001797893
2025-01-08 00:00:00+00:00,2025-01,0,0.5424806001633073,0.6754208001797893
2025-01-08 00:00:00+00:00,2025-01,0,0.5393050136163017,0.5590377232748094
2025-01-08 00:00:00+00:00,2025-01,0,0.5393050136163017,0.5590377232748094
2025-01-08 00:00:00+00:00,2025-01,0,0.5393050136163017,0.5590377232748094
2025-01-08 00:00:00+00:00,2025-01,0,0.5393050136163017,0.5590377232748094
2025-01-08 00:00:00+00:00,2025-01,0,0.5393050136163017,0.5590377232748094
2025-01-08 00:00:00+00:00,2025-01,0,0.4534991064508816,0.3876923179116876
2025-01-08 00:00:00+00:00,2025-01,1,0.4534991064508816,0.3876923179116876
2025-01-08 00:00:00+00:00,2025-01,0,0.4534991064508816,0.3876923179116876
2025-01-08 00:00:00+00:00,2025-01,0,0.4534991064508816,0.3876923179116876
2025-01-08 00:00:00+00:00,2025-01,0,0.4534991064508816,0.3876923179116876
2025-01-08 00:00:00+00:00,2025-01,1,0.4534991064508816,0.3876923179116876
2025-01-08 00:00:00+00:00,2025-01,1,0.5789902961214928,0.6474600099555948
2025-01-08 00:00:00+00:00,2025-01,0,0.5789902961214928,0.6474600099555948
2025-01-08 00:00:00+00:00,2025-01,0,0.5789902961214928,0.6474600099555948
2025-01-08 00:00:00+00:00,2025-01,0,0.5789902961214928,0.6474600099555948
2025-01-08 00:00:00+00:00,2025-01,0,0.5789902961214928,0.6474600099555948
2025-01-08 00:00:00+00:00,2025-01,0,0.546932861388368,0.4724776034226407
2025-01-08 00:00:00+00:00,2025-01,0,0.546932861388368,0.4724776034226407
2025-01-08 00:00:00+00:00,2025-01,0,0.546932861388368,0.4724776034226407
2025-01-08 00:00:00+00:00,2025-01,0,0.546932861388368,0.4724776034226407
2025-01-08 00:00:00+00:00,2025-01,0,0.546932861388368,0.4724776034226407
2025-01-08 00:00:00+00:00,2025-01,0,0.546932861388368,0.4724776034226407
2025-01-08 00:00:00+00:00,2025-01,0,0.546932861388368,0.4724776034226407
2025-01-08 00:00:00+00:00,2025-01,1,0.4610420628123638,0.49752981054277234
2025-01-08 00:00:00+00:00,2025-01,0,0.4610420628123638,0.49752981054277234
2025-01-08 00:00:00+00:00,2025-01,0,0.4610420628123638,0.49752981054277234
2025-01-08 00:00:00+00:00,2025-01,0,0.4610420628123638,0.49752981054277234
2025-01-08 00:00:00+00:00,2025-01,0,0.4610420628123638,0.49752981054277234
2025-01-08 00:00:00+00:00,2025-01,0,0.4610420628123638,0.49752981054277234
2025-01-08 00:00:00+00:00,2025-01,0,0.4610420628123638,0.49752981054277234
2025-01-08 00:00:00+00:00,2025-01,1,0.4138932553780242,0.4220939259013476
2025-01-08 00:00:00+00:00,2025-01,0,0.4138932553780242,0.4220939259013476
2025-01-08 00:00:00+00:00,2025-01,0,0.4138932553780242,0.4220939259013476
2025-01-08 00:00:00+00:00,2025-01,0,0.4138932553780242,0.4220939259013476
2025-01-08 00:00:00+00:00,2025-01,0,0.4138932553780242,0.4220939259013476
2025-01-08 00:00:00+00:00,2025-01,0,0.4138932553780242,0.4220939259013476
2025-01-08 00:00:00+00:00,2025-01,0,0.4138932553780242,0.4220939259013476
2025-01-09 00:00:00+00:00,2025-01,1,0.32746431900465195,0.32720969490370927
2025-01-09 00:00:00+00:00,2025-01,1,0.32746431900465195,0.32720969490370927
2025-01-09 00:00:00+00:00,2025-01,1,0.32746431900465195,0.32720969490370927
2025-01-09 00:00:00+00:00,2025-01,0,0.32746431900465195,0.32720969490370927
2025-01-09 00:00:00+00:00,2025-01,0,0.32746431900465195,0.32720969490370927
2025-01-09 00:00:00+00:00,2025-01,0,0.4512079908909737,0.4265088351005632
2025-01-09 00:00:00+00:00,2025-01,0,0.4512079908909737,0.4265088351005632
2025-01-09 00:00:00+00:00,2025-01,1,0.4512079908909737,0.4265088351005632
2025-01-13 00:00:00+00:00,2025-01,0,0.520476668511469,0.5962212278580162
2025-01-13 00:00:00+00:00,2025-01,0,0.520476668511469,0.5962212278580162
2025-01-13 00:00:00+00:00,2025-01,0,0.520476668511469,0.5962212278580162
2025-01-13 00:00:00+00:00,2025-01,0,0.520476668511469,0.5962212278580162
2025-01-13 00:00:00+00:00,2025-01,0,0.520476668511469,0.5962212278580162
2025-01-13 00:00:00+00:00,2025-01,0,0.520476668511469,0.5962212278580162
2025-01-13 00:00:00+00:00,2025-01,0,0.520476668511469,0.5962212278580162
2025-01-16 00:00:00+00:00,2025-01,0,0.5232992789867967,0.5900888389325746
2025-01-16 00:00:00+00:00,2025-01,1,0.5232992789867967,0.5900888389325746
2025-01-16 00:00:00+00:00,2025-01,0,0.5232992789867967,0.5900888389325746
2025-01-16 00:00:00+00:00,2025-01,1,0.5232992789867967,0.5900888389325746
2025-01-16 00:00:00+00:00,2025-01,0,0.5232992789867967,0.5900888389325746
2025-01-21 00:00:00+00:00,2025-01,0,0.44257649282949535,0.24247814353366604
2025-01-21 00:00:00+00:00,2025-01,0,0.44257649282949535,0.24247814353366604
2025-01-21 00:00:00+00:00,2025-01,0,0.44257649282949535,0.24247814353366604
2025-01-21 00:00:00+00:00,2025-01,0,0.44257649282949535,0.24247814353366604
2025-01-21 00:00:00+00:00,2025-01,0,0.44257649282949535,0.24247814353366604
2025-01-21 00:00:00+00:00,2025-01,0,0.44257649282949535,0.24247814353366604
2025-01-21 00:00:00+00:00,2025-01,0,0.44257649282949535,0.24247814353366604
2025-01-21 00:00:00+00:00,2025-01,0,0.44257649282949535,0.24247814353366604
2025-01-22 00:00:00+00:00,2025-01,1,0.534515240807654,0.5554983615529107
2025-01-22 00:00:00+00:00,2025-01,0,0.534515240807654,0.5554983615529107
2025-01-22 00:00:00+00:00,2025-01,0,0.534515240807654,0.5554983615529107
2025-01-22 00:00:00+00:00,2025-01,0,0.534515240807654,0.5554983615529107
2025-01-22 00:00:00+00:00,2025-01,0,0.534515240807654,0.5554983615529107
2025-01-22 00:00:00+00:00,2025-01,0,0.534515240807654,0.5554983615529107
2025-01-22 00:00:00+00:00,2025-01,0,0.3593783541311727,0.387418734177526
2025-01-22 00:00:00+00:00,2025-01,1,0.3593783541311727,0.387418734177526
2025-01-22 00:00:00+00:00,2025-01,0,0.3593783541311727,0.387418734177526
2025-01-22 00:00:00+00:00,2025-01,1,0.3593783541311727,0.387418734177526
2025-01-22 00:00:00+00:00,2025-01,0,0.3593783541311727,0.387418734177526
2025-01-22 00:00:00+00:00,2025-01,0,0.3593783541311727,0.387418734177526
2025-01-22 00:00:00+00:00,2025-01,0,0.3593783541311727,0.387418734177526
2025-01-22 00:00:00+00:00,2025-01,0,0.6382835608194916,0.6266250113408285
2025-01-22 00:00:00+00:00,2025-01,0,0.6382835608194916,0.6266250113408285
2025-01-22 00:00:00+00:00,2025-01,0,0.6382835608194916,0.6266250113408285
2025-01-22 00:00:00+00:00,2025-01,0,0.6382835608194916,0.6266250113408285
2025-01-22 00:00:00+00:00,2025-01,0,0.6382835608194916,0.6266250113408285
2025-01-22 00:00:00+00:00,2025-01,0,0.6382835608194916,0.6266250113408285
2025-01-22 00:00:00+00:00,2025-01,1,0.391276701924052,0.45136050956332346
2025-01-22 00:00:00+00:00,2025-01,1,0.391276701924052,0.45136050956332346
2025-01-22 00:00:00+00:00,2025-01,1,0.391276701924052,0.45136050956332346
2025-01-28 00:00:00+00:00,2025-01,0,0.4977452125303724,0.6005923240474749
2025-01-28 00:00:00+00:00,2025-01,0,0.4977452125303724,0.6005923240474749
2025-01-28 00:00:00+00:00,2025-01,1,0.4977452125303724,0.6005923240474749
2025-01-28 00:00:00+00:00,2025-01,0,0.4977452125303724,0.6005923240474749
2025-01-28 00:00:00+00:00,2025-01,0,0.4977452125303724,0.6005923240474749
2025-01-30 00:00:00+00:00,2025-01,0,0.49591391762089254,0.5446849450288103
2025-01-30 00:00:00+00:00,2025-01,1,0.49591391762089254,0.5446849450288103
2025-01-30 00:00:00+00:00,2025-01,0,0.49591391762089254,0.5446849450288103
2025-01-30 00:00:00+00:00,2025-01,1,0.49591391762089254,0.5446849450288103
2025-01-30 00:00:00+00:00,2025-01,1,0.49591391762089254,0.5446849450288103
2025-01-30 00:00:00+00:00,2025-01,1,0.49591391762089254,0.5446849450288103
2025-01-30 00:00:00+00:00,2025-01,0,0.49591391762089254,0.5446849450288103
2025-01-30 00:00:00+00:00,2025-01,0,0.49591391762089254,0.5446849450288103
2025-02-03 00:00:00+00:00,2025-02,0,0.5568562493397792,0.5276450814520193
2025-02-03 00:00:00+00:00,2025-02,0,0.5568562493397792,0.5276450814520193
2025-02-03 00:00:00+00:00,2025-02,0,0.5568562493397792,0.5276450814520193
2025-02-03 00:00:00+00:00,2025-02,1,0.5568562493397792,0.5276450814520193
2025-02-03 00:00:00+00:00,2025-02,0,0.5568562493397792,0.5276450814520193
2025-02-03 00:00:00+00:00,2025-02,1,0.5568562493397792,0.5276450814520193
2025-02-03 00:00:00+00:00,2025-02,0,0.5568562493397792,0.5276450814520193
2025-02-03 00:00:00+00:00,2025-02,0,0.5568562493397792,0.5276450814520193
2025-03-10 00:00:00+00:00,2025-03,0,0.3547287581971148,0.5378607805724964
2025-03-10 00:00:00+00:00,2025-03,0,0.3547287581971148,0.5378607805724964
2025-03-10 00:00:00+00:00,2025-03,0,0.3547287581971148,0.5378607805724964
2025-03-10 00:00:00+00:00,2025-03,0,0.3547287581971148,0.5378607805724964
2025-03-10 00:00:00+00:00,2025-03,0,0.3547287581971148,0.5378607805724964
2025-03-10 00:00:00+00:00,2025-03,0,0.3547287581971148,0.5378607805724964
2025-03-10 00:00:00+00:00,2025-03,0,0.3547287581971148,0.5378607805724964
2025-03-10 00:00:00+00:00,2025-03,0,0.3547287581971148,0.5378607805724964
2025-03-10 00:00:00+00:00,2025-03,0,0.37908375030042957,0.36281276718985433
2025-03-10 00:00:00+00:00,2025-03,0,0.37908375030042957,0.36281276718985433
2025-03-10 00:00:00+00:00,2025-03,0,0.37908375030042957,0.36281276718985433
2025-03-10 00:00:00+00:00,2025-03,0,0.37908375030042957,0.36281276718985433
2025-03-10 00:00:00+00:00,2025-03,0,0.37908375030042957,0.36281276718985433
2025-03-10 00:00:00+00:00,2025-03,0,0.37908375030042957,0.36281276718985433
2025-03-10 00:00:00+00:00,2025-03,0,0.37908375030042957,0.36281276718985433
2025-03-10 00:00:00+00:00,2025-03,0,0.37908375030042957,0.36281276718985433
2025-03-19 00:00:00+00:00,2025-03,0,0.4281353929342738,0.5398588030027791
2025-03-19 00:00:00+00:00,2025-03,0,0.4281353929342738,0.5398588030027791
2025-03-19 00:00:00+00:00,2025-03,0,0.4281353929342738,0.5398588030027791
2025-03-19 00:00:00+00:00,2025-03,0,0.4281353929342738,0.5398588030027791
2025-03-19 00:00:00+00:00,2025-03,0,0.4281353929342738,0.5398588030027791
2025-03-19 00:00:00+00:00,2025-03,0,0.4281353929342738,0.5398588030027791
2025-03-31 00:00:00+00:00,2025-03,0,0.4329327172725282,0.6343706182743415
2025-03-31 00:00:00+00:00,2025-03,0,0.4329327172725282,0.6343706182743415
2025-03-31 00:00:00+00:00,2025-03,0,0.4329327172725282,0.6343706182743415
2025-03-31 00:00:00+00:00,2025-03,1,0.4329327172725282,0.6343706182743415
2025-03-31 00:00:00+00:00,2025-03,0,0.4329327172725282,0.6343706182743415
2025-03-31 00:00:00+00:00,2025-03,0,0.4329327172725282,0.6343706182743415
2025-03-31 00:00:00+00:00,2025-03,0,0.4329327172725282,0.6343706182743415
2025-03-31 00:00:00+00:00,2025-03,0,0.4329327172725282,0.6343706182743415
2025-04-22 00:00:00+00:00,2025-04,0,0.4900495211928427,0.470150184824398
2025-04-22 00:00:00+00:00,2025-04,0,0.4900495211928427,0.470150184824398
2025-04-22 00:00:00+00:00,2025-04,0,0.4900495211928427,0.470150184824398
2025-04-22 00:00:00+00:00,2025-04,0,0.4900495211928427,0.470150184824398
2025-04-22 00:00:00+00:00,2025-04,0,0.4900495211928427,0.470150184824398
2025-04-22 00:00:00+00:00,2025-04,0,0.4900495211928427,0.470150184824398
2025-07-30 00:00:00+00:00,2025-07,0,0.4422190945706499,0.5584545021039806
2025-07-30 00:00:00+00:00,2025-07,1,0.4422190945706499,0.5584545021039806
2025-07-30 00:00:00+00:00,2025-07,0,0.4422190945706499,0.5584545021039806
2025-07-30 00:00:00+00:00,2025-07,0,0.4422190945706499,0.5584545021039806
2025-07-30 00:00:00+00:00,2025-07,0,0.4422190945706499,0.5584545021039806
2025-07-30 00:00:00+00:00,2025-07,0,0.4422190945706499,0.5584545021039806
2025-07-30 00:00:00+00:00,2025-07,1,0.4422190945706499,0.5584545021039806
2025-08-01 00:00:00+00:00,2025-08,0,0.38974423512284284,0.4217165359966135
2025-08-01 00:00:00+00:00,2025-08,0,0.38974423512284284,0.4217165359966135
2025-08-01 00:00:00+00:00,2025-08,0,0.38974423512284284,0.4217165359966135
2025-08-01 00:00:00+00:00,2025-08,0,0.38974423512284284,0.4217165359966135
2025-08-08 00:00:00+00:00,2025-08,0,0.42663531955704187,0.31417056778367564
2025-08-08 00:00:00+00:00,2025-08,0,0.42663531955704187,0.31417056778367564
2025-08-08 00:00:00+00:00,2025-08,0,0.42663531955704187,0.31417056778367564
2025-08-08 00:00:00+00:00,2025-08,1,0.42663531955704187,0.31417056778367564
2025-08-08 00:00:00+00:00,2025-08,0,0.42663531955704187,0.31417056778367564
2025-08-08 00:00:00+00:00,2025-08,0,0.42663531955704187,0.31417056778367564
2025-08-08 00:00:00+00:00,2025-08,0,0.42663531955704187,0.31417056778367564
2025-08-08 00:00:00+00:00,2025-08,0,0.42663531955704187,0.31417056778367564
2025-08-13 00:00:00+00:00,2025-08,0,0.42073989377395604,0.30802835220766855
2025-08-13 00:00:00+00:00,2025-08,0,0.42073989377395604,0.30802835220766855
2025-08-13 00:00:00+00:00,2025-08,0,0.42073989377395604,0.30802835220766855
2025-08-13 00:00:00+00:00,2025-08,0,0.42073989377395604,0.30802835220766855
2025-08-13 00:00:00+00:00,2025-08,0,0.42073989377395604,0.30802835220766855
2025-08-13 00:00:00+00:00,2025-08,0,0.42073989377395604,0.30802835220766855
2025-08-13 00:00:00+00:00,2025-08,0,0.42073989377395604,0.30802835220766855
2025-08-13 00:00:00+00:00,2025-08,0,0.42073989377395604,0.30802835220766855
2025-08-14 00:00:00+00:00,2025-08,0,0.4445155365540987,0.4204141781720971
2025-08-14 00:00:00+00:00,2025-08,0,0.4445155365540987,0.4204141781720971
2025-08-14 00:00:00+00:00,2025-08,0,0.4445155365540987,0.4204141781720971
2025-08-14 00:00:00+00:00,2025-08,0,0.4445155365540987,0.4204141781720971
2025-08-14 00:00:00+00:00,2025-08,0,0.4445155365540987,0.4204141781720971
2025-08-14 00:00:00+00:00,2025-08,0,0.4445155365540987,0.4204141781720971
2025-08-14 00:00:00+00:00,2025-08,0,0.4445155365540987,0.4204141781720971
2025-08-22 00:00:00+00:00,2025-08,0,0.4101857341480959,0.429350730424893
2025-08-22 00:00:00+00:00,2025-08,0,0.4101857341480959,0.429350730424893
2025-08-22 00:00:00+00:00,2025-08,0,0.4101857341480959,0.429350730424893
2025-08-22 00:00:00+00:00,2025-08,0,0.4101857341480959,0.429350730424893
2025-08-22 00:00:00+00:00,2025-08,0,0.4101857341480959,0.429350730424893
2025-08-22 00:00:00+00:00,2025-08,0,0.4101857341480959,0.429350730424893
2025-08-22 00:00:00+00:00,2025-08,0,0.4101857341480959,0.429350730424893
2025-08-29 00:00:00+00:00,2025-08,0,0.43172186419178765,0.5617227472417434
2025-08-29 00:00:00+00:00,2025-08,0,0.43172186419178765,0.5617227472417434
2025-08-29 00:00:00+00:00,2025-08,0,0.43172186419178765,0.5617227472417434
2025-08-29 00:00:00+00:00,2025-08,1,0.43172186419178765,0.5617227472417434
2025-08-29 00:00:00+00:00,2025-08,0,0.43172186419178765,0.5617227472417434
2025-08-29 00:00:00+00:00,2025-08,0,0.43172186419178765,0.5617227472417434
2025-08-29 00:00:00+00:00,2025-08,0,0.43172186419178765,0.5617227472417434
2025-08-29 00:00:00+00:00,2025-08,0,0.43172186419178765,0.5617227472417434
2025-09-09 00:00:00+00:00,2025-09,0,0.40904742246957976,0.3518975119351128
2025-09-09 00:00:00+00:00,2025-09,0,0.40904742246957976,0.3518975119351128
2025-09-09 00:00:00+00:00,2025-09,1,0.40904742246957976,0.3518975119351128
2025-09-09 00:00:00+00:00,2025-09,0,0.40904742246957976,0.3518975119351128
2025-09-09 00:00:00+00:00,2025-09,0,0.40904742246957976,0.3518975119351128
2025-09-09 00:00:00+00:00,2025-09,0,0.40904742246957976,0.3518975119351128
2025-09-09 00:00:00+00:00,2025-09,0,0.40904742246957976,0.3518975119351128
2025-09-09 00:00:00+00:00,2025-09,0,0.40904742246957976,0.3518975119351128
2025-09-10 00:00:00+00:00,2025-09,0,0.5585736635755295,0.5220205949398109
2025-09-10 00:00:00+00:00,2025-09,0,0.5585736635755295,0.5220205949398109
2025-09-10 00:00:00+00:00,2025-09,0,0.5585736635755295,0.5220205949398109
2025-09-10 00:00:00+00:00,2025-09,0,0.5585736635755295,0.5220205949398109
2025-09-10 00:00:00+00:00,2025-09,0,0.5585736635755295,0.5220205949398109
2025-09-10 00:00:00+00:00,2025-09,0,0.5585736635755295,0.5220205949398109
2025-09-10 00:00:00+00:00,2025-09,0,0.5585736635755295,0.5220205949398109
2025-09-10 00:00:00+00:00,2025-09,0,0.49434855432497005,0.4466033447631748
2025-09-10 00:00:00+00:00,2025-09,0,0.49434855432497005,0.4466033447631748
2025-09-24 00:00:00+00:00,2025-09,0,0.48603806393072496,0.5105003008722735
2025-09-24 00:00:00+00:00,2025-09,0,0.48603806393072496,0.5105003008722735
2025-09-24 00:00:00+00:00,2025-09,1,0.48603806393072496,0.5105003008722735
2025-09-24 00:00:00+00:00,2025-09,0,0.48603806393072496,0.5105003008722735
2025-09-24 00:00:00+00:00,2025-09,0,0.48603806393072496,0.5105003008722735
2025-09-24 00:00:00+00:00,2025-09,0,0.48603806393072496,0.5105003008722735
2025-09-24 00:00:00+00:00,2025-09,0,0.48603806393072496,0.5105003008722735
2025-09-29 00:00:00+00:00,2025-09,0,0.5440915639059235,0.6071332902708623
2025-09-29 00:00:00+00:00,2025-09,0,0.5440915639059235,0.6071332902708623
2025-09-29 00:00:00+00:00,2025-09,1,0.5440915639059235,0.6071332902708623
2025-09-29 00:00:00+00:00,2025-09,1,0.5440915639059235,0.6071332902708623
2025-09-29 00:00:00+00:00,2025-09,0,0.5440915639059235,0.6071332902708623
2025-09-29 00:00:00+00:00,2025-09,0,0.5440915639059235,0.6071332902708623
2025-09-29 00:00:00+00:00,2025-09,0,0.5440915639059235,0.6071332902708623
2025-01-09 00:00:00+00:00,2025-01,0,0.5098847327023183,0.4294607868177253
2025-01-09 00:00:00+00:00,2025-01,0,0.5098847327023183,0.4294607868177253
2025-01-09 00:00:00+00:00,2025-01,0,0.5098847327023183,0.4294607868177253
2025-01-09 00:00:00+00:00,2025-01,0,0.5098847327023183,0.4294607868177253
2025-01-09 00:00:00+00:00,2025-01,0,0.5098847327023183,0.4294607868177253
2025-01-09 00:00:00+00:00,2025-01,0,0.5098847327023183,0.4294607868177253
2025-01-09 00:00:00+00:00,2025-01,0,0.5098847327023183,0.4294607868177253
2025-01-09 00:00:00+00:00,2025-01,1,0.5098847327023183,0.4294607868177253
2025-01-24 00:00:00+00:00,2025-01,0,0.3911484120452949,0.5618059016973381
2025-01-24 00:00:00+00:00,2025-01,1,0.3911484120452949,0.5618059016973381
2025-01-24 00:00:00+00:00,2025-01,0,0.3911484120452949,0.5618059016973381
2025-01-24 00:00:00+00:00,2025-01,1,0.3911484120452949,0.5618059016973381
2025-01-24 00:00:00+00:00,2025-01,1,0.3911484120452949,0.5618059016973381
2025-01-24 00:00:00+00:00,2025-01,1,0.3911484120452949,0.5618059016973381
2025-01-24 00:00:00+00:00,2025-01,0,0.3911484120452949,0.5618059016973381
2025-01-24 00:00:00+00:00,2025-01,0,0.3911484120452949,0.5618059016973381
2025-05-14 00:00:00+00:00,2025-05,0,0.5347709015181356,0.45913001772416057
2025-05-14 00:00:00+00:00,2025-05,0,0.5347709015181356,0.45913001772416057
2025-05-14 00:00:00+00:00,2025-05,0,0.5347709015181356,0.45913001772416057
2025-05-14 00:00:00+00:00,2025-05,0,0.5347709015181356,0.45913001772416057
2025-05-14 00:00:00+00:00,2025-05,0,0.5347709015181356,0.45913001772416057
2025-05-19 00:00:00+00:00,2025-05,0,0.5423021961767128,0.5453699272333621
2025-05-19 00:00:00+00:00,2025-05,0,0.5423021961767128,0.5453699272333621
2025-05-19 00:00:00+00:00,2025-05,0,0.5423021961767128,0.5453699272333621
2025-05-19 00:00:00+00:00,2025-05,0,0.5423021961767128,0.5453699272333621
2025-05-19 00:00:00+00:00,2025-05,0,0.5423021961767128,0.5453699272333621
2025-05-19 00:00:00+00:00,2025-05,0,0.5423021961767128,0.5453699272333621
2025-05-19 00:00:00+00:00,2025-05,0,0.5304924168048539,0.4675353226353778
2025-05-19 00:00:00+00:00,2025-05,0,0.5304924168048539,0.4675353226353778
2025-05-19 00:00:00+00:00,2025-05,0,0.5304924168048539,0.4675353226353778
2025-06-02 00:00:00+00:00,2025-06,0,0.47158973781786345,0.450747335588535
2025-06-02 00:00:00+00:00,2025-06,0,0.47158973781786345,0.450747335588535
2025-06-04 00:00:00+00:00,2025-06,0,0.3598855478311262,0.32974015050179667
2025-06-04 00:00:00+00:00,2025-06,0,0.3598855478311262,0.32974015050179667
2025-06-04 00:00:00+00:00,2025-06,0,0.3598855478311262,0.32974015050179667
2025-06-04 00:00:00+00:00,2025-06,0,0.3598855478311262,0.32974015050179667
2025-06-04 00:00:00+00:00,2025-06,0,0.3598855478311262,0.32974015050179667
2025-06-04 00:00:00+00:00,2025-06,0,0.3598855478311262,0.32974015050179667
2025-06-04 00:00:00+00:00,2025-06,0,0.3598855478311262,0.32974015050179667
2025-07-03 00:00:00+00:00,2025-07,0,0.49896976940437854,0.613529889152898
2025-07-03 00:00:00+00:00,2025-07,0,0.49896976940437854,0.613529889152898
2025-07-03 00:00:00+00:00,2025-07,0,0.49896976940437854,0.613529889152898
2025-07-03 00:00:00+00:00,2025-07,0,0.49896976940437854,0.613529889152898
2025-07-03 00:00:00+00:00,2025-07,0,0.49896976940437854,0.613529889152898
2025-07-03 00:00:00+00:00,2025-07,0,0.49896976940437854,0.613529889152898
2025-07-04 00:00:00+00:00,2025-07,0,0.5090394077698209,0.49831424461664364
2025-07-04 00:00:00+00:00,2025-07,1,0.5090394077698209,0.49831424461664364
2025-07-04 00:00:00+00:00,2025-07,1,0.5090394077698209,0.49831424461664364
2025-07-04 00:00:00+00:00,2025-07,0,0.5090394077698209,0.49831424461664364
2025-07-04 00:00:00+00:00,2025-07,1,0.5090394077698209,0.49831424461664364
2025-07-04 00:00:00+00:00,2025-07,1,0.5090394077698209,0.49831424461664364
2025-07-04 00:00:00+00:00,2025-07,0,0.5090394077698209,0.49831424461664364
2025-07-09 00:00:00+00:00,2025-07,0,0.5055407620918543,0.5598258980555906
2025-07-09 00:00:00+00:00,2025-07,0,0.5055407620918543,0.5598258980555906
2025-07-09 00:00:00+00:00,2025-07,0,0.5055407620918543,0.5598258980555906
2025-07-09 00:00:00+00:00,2025-07,0,0.5055407620918543,0.5598258980555906
2025-07-09 00:00:00+00:00,2025-07,0,0.5055407620918543,0.5598258980555906
2025-07-21 00:00:00+00:00,2025-07,0,0.396865394773998,0.2914203049320222
2025-07-21 00:00:00+00:00,2025-07,0,0.396865394773998,0.2914203049320222
2025-07-21 00:00:00+00:00,2025-07,0,0.396865394773998,0.2914203049320222
2025-07-21 00:00:00+00:00,2025-07,1,0.396865394773998,0.2914203049320222
2025-07-21 00:00:00+00:00,2025-07,0,0.396865394773998,0.2914203049320222
2025-07-21 00:00:00+00:00,2025-07,0,0.396865394773998,0.2914203049320222
2025-07-21 00:00:00+00:00,2025-07,0,0.396865394773998,0.2914203049320222
2025-07-21 00:00:00+00:00,2025-07,0,0.396865394773998,0.2914203049320222
2025-09-15 00:00:00+00:00,2025-09,0,0.3704619016705278,0.4046949522456303
2025-09-15 00:00:00+00:00,2025-09,0,0.3704619016705278,0.4046949522456303
2025-09-15 00:00:00+00:00,2025-09,0,0.3704619016705278,0.4046949522456303
2025-09-15 00:00:00+00:00,2025-09,0,0.3704619016705278,0.4046949522456303
2025-09-15 00:00:00+00:00,2025-09,0,0.3704619016705278,0.4046949522456303
2025-09-15 00:00:00+00:00,2025-09,0,0.3704619016705278,0.4046949522456303
2025-09-15 00:00:00+00:00,2025-09,0,0.3704619016705278,0.4046949522456303
2025-09-15 00:00:00+00:00,2025-09,0,0.3704619016705278,0.4046949522456303
2025-09-19 00:00:00+00:00,2025-09,0,0.5317170436390543,0.5864193396580607
2025-09-19 00:00:00+00:00,2025-09,0,0.5317170436390543,0.5864193396580607
2025-09-19 00:00:00+00:00,2025-09,0,0.5317170436390543,0.5864193396580607
